customer_id,customer_name,age,gender,region,employment_status,annual_income,credit_score,debt_to_income_ratio,total_txn_amount,txn_count,avg_txn_amount,outlier_txn_count,total_loan_amount,active_loans,defaulted_loans,late_loans,risk_score,risk_band
CUST-00001,Customer_1,47,M,North,Self-Employed,55489.81,743,0.499,1642.94,37,44.40378378378379,2,34220.5,1.0,0.0,0.0,20.09,Low
CUST-00002,Customer_2,54,M,South,Self-Employed,46248.72,733,0.294,719.33,15,47.955333333333336,1,11931.02,0.0,0.0,0.0,16.82,Low
CUST-00003,Customer_3,21,M,Central,Employed,43947.1,593,0.446,1839.0900000000001,35,52.54542857142857,2,44614.69,1.0,0.0,0.0,26.01,Medium
CUST-00004,Customer_4,18,M,South,Employed,62139.71,556,0.229,2827.54,50,56.5508,3,9442.64,1.0,0.0,0.0,23.29,Low
CUST-00005,Customer_5,34,M,Central,Employed,50999.36,630,0.632,1580.33,31,50.97838709677419,1,105604.4,2.0,0.0,1.0,33.41,Medium
CUST-00006,Customer_6,41,F,South,Employed,94126.95,575,0.611,2881.21,26,110.81576923076923,5,24417.53,0.0,0.0,0.0,30.06,Medium
CUST-00007,Customer_7,50,M,South,Self-Employed,65791.94,674,0.211,2827.36,54,52.35851851851852,3,0.0,0.0,0.0,0.0,17.9,Low
CUST-00008,Customer_8,35,F,South,Employed,72329.7,526,0.408,4043.02,48,84.22958333333334,6,0.0,0.0,0.0,0.0,28.65,Medium
CUST-00009,Customer_9,33,F,North,Employed,83819.58,777,0.476,2758.62,31,88.98774193548387,5,98279.32,2.0,0.0,0.0,16.32,Low
CUST-00010,Customer_10,34,F,East,Self-Employed,71839.87,772,0.264,1172.44,25,46.897600000000004,1,45952.99,0.0,0.0,0.0,13.43,Low
CUST-00011,Customer_11,51,M,West,Employed,126238.97,678,0.361,6077.84,46,132.12695652173915,10,0.0,0.0,0.0,0.0,19.22,Low
CUST-00012,Customer_12,51,F,North,Self-Employed,58705.91,825,0.021,1670.64,35,47.73257142857143,2,81740.12,1.0,0.0,0.0,6.01,Low
CUST-00013,Customer_13,43,F,Central,Employed,50794.63,693,0.409,1442.47,26,55.479615384615386,3,0.0,0.0,0.0,0.0,19.93,Low
CUST-00014,Customer_14,39,M,South,Unemployed,47345.27,730,0.547,1546.56,36,42.96,2,0.0,0.0,0.0,0.0,25.96,Medium
CUST-00015,Customer_15,48,M,North,Employed,127328.31,700,0.217,7801.9,53,147.20566037735847,13,364534.30000000005,0.0,2.0,1.0,35.27,Medium
CUST-00016,Customer_16,57,F,South,Employed,50992.1,446,0.407,1159.23,25,46.3692,2,60966.03,2.0,0.0,0.0,33.18,Medium
CUST-00017,Customer_17,32,F,North,Self-Employed,67387.6,502,0.111,3107.67,41,75.79682926829268,4,106821.45999999999,0.0,1.0,0.0,37.47,Medium
CUST-00018,Customer_18,41,M,South,Employed,23850.79,588,0.174,788.8100000000001,39,20.225897435897437,0,168721.14,1.0,0.0,0.0,21.28,Low
CUST-00019,Customer_19,71,M,East,Unemployed,77867.56,661,0.272,1768.57,32,55.2678125,2,53208.45,2.0,0.0,0.0,23.67,Low
CUST-00020,Customer_20,51,M,South,Unemployed,31812.48,615,0.295,440.77,19,23.198421052631577,0,52649.67,0.0,0.0,1.0,33.39,Medium
CUST-00021,Customer_21,25,F,West,Employed,36888.22,691,0.179,1304.71,30,43.49033333333333,1,67317.83,1.0,0.0,0.0,15.41,Low
CUST-00022,Customer_22,62,F,South,Self-Employed,96806.96,685,0.38,3123.9,24,130.1625,4,35677.48,0.0,0.0,0.0,20.78,Low
CUST-00023,Customer_23,47,F,South,Employed,84229.59,670,0.354,2061.72,33,62.47636363636363,3,136509.76,0.0,0.0,0.0,19.36,Low
CUST-00024,Customer_24,37,F,Central,Employed,81297.21,778,0.605,3037.49,37,82.09432432432432,4,29076.36,1.0,0.0,0.0,18.62,Low
CUST-00025,Customer_25,44,F,East,Employed,27118.66,792,0.608,1297.92,28,46.354285714285716,1,221730.87,0.0,1.0,0.0,30.86,Medium
CUST-00026,Customer_26,49,F,North,Unemployed,116936.8,705,0.408,6180.21,42,147.14785714285713,11,85462.31,2.0,0.0,0.0,24.5,Low
CUST-00027,Customer_27,33,M,South,Self-Employed,65917.43,575,0.335,1671.73,36,46.43694444444444,0,66067.51000000001,2.0,0.0,0.0,25.5,Medium
CUST-00028,Customer_28,32,F,Central,Employed,32153.11,754,0.409,679.73,29,23.438965517241378,0,22363.36,1.0,0.0,0.0,16.57,Low
CUST-00029,Customer_29,64,F,Central,Employed,28185.72,615,0.473,736.92,32,23.02875,1,0.0,0.0,0.0,0.0,25.75,Medium
CUST-00030,Customer_30,74,M,North,Self-Employed,63042.92,558,0.438,1502.66,32,46.958125,1,281334.93,2.0,0.0,0.0,28.7,Medium
CUST-00031,Customer_31,47,F,East,Employed,55922.79,751,0.193,1833.21,28,65.47178571428572,2,172850.69,2.0,0.0,0.0,12.12,Low
CUST-00032,Customer_32,30,M,West,Employed,45155.58,748,0.434,995.31,27,36.86333333333333,0,22715.02,1.0,0.0,0.0,17.0,Low
CUST-00033,Customer_33,43,F,Central,Unemployed,107106.93,689,0.336,2795.36,33,84.7078787878788,4,13217.46,1.0,0.0,0.0,23.33,Low
CUST-00034,Customer_34,52,M,East,Unemployed,42952.61,712,0.304,1030.41,22,46.83681818181819,1,0.0,0.0,0.0,0.0,22.15,Low
CUST-00035,Customer_35,85,M,South,Employed,124490.51,773,0.333,3632.44,35,103.784,7,49727.740000000005,2.0,0.0,0.0,13.41,Low
CUST-00036,Customer_36,43,M,Central,Employed,37393.01,681,0.189,551.87,16,34.491875,0,0.0,0.0,0.0,0.0,15.97,Low
CUST-00037,Customer_37,22,M,East,Retired,36635.9,654,0.52,1946.49,54,36.04611111111111,0,107933.5,1.0,0.0,0.0,26.09,Medium
CUST-00038,Customer_38,70,F,South,Employed,165029.18,807,0.705,14008.539999999999,55,254.70072727272725,17,94822.48999999999,2.0,1.0,0.0,31.2,Medium
CUST-00039,Customer_39,44,M,North,Self-Employed,46888.4,534,0.116,2009.58,47,42.757021276595744,1,0.0,0.0,0.0,0.0,23.87,Low
CUST-00040,Customer_40,45,M,Central,Unemployed,24668.32,770,0.297,455.68,30,15.189333333333334,0,55704.26,1.0,0.0,0.0,19.27,Low
CUST-00041,Customer_41,54,F,Central,Employed,40058.34,569,0.155,422.75,15,28.183333333333334,0,0.0,0.0,0.0,0.0,21.32,Low
CUST-00042,Customer_42,26,F,South,Retired,56510.67,505,0.168,727.74,15,48.516,0,0.0,0.0,0.0,0.0,26.66,Medium
CUST-00043,Customer_43,43,M,East,Employed,61832.22,850,0.289,4698.9,49,95.89591836734694,6,16486.19,1.0,0.0,0.0,8.77,Low
CUST-00044,Customer_44,39,F,West,Retired,61913.48,743,0.208,2436.91,54,45.12796296296296,1,210994.39,0.0,0.0,0.0,14.47,Low
CUST-00045,Customer_45,27,M,South,Employed,87357.72,691,0.394,1810.45,22,82.29318181818182,4,53755.54,1.0,0.0,0.0,19.43,Low
CUST-00046,Customer_46,36,M,Central,Self-Employed,67116.09,764,0.307,2973.91,41,72.53439024390244,3,12377.67,1.0,0.0,0.0,14.98,Low
CUST-00047,Customer_47,52,M,North,Employed,101073.79,815,0.312,3101.52,23,134.84869565217392,5,37764.94,0.0,0.0,0.0,11.03,Low
CUST-00048,Customer_48,48,M,South,Employed,40515.08,524,0.121,2202.15,43,51.21279069767442,3,34642.92,0.0,1.0,0.0,35.43,Medium
CUST-00049,Customer_49,39,F,North,Employed,140656.06,645,0.236,1301.24,15,86.74933333333334,2,0.0,0.0,0.0,0.0,17.97,Low
CUST-00050,Customer_50,35,F,South,Employed,100914.47,663,0.405,4558.44,38,119.95894736842104,5,205311.75,2.0,0.0,0.0,20.75,Low
CUST-00051,Customer_51,40,F,South,Unemployed,171403.33,780,0.108,6649.99,36,184.72194444444443,15,70701.76,0.0,0.0,0.0,14.73,Low
CUST-00052,Customer_52,51,F,South,Employed,86411.92,622,0.233,1292.23,20,64.6115,2,179453.13,0.0,1.0,1.0,37.58,Medium
CUST-00053,Customer_53,40,F,East,Employed,83919.45,807,0.237,1573.53,20,78.6765,4,152276.48,1.0,0.0,0.0,10.1,Low
CUST-00054,Customer_54,55,M,North,Employed,46048.02,625,0.474,1288.79,34,37.90558823529412,0,98559.09,1.0,0.0,0.0,24.48,Low
CUST-00055,Customer_55,59,F,North,Employed,50702.05,684,0.223,3050.31,36,84.73083333333334,4,32726.31,1.0,0.0,0.0,16.68,Low
CUST-00056,Customer_56,57,F,South,Employed,91489.06,729,0.267,967.6700000000001,16,60.479375000000005,1,123451.6,2.0,0.0,0.0,14.16,Low
CUST-00057,Customer_57,37,F,South,Retired,62212.36,773,0.381,2452.11,35,70.06028571428571,3,84914.38,0.0,0.0,0.0,16.62,Low
CUST-00058,Customer_58,36,F,Central,Employed,166538.51,793,0.353,5310.09,24,221.25375,7,16255.54,1.0,0.0,0.0,12.83,Low
CUST-00059,Customer_59,32,M,North,Retired,54899.08,563,0.713,2810.16,52,54.04153846153846,3,93538.16,0.0,0.0,0.0,34.72,Medium
CUST-00060,Customer_60,46,M,South,Employed,36529.37,729,0.07,964.8599999999999,19,50.78210526315789,1,0.0,0.0,0.0,0.0,11.27,Low
CUST-00061,Customer_61,56,M,West,Retired,46256.32,530,0.478,828.39,27,30.68111111111111,0,0.0,0.0,0.0,0.0,31.74,Medium
CUST-00062,Customer_62,45,F,North,Retired,24911.0,631,0.313,454.05,23,19.741304347826087,0,32513.1,0.0,0.0,0.0,23.67,Low
CUST-00063,Customer_63,36,F,East,Employed,84336.28,588,0.462,1791.48,21,85.30857142857143,2,0.0,0.0,0.0,0.0,26.02,Medium
CUST-00064,Customer_64,48,F,South,Employed,25751.22,799,0.455,868.9200000000001,28,31.032857142857146,1,0.0,0.0,0.0,0.0,15.48,Low
CUST-00065,Customer_65,56,M,Central,Self-Employed,62139.38,850,0.679,2486.06,33,75.33515151515151,2,153576.07,1.0,0.0,0.0,17.76,Low
CUST-00066,Customer_66,38,F,North,Employed,85387.65,808,0.141,1879.67,21,89.50809523809524,3,0.0,0.0,0.0,0.0,7.82,Low
CUST-00067,Customer_67,54,M,North,Retired,22758.48,578,0.643,674.86,26,25.956153846153846,0,0.0,0.0,0.0,0.0,33.26,Medium
CUST-00068,Customer_68,53,M,North,Self-Employed,71817.63,683,0.391,1545.96,23,67.21565217391304,2,93864.8,1.0,0.0,0.0,21.06,Low
CUST-00069,Customer_69,41,M,West,Employed,111020.79,555,0.306,4824.95,46,104.89021739130435,9,26187.27,0.0,0.0,1.0,30.87,Medium
CUST-00070,Customer_70,28,M,Central,Self-Employed,78293.53,752,0.383,2239.36,28,79.97714285714287,3,134763.48,2.0,0.0,0.0,17.14,Low
CUST-00071,Customer_71,48,M,West,Self-Employed,38233.81,634,0.135,769.71,24,32.07125,0,68953.09,1.0,0.0,0.0,18.93,Low
CUST-00072,Customer_72,40,F,East,Employed,61277.85,731,0.502,3507.07,54,64.94574074074075,4,0.0,0.0,0.0,0.0,19.29,Low
CUST-00073,Customer_73,39,F,South,Employed,39933.6,737,0.37,1158.65,24,48.27708333333334,1,14951.04,1.0,0.0,0.0,16.67,Low
CUST-00074,Customer_74,34,F,West,Employed,20000.0,761,0.063,841.29,51,16.495882352941177,0,47729.47,0.0,0.0,0.0,9.84,Low
CUST-00075,Customer_75,55,M,North,Employed,138424.88,463,0.284,2850.55,19,150.02894736842106,7,99643.27,0.0,0.0,0.0,30.05,Medium
CUST-00076,Customer_76,29,M,North,Employed,41776.73,615,0.153,693.84,22,31.53818181818182,0,51089.38,1.0,0.0,0.0,18.72,Low
CUST-00077,Customer_77,52,F,South,Retired,37023.73,684,0.522,1488.25,46,32.35326086956522,2,62272.93,0.0,1.0,0.0,36.7,Medium
CUST-00078,Customer_78,37,M,South,Employed,41455.63,810,0.251,1553.3,55,28.241818181818182,0,32643.71,1.0,0.0,0.0,10.06,Low
CUST-00079,Customer_79,48,F,Central,Self-Employed,46538.7,628,0.301,974.64,29,33.608275862068965,1,92061.23999999999,1.0,0.0,0.0,22.52,Low
CUST-00080,Customer_80,18,M,Central,Employed,87251.78,720,0.367,1209.2,19,63.642105263157895,1,31606.11,1.0,0.0,0.0,16.66,Low
CUST-00081,Customer_81,51,M,South,Employed,80063.4,703,0.427,5632.91,53,106.28132075471697,6,0.0,0.0,0.0,0.0,19.2,Low
CUST-00082,Customer_82,35,M,Central,Employed,34505.51,710,0.022,337.42,17,19.848235294117647,0,7003.9,0.0,0.0,0.0,11.15,Low
CUST-00083,Customer_83,31,M,East,Employed,31999.39,709,0.826,600.73,15,40.04866666666667,0,0.0,0.0,0.0,0.0,27.37,Medium
CUST-00084,Customer_84,34,F,Central,Employed,90956.63,784,0.761,2807.89,34,82.585,3,0.0,0.0,0.0,0.0,21.18,Low
CUST-00085,Customer_85,32,M,North,Self-Employed,65732.65,693,0.248,1810.39,36,50.288611111111116,1,145243.53,3.0,0.0,0.0,17.47,Low
CUST-00086,Customer_86,34,F,North,Employed,82750.12,656,0.245,3791.39,41,92.47292682926829,8,58984.46,2.0,0.0,0.0,18.49,Low
CUST-00087,Customer_87,66,M,East,Employed,51605.74,770,0.184,1449.9,29,49.99655172413794,2,157360.72,1.0,0.0,0.0,10.98,Low
CUST-00088,Customer_88,54,F,Central,Employed,37648.57,542,0.246,1399.91,43,32.55604651162791,0,0.0,0.0,0.0,0.0,24.69,Low
CUST-00089,Customer_89,18,M,Central,Employed,36803.61,710,0.287,703.39,23,30.582173913043476,0,24756.22,1.0,0.0,0.0,16.37,Low
CUST-00090,Customer_90,48,M,West,Employed,118899.02,771,0.38,3381.16,32,105.66125,6,162248.96000000002,1.0,0.0,0.0,14.45,Low
CUST-00091,Customer_91,31,F,North,Retired,137361.89,721,0.202,6439.75,36,178.88194444444446,9,22604.52,0.0,0.0,0.0,15.76,Low
CUST-00092,Customer_92,57,M,North,Employed,46884.83,646,0.176,2050.7,40,51.2675,2,59718.43,1.0,0.0,0.0,17.6,Low
CUST-00093,Customer_93,58,F,Central,Self-Employed,24398.58,710,0.207,568.33,31,18.333225806451615,0,0.0,0.0,0.0,0.0,16.76,Low
CUST-00094,Customer_94,31,M,South,Retired,20000.0,701,0.643,1154.31,46,25.093695652173913,1,56875.69,0.0,1.0,0.0,38.82,Medium
CUST-00095,Customer_95,50,M,West,Employed,67458.88,724,0.495,3382.84,40,84.571,6,140989.88,2.0,0.0,0.0,19.8,Low
CUST-00096,Customer_96,44,F,West,Unemployed,63262.78,676,0.424,3946.98,35,112.77085714285714,6,9266.91,1.0,0.0,0.0,26.68,Medium
CUST-00097,Customer_97,55,M,East,Employed,43327.91,672,0.542,3261.5499999999997,55,59.30090909090909,5,19694.64,1.0,0.0,0.0,23.81,Low
CUST-00098,Customer_98,52,M,West,Retired,20000.0,664,0.448,550.87,21,26.23190476190476,0,88371.23999999999,1.0,0.0,0.0,24.83,Low
CUST-00099,Customer_99,62,F,South,Employed,32241.82,671,0.478,1277.92,23,55.56173913043479,1,29146.89,0.0,1.0,0.0,34.69,Medium
CUST-00100,Customer_100,54,F,East,Employed,21705.09,593,0.424,953.79,48,19.870625,0,68354.23000000001,0.0,0.0,1.0,32.12,Medium
CUST-00101,Customer_101,28,M,South,Employed,59897.17,699,0.208,2676.62,50,53.532399999999996,1,0.0,0.0,0.0,0.0,14.91,Low
CUST-00102,Customer_102,40,F,East,Employed,65203.61,850,0.181,1795.44,28,64.12285714285714,1,0.0,0.0,0.0,0.0,6.11,Low
CUST-00103,Customer_103,60,F,East,Self-Employed,20000.0,573,0.143,977.41,52,18.79634615384615,0,157632.25,1.0,0.0,0.0,23.19,Low
CUST-00104,Customer_104,40,F,North,Employed,80039.11,759,0.096,2269.84,24,94.57666666666667,2,64147.52,1.0,0.0,0.0,9.37,Low
CUST-00105,Customer_105,57,M,Central,Retired,40641.36,619,0.345,577.57,20,28.878500000000003,0,96827.8,1.0,0.0,0.0,24.38,Low
CUST-00106,Customer_106,37,M,North,Self-Employed,52782.3,758,0.212,3328.42,44,75.64590909090909,6,115019.5,2.0,0.0,0.0,14.01,Low
CUST-00107,Customer_107,55,F,West,Self-Employed,41711.06,600,0.051,954.01,28,34.07178571428572,1,0.0,0.0,0.0,0.0,19.18,Low
CUST-00108,Customer_108,27,M,West,Retired,38216.86,803,0.165,950.81,26,36.56961538461538,0,35625.04,2.0,0.0,0.0,10.81,Low
CUST-00109,Customer_109,63,F,North,Self-Employed,22824.55,635,0.461,849.45,36,23.595833333333335,0,24876.55,0.0,0.0,0.0,26.01,Medium
CUST-00110,Customer_110,67,M,East,Employed,86659.46,628,0.255,2998.27,19,157.8036842105263,5,49344.62,1.0,0.0,0.0,20.5,Low
CUST-00111,Customer_111,46,F,Central,Employed,24433.83,734,0.51,453.19,18,25.177222222222223,0,140127.65,3.0,0.0,0.0,20.01,Low
CUST-00112,Customer_112,61,M,East,Employed,142026.94,594,0.637,5565.3,42,132.50714285714287,10,135622.83000000002,1.0,0.0,0.0,29.28,Medium
CUST-00113,Customer_113,26,F,East,Employed,49443.84,702,0.099,956.22,16,59.76375,1,201918.56,1.0,0.0,0.0,13.01,Low
CUST-00114,Customer_114,58,M,South,Employed,36824.63,736,0.075,1611.89,17,94.81705882352942,2,15537.86,1.0,0.0,0.0,11.3,Low
CUST-00115,Customer_115,44,F,South,Self-Employed,83630.35,548,0.39,3069.15,37,82.95,4,79083.49,0.0,1.0,0.0,40.33,Medium
CUST-00116,Customer_116,37,F,Central,Unemployed,68417.66,701,0.332,1837.73,32,57.4290625,2,25376.239999999998,1.0,0.0,0.0,22.84,Low
CUST-00117,Customer_117,63,F,South,Employed,78814.77,732,0.117,1563.56,27,57.90962962962963,1,77559.29999999999,2.0,0.0,0.0,11.05,Low
CUST-00118,Customer_118,26,F,West,Employed,52868.61,780,0.282,2004.4499999999998,38,52.748684210526314,3,36229.63,0.0,0.0,0.0,12.42,Low
CUST-00119,Customer_119,54,M,Central,Employed,46650.58,741,0.238,1416.96,15,94.464,3,39194.05,1.0,0.0,0.0,14.42,Low
CUST-00120,Customer_120,43,M,North,Employed,33038.17,779,0.251,1090.89,31,35.190000000000005,1,43670.979999999996,0.0,0.0,0.0,12.18,Low
CUST-00121,Customer_121,53,F,North,Unemployed,45079.16,693,0.361,2408.1,54,44.59444444444444,3,0.0,0.0,0.0,0.0,24.32,Low
CUST-00122,Customer_122,57,M,East,Employed,54025.99,645,0.498,1368.31,25,54.7324,2,74790.62,2.0,0.0,0.0,24.08,Low
CUST-00123,Customer_123,45,M,North,Employed,97664.84,692,0.346,4663.59,36,129.54416666666668,4,152320.03,2.0,0.0,0.0,17.93,Low
CUST-00124,Customer_124,33,M,West,Employed,212011.11,652,0.155,2319.97,16,144.998125,5,53723.03,2.0,0.0,0.0,16.38,Low
CUST-00125,Customer_125,36,M,West,Employed,51278.07,563,0.4,2762.33,53,52.11943396226415,4,119685.27,1.0,0.0,0.0,26.63,Medium
CUST-00126,Customer_126,27,M,North,Retired,102886.05,665,0.25,3367.56,52,64.76076923076923,3,71884.54,0.0,1.0,0.0,31.15,Medium
CUST-00127,Customer_127,43,M,West,Employed,78499.55,711,0.692,1295.8500000000001,23,56.341304347826096,2,563741.96,0.0,0.0,0.0,23.95,Low
CUST-00128,Customer_128,34,F,North,Self-Employed,42168.85,792,0.586,576.23,16,36.014375,0,63218.98,1.0,0.0,0.0,19.22,Low
CUST-00129,Customer_129,35,M,West,Employed,84805.23,703,0.166,1618.39,24,67.43291666666667,2,133374.32,2.0,0.0,0.0,13.76,Low
CUST-00130,Customer_130,43,F,West,Self-Employed,42743.24,650,0.325,1298.74,18,72.15222222222222,1,42669.06,1.0,0.0,0.0,22.0,Low
CUST-00131,Customer_131,39,F,Central,Employed,38597.26,560,0.29,889.63,31,28.697741935483872,0,0.0,0.0,0.0,0.0,24.56,Low
CUST-00132,Customer_132,41,F,West,Employed,45040.34,705,0.217,1831.28,39,46.955897435897434,1,38246.09,1.0,0.0,0.0,15.13,Low
CUST-00133,Customer_133,36,F,Central,Employed,106328.48,746,0.543,3068.16,26,118.00615384615384,4,38966.49,1.0,0.0,0.0,19.04,Low
CUST-00134,Customer_134,45,F,West,Employed,94020.23,730,0.351,1807.98,21,86.09428571428572,5,0.0,0.0,0.0,0.0,16.64,Low
CUST-00135,Customer_135,39,M,East,Employed,64905.82,793,0.172,756.95,21,36.0452380952381,0,92783.97,2.0,0.0,0.0,8.87,Low
CUST-00136,Customer_136,46,M,South,Employed,66509.79,689,0.1,884.34,15,58.956,1,124020.16,2.0,0.0,0.0,13.41,Low
CUST-00137,Customer_137,38,M,South,Employed,67543.88,707,0.41,3777.8,54,69.95925925925927,5,0.0,0.0,0.0,0.0,18.74,Low
CUST-00138,Customer_138,24,F,Central,Employed,46838.53,702,0.599,1930.1499999999999,42,45.955952380952375,2,49503.14,1.0,1.0,0.0,35.0,Medium
CUST-00139,Customer_139,56,M,West,Employed,25906.45,634,0.387,531.3,25,21.252,0,117193.26,0.0,0.0,0.0,22.93,Low
CUST-00140,Customer_140,18,M,Central,Employed,44118.76,850,0.328,1523.06,36,42.30722222222222,2,172140.22999999998,0.0,0.0,0.0,9.62,Low
CUST-00141,Customer_141,29,F,East,Unemployed,88397.24,706,0.255,3861.0699999999997,38,101.60710526315789,7,0.0,0.0,0.0,0.0,21.33,Low
CUST-00142,Customer_142,28,F,Central,Self-Employed,165322.0,588,0.238,6246.29,32,195.1965625,10,64321.1,1.0,0.0,0.0,23.32,Low
CUST-00143,Customer_143,46,M,West,Employed,62368.36,664,0.495,1162.39,16,72.649375,3,68925.95,1.0,0.0,0.0,23.35,Low
CUST-00144,Customer_144,45,F,North,Employed,52757.91,748,0.355,3308.91,55,60.162,5,65546.96,0.0,0.0,0.0,15.69,Low
CUST-00145,Customer_145,57,F,South,Unemployed,119021.68,729,0.176,5377.78,52,103.41884615384615,10,9309.71,1.0,0.0,0.0,18.18,Low
CUST-00146,Customer_146,25,M,Central,Employed,50319.41,618,0.242,2978.81,51,58.40803921568627,3,218110.84999999998,1.0,0.0,0.0,20.41,Low
CUST-00147,Customer_147,34,F,Central,Self-Employed,51416.05,682,0.366,1952.52,36,54.236666666666665,1,72065.64,1.0,0.0,0.0,20.72,Low
CUST-00148,Customer_148,54,M,West,Employed,32810.51,718,0.507,1580.81,55,28.741999999999997,0,137611.62,1.0,1.0,0.0,32.47,Medium
CUST-00149,Customer_149,41,M,North,Employed,224384.07,682,0.239,8968.83,33,271.78272727272724,23,0.0,0.0,0.0,0.0,18.27,Low
CUST-00150,Customer_150,31,M,West,Employed,61127.26,660,0.42,1150.45,23,50.0195652173913,1,45549.73,0.0,0.0,0.0,21.37,Low
CUST-00151,Customer_151,38,F,East,Unemployed,103144.43,741,0.287,1280.83,15,85.38866666666667,1,25447.74,1.0,0.0,1.0,25.29,Medium
CUST-00152,Customer_152,63,F,East,Unemployed,72901.11,720,0.313,1085.68,16,67.855,2,245031.85,1.0,0.0,0.0,21.66,Low
CUST-00153,Customer_153,35,M,Central,Employed,63767.14,770,0.188,1661.2,29,57.282758620689656,1,43770.46,0.0,0.0,0.0,10.64,Low
CUST-00154,Customer_154,37,F,South,Self-Employed,67003.64,592,0.243,1389.8,18,77.21111111111111,2,55191.35,1.0,0.0,0.0,23.27,Low
CUST-00155,Customer_155,67,M,North,Retired,35836.87,752,0.13,619.29,16,38.705625,0,48738.97,1.0,0.0,0.0,12.97,Low
CUST-00156,Customer_156,55,M,Central,Employed,56336.43,768,0.599,2405.0099999999998,54,44.53722222222222,1,348280.27,1.0,0.0,0.0,19.03,Low
CUST-00157,Customer_157,24,F,North,Self-Employed,25361.97,850,0.172,1197.34,32,37.416875,1,276849.31,1.0,0.0,0.0,8.53,Low
CUST-00158,Customer_158,22,F,East,Unemployed,43694.49,757,0.22,1629.72,48,33.9525,1,24946.85,0.0,0.0,0.0,17.87,Low
CUST-00159,Customer_159,58,M,South,Retired,74674.51,623,0.397,3305.17,54,61.20685185185185,1,0.0,0.0,0.0,0.0,24.57,Low
CUST-00160,Customer_160,40,M,East,Self-Employed,107400.58,483,0.392,2513.07,17,147.82764705882354,4,0.0,0.0,0.0,0.0,32.26,Medium
CUST-00161,Customer_161,28,F,West,Retired,93340.67,572,0.563,1562.24,19,82.22315789473684,3,95253.74,1.0,0.0,0.0,31.1,Medium
CUST-00162,Customer_162,23,M,Central,Self-Employed,51543.54,496,0.556,1666.3899999999999,42,39.67595238095238,0,188914.14,1.0,1.0,1.0,52.52,High
CUST-00163,Customer_163,36,M,North,Self-Employed,37755.52,731,0.319,2281.4900000000002,50,45.6298,0,54872.89,1.0,0.0,0.0,17.34,Low
CUST-00164,Customer_164,46,M,Central,Unemployed,122309.03,657,0.381,3621.6000000000004,21,172.45714285714288,5,83119.92,0.0,1.0,1.0,44.4,Medium
CUST-00165,Customer_165,41,F,East,Employed,55714.53,591,0.25,2159.23,55,39.25872727272727,1,0.0,0.0,0.0,0.0,21.72,Low
CUST-00166,Customer_166,43,F,North,Unemployed,76794.95,672,0.28,1922.72,23,83.59652173913044,3,154330.66,2.0,0.0,0.0,23.58,Low
CUST-00167,Customer_167,40,F,North,Employed,35733.46,742,0.434,928.92,21,44.23428571428571,1,30945.13,0.0,0.0,0.0,17.84,Low
CUST-00168,Customer_168,48,F,South,Employed,36154.7,682,0.565,1948.73,50,38.9746,1,0.0,0.0,0.0,0.0,23.58,Low
CUST-00169,Customer_169,54,F,Central,Unemployed,66746.78,725,0.13,2858.35,42,68.05595238095238,4,0.0,0.0,0.0,0.0,17.68,Low
CUST-00170,Customer_170,32,F,West,Employed,70484.32,775,0.166,2279.65,26,87.67884615384615,4,191971.96,3.0,0.0,0.0,10.4,Low
CUST-00171,Customer_171,47,F,East,Unemployed,23703.26,600,0.406,1387.8899999999999,47,29.529574468085105,1,33743.81,1.0,0.0,0.0,30.88,Medium
CUST-00172,Customer_172,57,M,East,Retired,51856.21,695,0.268,1088.28,29,37.526896551724136,1,0.0,0.0,0.0,0.0,18.57,Low
CUST-00173,Customer_173,24,F,Central,Self-Employed,36796.58,824,0.128,2897.49,54,53.65722222222222,1,13908.99,1.0,0.0,0.0,8.57,Low
CUST-00174,Customer_174,44,F,North,Employed,40738.8,783,0.427,1792.56,45,39.834666666666664,1,0.0,0.0,0.0,0.0,15.18,Low
CUST-00175,Customer_175,38,M,West,Employed,46637.75,683,0.295,969.2,25,38.768,0,0.0,0.0,0.0,0.0,17.72,Low
CUST-00176,Customer_176,69,F,East,Employed,89217.57,746,0.325,5346.8,41,130.40975609756097,5,0.0,0.0,0.0,0.0,14.72,Low
CUST-00177,Customer_177,45,F,Central,Employed,53965.86,734,0.422,647.96,15,43.19733333333333,1,33039.01,1.0,0.0,0.0,17.64,Low
CUST-00178,Customer_178,53,M,North,Employed,42633.87,512,0.497,2089.76,45,46.43911111111112,4,0.0,0.0,0.0,0.0,31.64,Medium
CUST-00179,Customer_179,53,F,Central,Unemployed,55611.9,670,0.147,1885.25,31,60.814516129032256,4,50072.79,1.0,0.0,0.0,21.41,Low
CUST-00180,Customer_180,43,F,West,Employed,35757.83,810,0.294,1899.9,54,35.18333333333334,1,356864.62,1.0,1.0,0.0,23.18,Low
CUST-00181,Customer_181,36,M,East,Employed,116236.75,719,0.241,3288.36,27,121.79111111111112,8,34261.16,0.0,0.0,0.0,15.07,Low
CUST-00182,Customer_182,55,M,East,Self-Employed,50741.67,660,0.514,1371.83,30,45.727666666666664,0,34127.84,1.0,0.0,0.0,24.76,Low
CUST-00183,Customer_183,52,F,Central,Employed,162879.38,610,0.444,5617.61,43,130.6420930232558,12,31942.86,0.0,1.0,0.0,36.59,Medium
CUST-00184,Customer_184,48,F,East,Self-Employed,39966.6,653,0.379,1237.17,42,29.456428571428575,0,0.0,0.0,0.0,0.0,22.72,Low
CUST-00185,Customer_185,40,F,East,Employed,25711.11,709,0.476,1041.87,38,27.417631578947365,0,34884.84,1.0,0.0,0.0,20.63,Low
CUST-00186,Customer_186,32,M,East,Employed,150653.15,635,0.254,9660.11,51,189.41392156862747,16,0.0,0.0,0.0,0.0,19.7,Low
CUST-00187,Customer_187,35,M,South,Employed,34265.14,626,0.203,927.9200000000001,35,26.512,0,0.0,0.0,0.0,0.0,19.36,Low
CUST-00188,Customer_188,42,F,Central,Retired,68089.77,544,0.286,979.58,15,65.30533333333334,2,15861.92,0.0,1.0,0.0,39.34,Medium
CUST-00189,Customer_189,56,F,North,Unemployed,30782.37,835,0.368,846.41,28,30.228928571428572,0,29024.0,1.0,0.0,0.0,16.89,Low
CUST-00190,Customer_190,33,M,East,Employed,80524.42,602,0.521,5198.900000000001,50,103.97800000000001,8,0.0,0.0,0.0,0.0,26.81,Medium
CUST-00191,Customer_191,33,M,East,Employed,118166.66,783,0.47,2073.16,19,109.1136842105263,5,145272.05,1.0,0.0,0.0,15.98,Low
CUST-00192,Customer_192,25,F,South,Self-Employed,116681.55,697,0.58,2064.28,23,89.75130434782609,2,0.0,0.0,0.0,0.0,23.5,Low
CUST-00193,Customer_193,43,F,North,Retired,55057.95,748,0.59,1813.1100000000001,18,100.72833333333334,1,165230.0,1.0,0.0,1.0,28.16,Medium
CUST-00194,Customer_194,31,F,West,Employed,21809.2,730,0.397,663.9,37,17.94324324324324,0,0.0,0.0,0.0,0.0,18.1,Low
CUST-00195,Customer_195,41,M,North,Employed,94956.1,692,0.252,3982.21,30,132.74033333333333,10,19992.35,0.0,0.0,0.0,17.19,Low
CUST-00196,Customer_196,49,F,North,Unemployed,54381.11,616,0.506,1377.48,15,91.83200000000001,3,125405.09,1.0,0.0,0.0,31.91,Medium
CUST-00197,Customer_197,55,F,North,Self-Employed,77736.8,682,0.515,845.1700000000001,20,42.258500000000005,0,84737.73,0.0,0.0,0.0,23.07,Low
CUST-00198,Customer_198,48,M,South,Employed,33329.14,657,0.245,507.53000000000003,16,31.720625000000002,1,89898.11,0.0,0.0,0.0,18.85,Low
CUST-00199,Customer_199,42,F,North,Retired,80124.02,678,0.789,3315.56,40,82.889,5,0.0,0.0,0.0,0.0,29.86,Medium
CUST-00200,Customer_200,45,F,Central,Self-Employed,30781.46,738,0.403,1400.66,34,41.195882352941176,2,6657.3,0.0,0.0,0.0,19.17,Low
CUST-00201,Customer_201,39,M,Central,Employed,135930.55,698,0.325,6958.889999999999,51,136.44882352941175,10,38935.67,1.0,0.0,0.0,17.21,Low
CUST-00202,Customer_202,37,F,East,Unemployed,42728.8,657,0.246,1240.7,26,47.71923076923077,2,95442.45,0.0,0.0,0.0,24.15,Low
CUST-00203,Customer_203,47,F,Central,Self-Employed,115249.6,770,0.187,2645.85,24,110.24374999999999,6,75334.13,0.0,0.0,0.0,12.49,Low
CUST-00204,Customer_204,39,M,South,Self-Employed,28232.15,664,0.329,490.63,23,21.331739130434784,0,94417.16,1.0,0.0,0.0,21.54,Low
CUST-00205,Customer_205,35,M,South,Employed,20000.0,635,0.497,685.3,23,29.79565217391304,0,78328.11,1.0,0.0,0.0,25.39,Medium
CUST-00206,Customer_206,41,M,South,Employed,115625.79,670,0.421,4095.9300000000003,43,95.25418604651163,6,500132.59,1.0,0.0,0.0,20.57,Low
CUST-00207,Customer_207,39,F,East,Employed,153497.52,561,0.094,8753.43,47,186.24319148936172,11,85901.66,3.0,0.0,0.0,20.11,Low
CUST-00208,Customer_208,44,F,West,Employed,41440.34,778,0.124,1136.88,36,31.580000000000002,0,0.0,0.0,0.0,0.0,9.26,Low
CUST-00209,Customer_209,67,F,Central,Self-Employed,42909.85,751,0.436,2530.77,54,46.86611111111111,3,0.0,0.0,0.0,0.0,18.71,Low
CUST-00210,Customer_210,44,M,West,Employed,77109.72,624,0.574,5002.889999999999,50,100.05779999999999,3,50727.22,1.0,0.0,0.0,26.22,Medium
CUST-00211,Customer_211,37,M,East,Unemployed,66275.41,563,0.14,1330.1,17,78.24117647058823,1,35553.97,0.0,0.0,0.0,26.54,Medium
CUST-00212,Customer_212,55,M,South,Unemployed,114936.75,749,0.554,3796.7799999999997,43,88.29720930232557,6,214109.41,1.0,1.0,0.0,36.43,Medium
CUST-00213,Customer_213,38,F,West,Employed,52158.47,804,0.468,2790.89,43,64.90441860465116,4,170182.62,1.0,0.0,0.0,14.92,Low
CUST-00214,Customer_214,42,F,West,Retired,42026.89,768,0.299,1551.99,34,45.646764705882354,2,35355.42,1.0,0.0,0.0,15.58,Low
CUST-00215,Customer_215,48,F,West,Employed,107999.19,652,0.248,4546.0,50,90.92,9,0.0,0.0,0.0,0.0,18.38,Low
CUST-00216,Customer_216,26,F,East,Self-Employed,185519.25,585,0.312,7336.52,34,215.78,8,0.0,0.0,0.0,0.0,24.44,Low
CUST-00217,Customer_217,52,M,South,Retired,43447.45,669,0.25,1527.84,31,49.28516129032258,2,102003.02,0.0,0.0,0.0,19.99,Low
CUST-00218,Customer_218,40,M,East,Self-Employed,86213.73,790,0.506,3700.94,53,69.82905660377358,5,0.0,0.0,0.0,0.0,17.35,Low
CUST-00219,Customer_219,46,M,West,Employed,41846.09,637,0.351,1915.61,46,41.64369565217391,3,128266.20999999999,0.0,0.0,0.0,21.81,Low
CUST-00220,Customer_220,50,F,South,Retired,68351.19,850,0.633,2204.48,24,91.85333333333334,2,0.0,0.0,0.0,0.0,17.34,Low
CUST-00221,Customer_221,57,F,North,Employed,86703.52,672,0.109,1550.57,19,81.60894736842106,2,23491.46,1.0,0.0,0.0,14.39,Low
CUST-00222,Customer_222,30,F,East,Self-Employed,53371.77,608,0.19,3092.46,46,67.22739130434783,5,0.0,0.0,0.0,0.0,21.6,Low
CUST-00223,Customer_223,27,M,East,Employed,76460.65,792,0.389,5368.78,53,101.2977358490566,10,0.0,0.0,0.0,0.0,14.01,Low
CUST-00224,Customer_224,28,F,West,Unemployed,89081.75,651,0.602,1680.93,21,80.04428571428572,1,18873.82,1.0,0.0,0.0,30.58,Medium
CUST-00225,Customer_225,24,M,West,Employed,22732.6,547,0.476,841.35,28,30.048214285714288,1,229076.08000000002,0.0,2.0,0.0,49.79,Medium
CUST-00226,Customer_226,31,F,North,Retired,43899.75,701,0.337,430.41,20,21.520500000000002,0,0.0,0.0,0.0,0.0,19.65,Low
CUST-00227,Customer_227,54,M,Central,Employed,82941.42,755,0.162,2677.0099999999998,31,86.35516129032257,3,55056.0,1.0,0.0,0.0,10.93,Low
CUST-00228,Customer_228,34,M,Central,Employed,62857.39,817,0.172,3388.7400000000002,55,61.61345454545455,2,0.0,0.0,0.0,0.0,7.78,Low
CUST-00229,Customer_229,41,F,West,Unemployed,55996.19,821,0.389,2287.72,33,69.32484848484847,4,51314.52,0.0,0.0,0.0,17.96,Low
CUST-00230,Customer_230,48,F,Central,Employed,117191.96,737,0.391,3180.46,27,117.79481481481481,5,0.0,0.0,0.0,0.0,16.53,Low
CUST-00231,Customer_231,64,F,West,Employed,139914.1,641,0.199,6533.93,53,123.28169811320755,8,0.0,0.0,0.0,0.0,17.54,Low
CUST-00232,Customer_232,51,M,South,Employed,71520.7,671,0.437,2709.33,34,79.68617647058824,3,14811.9,0.0,1.0,0.0,33.15,Medium
CUST-00233,Customer_233,48,F,North,Employed,44668.08,579,0.018,1220.8,29,42.09655172413793,0,14122.41,1.0,0.0,0.0,17.91,Low
CUST-00234,Customer_234,37,M,West,Retired,149296.95,643,0.195,4422.55,23,192.28478260869565,7,0.0,0.0,0.0,0.0,20.04,Low
CUST-00235,Customer_235,51,M,West,Retired,117572.83,675,0.256,5038.64,30,167.95466666666667,9,246026.02000000002,0.0,0.0,0.0,19.78,Low
CUST-00236,Customer_236,39,F,West,Unemployed,98960.05,612,0.558,2121.53,19,111.65947368421054,3,73313.77,0.0,1.0,0.0,44.25,Medium
CUST-00237,Customer_237,18,M,West,Self-Employed,97365.28,751,0.254,4372.07,48,91.08479166666666,6,0.0,0.0,0.0,0.0,14.44,Low
CUST-00238,Customer_238,43,M,Central,Employed,25351.67,637,0.592,1365.69,52,26.263269230769232,2,31051.4,1.0,0.0,0.0,27.09,Medium
CUST-00239,Customer_239,47,M,North,Employed,58711.87,539,0.535,2404.6,44,54.65,2,26311.6,0.0,0.0,0.0,30.33,Medium
CUST-00240,Customer_240,35,F,East,Retired,66857.12,788,0.171,3859.7599999999998,41,94.14048780487805,5,108450.78,2.0,0.0,0.0,11.7,Low
CUST-00241,Customer_241,44,F,North,Employed,48929.45,610,0.486,2183.8,34,64.22941176470589,2,15497.01,0.0,0.0,0.0,25.76,Medium
CUST-00242,Customer_242,41,F,South,Employed,76123.16,766,0.072,1229.95,18,68.33055555555556,1,30176.17,0.0,0.0,0.0,8.43,Low
CUST-00243,Customer_243,42,F,East,Self-Employed,40118.72,668,0.587,1824.18,44,41.458636363636366,3,36981.64,0.0,1.0,0.0,38.4,Medium
CUST-00244,Customer_244,49,F,West,Retired,45912.43,599,0.205,1250.88,36,34.74666666666667,0,39211.05,0.0,0.0,1.0,28.52,Medium
CUST-00245,Customer_245,38,M,South,Self-Employed,25342.68,764,0.418,375.85,23,16.34130434782609,0,62384.3,1.0,0.0,0.0,17.99,Low
CUST-00246,Customer_246,41,F,North,Employed,47358.58,788,0.515,1777.7,36,49.38055555555556,2,137146.13,1.0,0.0,0.0,16.66,Low
CUST-00247,Customer_247,64,F,West,Retired,108448.04,644,0.651,4837.09,50,96.7418,8,172338.22,0.0,1.0,0.0,40.77,Medium
CUST-00248,Customer_248,43,M,West,Retired,42026.16,777,0.308,2265.22,47,48.196170212765956,1,0.0,0.0,0.0,0.0,15.09,Low
CUST-00249,Customer_249,30,F,North,Retired,75582.46,850,0.156,2782.5,47,59.202127659574465,3,66140.05,0.0,0.0,0.0,7.58,Low
CUST-00250,Customer_250,44,M,Central,Retired,57308.1,725,0.144,1529.9,30,50.99666666666667,2,68231.99,2.0,0.0,0.0,14.5,Low
CUST-00251,Customer_251,56,M,West,Retired,248764.02,737,0.461,7380.46,36,205.01277777777779,14,141573.99,2.0,0.0,0.0,20.05,Low
CUST-00252,Customer_252,49,M,West,Unemployed,65686.82,803,0.116,3423.7700000000004,46,74.42978260869566,3,9390.05,1.0,0.0,0.0,13.02,Low
CUST-00253,Customer_253,18,F,Central,Self-Employed,42860.16,801,0.264,2443.19,55,44.42163636363637,1,121143.70999999999,1.0,0.0,0.0,12.36,Low
CUST-00254,Customer_254,31,M,East,Unemployed,52500.99,651,0.358,2598.46,40,64.9615,3,53409.03,1.0,0.0,0.0,26.46,Medium
CUST-00255,Customer_255,56,F,East,Self-Employed,138236.85,774,0.251,3502.6099999999997,18,194.58944444444444,6,0.0,0.0,0.0,0.0,13.75,Low
CUST-00256,Customer_256,43,F,Central,Employed,31304.84,791,0.233,779.87,26,29.995,1,110209.3,0.0,0.0,0.0,11.26,Low
CUST-00257,Customer_257,49,M,East,Retired,46110.82,763,0.311,2163.04,47,46.022127659574465,2,31849.63,0.0,0.0,0.0,15.91,Low
CUST-00258,Customer_258,43,M,West,Retired,79431.42,701,0.319,3251.52,35,92.90057142857142,3,310741.62,2.0,0.0,0.0,19.02,Low
CUST-00259,Customer_259,46,M,West,Employed,52433.88,745,0.772,2203.9900000000002,54,40.814629629629636,1,188026.16999999998,2.0,1.0,0.0,35.83,Medium
CUST-00260,Customer_260,18,M,North,Employed,20000.0,761,0.247,240.54,17,14.149411764705881,0,0.0,0.0,0.0,0.0,13.52,Low
CUST-00261,Customer_261,50,F,East,Employed,47121.4,731,0.208,770.5600000000001,22,35.02545454545455,1,10124.32,1.0,0.0,0.0,13.58,Low
CUST-00262,Customer_262,35,M,Central,Employed,73277.44,850,0.319,3105.94,21,147.90190476190477,4,47267.17,0.0,0.0,0.0,9.51,Low
CUST-00263,Customer_263,51,M,South,Employed,24612.98,590,0.143,972.92,47,20.70042553191489,0,114097.79000000001,1.0,1.0,0.0,32.52,Medium
CUST-00264,Customer_264,52,F,Central,Self-Employed,56531.48,669,0.229,3261.29,48,67.94354166666666,3,0.0,0.0,0.0,0.0,18.75,Low
CUST-00265,Customer_265,30,M,South,Employed,68261.62,772,0.325,2084.83,19,109.7278947368421,4,52714.58,1.0,0.0,0.0,14.07,Low
CUST-00266,Customer_266,74,F,East,Self-Employed,41783.57,520,0.266,1193.63,39,30.60589743589744,1,0.0,0.0,0.0,0.0,27.79,Medium
CUST-00267,Customer_267,61,F,East,Self-Employed,123402.04,832,0.546,2399.71,30,79.99033333333334,3,56895.5,0.0,0.0,0.0,15.46,Low
CUST-00268,Customer_268,42,M,West,Retired,197603.64,669,0.283,5968.73,44,135.65295454545455,12,0.0,0.0,0.0,0.0,19.89,Low
CUST-00269,Customer_269,34,F,West,Self-Employed,66638.26,618,0.151,3304.06,43,76.83860465116278,6,25732.53,1.0,0.0,0.0,20.16,Low
CUST-00270,Customer_270,18,F,South,Retired,26170.91,753,0.513,1771.43,43,41.196046511627905,1,199807.96,3.0,0.0,0.0,21.07,Low
CUST-00271,Customer_271,38,F,North,Employed,39589.29,713,0.465,1029.77,26,39.60653846153846,2,0.0,0.0,0.0,0.0,20.07,Low
CUST-00272,Customer_272,39,F,Central,Employed,67323.06,617,0.355,2602.59,29,89.74448275862069,5,86721.75,1.0,0.0,0.0,22.95,Low
CUST-00273,Customer_273,64,F,North,Retired,57909.49,621,0.084,3114.38,50,62.287600000000005,6,50260.7,2.0,1.0,0.0,31.23,Medium
CUST-00274,Customer_274,39,F,East,Employed,25093.02,765,0.235,782.1700000000001,25,31.286800000000003,0,0.0,0.0,0.0,0.0,12.79,Low
CUST-00275,Customer_275,61,M,Central,Self-Employed,98052.82,660,0.269,4744.04,48,98.83416666666666,7,36048.08,0.0,1.0,0.0,31.8,Medium
CUST-00276,Customer_276,38,F,South,Self-Employed,55704.08,691,0.353,1767.14,39,45.311282051282056,1,62018.41,1.0,0.0,0.0,19.86,Low
CUST-00277,Customer_277,28,M,South,Self-Employed,130094.03,676,0.3,4997.5,44,113.57954545454545,8,143227.09,2.0,0.0,0.0,19.39,Low
CUST-00278,Customer_278,51,M,North,Retired,42751.49,717,0.152,2086.83,47,44.40063829787234,2,0.0,0.0,0.0,0.0,15.32,Low
CUST-00279,Customer_279,40,M,East,Unemployed,21268.51,635,0.593,1473.83,42,35.09119047619048,2,106277.53,0.0,0.0,0.0,32.97,Medium
CUST-00280,Customer_280,50,F,South,Employed,102048.29,723,0.123,3057.97,33,92.66575757575757,6,0.0,0.0,0.0,0.0,12.08,Low
CUST-00281,Customer_281,54,F,West,Employed,41405.08,810,0.512,779.09,22,35.41318181818182,0,76310.41,1.0,0.0,0.0,15.28,Low
CUST-00282,Customer_282,33,F,Central,Employed,122686.44,535,0.35,3741.73,38,98.46657894736842,6,175601.63,0.0,1.0,0.0,38.53,Medium
CUST-00283,Customer_283,28,M,East,Retired,53198.92,657,0.425,2093.55,36,58.15416666666667,4,66074.74,1.0,0.0,0.0,24.14,Low
CUST-00284,Customer_284,40,F,East,Self-Employed,43949.99,666,0.141,1104.14,27,40.89407407407408,1,0.0,0.0,0.0,0.0,17.33,Low
CUST-00285,Customer_285,27,M,West,Retired,43223.72,682,0.363,1694.44,38,44.590526315789475,1,209295.37,2.0,0.0,0.0,21.36,Low
CUST-00286,Customer_286,28,M,West,Retired,80858.53,685,0.263,2358.79,31,76.09,3,130800.37,1.0,0.0,0.0,18.8,Low
CUST-00287,Customer_287,38,F,North,Unemployed,144243.19,735,0.283,4571.83,29,157.6493103448276,4,0.0,0.0,0.0,0.0,19.49,Low
CUST-00288,Customer_288,44,F,Central,Employed,114144.28,718,0.261,4560.59,20,228.0295,4,20219.36,1.0,0.0,0.0,15.07,Low
CUST-00289,Customer_289,27,F,Central,Employed,64771.35,840,0.637,1206.01,17,70.94176470588235,1,168945.84999999998,2.0,0.0,0.0,15.9,Low
CUST-00290,Customer_290,56,F,North,Self-Employed,38821.09,629,0.341,1932.27,40,48.30675,4,139738.18,0.0,0.0,0.0,23.81,Low
CUST-00291,Customer_291,18,M,Central,Retired,90341.36,588,0.375,4130.43,44,93.87340909090909,4,71596.67,1.0,1.0,0.0,38.17,Medium
CUST-00292,Customer_292,70,F,Central,Employed,109702.54,850,0.123,1834.6599999999999,18,101.92555555555555,3,16801.36,1.0,0.0,0.0,4.99,Low
CUST-00293,Customer_293,73,F,East,Self-Employed,26196.11,707,0.427,1700.1200000000001,51,33.335686274509804,1,68477.08,1.0,0.0,0.0,21.34,Low
CUST-00294,Customer_294,45,M,North,Retired,84277.02,651,0.376,4951.9,51,97.09607843137255,7,0.0,0.0,0.0,0.0,23.07,Low
CUST-00295,Customer_295,20,F,North,Employed,119857.26,603,0.205,4645.46,30,154.84866666666667,6,0.0,0.0,0.0,0.0,20.16,Low
CUST-00296,Customer_296,18,M,West,Employed,107026.45,705,0.282,5052.97,46,109.84717391304348,7,18707.2,0.0,0.0,0.0,16.04,Low
CUST-00297,Customer_297,48,F,Central,Self-Employed,62897.98,667,0.203,2219.21,32,69.3503125,4,292769.46,1.0,0.0,0.0,18.52,Low
CUST-00298,Customer_298,39,F,North,Unemployed,82988.41,420,0.392,1416.8700000000001,17,83.34529411764707,2,18092.85,1.0,0.0,0.0,39.41,Medium
CUST-00299,Customer_299,55,F,East,Employed,100824.79,615,0.271,1256.7,18,69.81666666666666,2,243416.0,1.0,0.0,0.0,20.59,Low
CUST-00300,Customer_300,35,M,West,Employed,101135.73,731,0.368,6380.42,54,118.15592592592593,12,43690.96,1.0,0.0,0.0,16.76,Low
CUST-00301,Customer_301,51,F,North,Retired,90658.98,792,0.514,4686.4,43,108.9860465116279,11,0.0,0.0,0.0,0.0,18.65,Low
CUST-00302,Customer_302,44,F,North,Employed,54737.98,617,0.232,2053.91,40,51.34775,0,153336.27,1.0,0.0,1.0,25.87,Medium
CUST-00303,Customer_303,19,M,West,Employed,67326.66,685,0.215,2076.93,22,94.40590909090908,3,23364.25,0.0,0.0,1.0,22.26,Low
CUST-00304,Customer_304,42,M,North,Unemployed,24731.72,616,0.295,1342.28,43,31.21581395348837,2,32450.32,0.0,0.0,0.0,27.86,Medium
CUST-00305,Customer_305,51,M,Central,Employed,53819.74,661,0.068,2282.06,52,43.88576923076923,1,17258.27,1.0,0.0,0.0,14.31,Low
CUST-00306,Customer_306,42,M,Central,Employed,126546.14,567,0.323,9381.95,51,183.95980392156864,11,0.0,0.0,0.0,0.0,24.5,Low
CUST-00307,Customer_307,36,M,East,Unemployed,95211.4,735,0.234,4023.74,30,134.12466666666666,7,240190.13,2.0,1.0,0.0,31.48,Medium
CUST-00308,Customer_308,33,M,East,Unemployed,97680.18,519,0.37,3738.1,43,86.93255813953488,5,99932.79000000001,1.0,1.0,0.0,45.37,Medium
CUST-00309,Customer_309,43,M,Central,Employed,42429.34,686,0.584,1882.43,47,40.051702127659574,1,64229.56999999999,2.0,0.0,0.0,23.56,Low
CUST-00310,Customer_310,31,M,North,Employed,111198.62,660,0.246,2718.73,32,84.9603125,4,78266.56,2.0,0.0,0.0,17.59,Low
CUST-00311,Customer_311,52,M,Central,Employed,54842.62,770,0.222,2138.36,41,52.15512195121951,2,106267.13,1.0,0.0,0.0,11.57,Low
CUST-00312,Customer_312,41,F,North,Employed,178069.73,826,0.095,7163.28,47,152.41021276595745,18,20666.39,0.0,0.0,0.0,6.24,Low
CUST-00313,Customer_313,56,M,North,Employed,33507.92,780,0.378,589.1999999999999,15,39.279999999999994,1,90433.38,0.0,0.0,0.0,14.82,Low
CUST-00314,Customer_314,46,F,Central,Self-Employed,55896.85,430,0.38,2981.78,45,66.26177777777778,3,29932.76,1.0,0.0,0.0,34.84,Medium
CUST-00315,Customer_315,27,M,Central,Employed,118103.54,656,0.22,5884.16,45,130.7591111111111,11,8581.04,1.0,0.0,0.0,17.81,Low
CUST-00316,Customer_316,38,F,West,Self-Employed,73190.36,772,0.498,1215.44,16,75.965,3,63083.58,1.0,0.0,0.0,18.83,Low
CUST-00317,Customer_317,31,M,West,Unemployed,108157.82,561,0.625,2348.59,23,102.11260869565218,4,247802.74,1.0,2.0,1.0,56.35,High
CUST-00318,Customer_318,31,M,West,Self-Employed,27532.03,528,0.359,259.76,16,16.235,0,9512.77,1.0,0.0,0.0,29.58,Medium
CUST-00319,Customer_319,30,M,North,Employed,91898.39,468,0.304,1687.01,29,58.172758620689656,2,0.0,0.0,0.0,0.0,29.17,Medium
CUST-00320,Customer_320,66,M,South,Employed,67438.7,779,0.182,803.73,18,44.65166666666667,2,56340.86,1.0,0.0,0.0,10.34,Low
CUST-00321,Customer_321,42,F,West,Retired,52536.72,702,0.55,2052.3,21,97.72857142857144,3,17475.23,0.0,0.0,0.0,24.36,Low
CUST-00322,Customer_322,53,F,West,Employed,28472.81,745,0.625,1352.96,48,28.186666666666667,2,48274.99,0.0,0.0,0.0,21.74,Low
CUST-00323,Customer_323,32,M,North,Unemployed,39786.23,613,0.561,1318.93,36,36.636944444444445,1,0.0,0.0,0.0,0.0,32.69,Medium
CUST-00324,Customer_324,48,M,West,Employed,61598.61,666,0.256,1452.43,21,69.16333333333334,3,24528.15,1.0,0.0,0.0,18.25,Low
CUST-00325,Customer_325,38,F,East,Unemployed,74332.09,812,0.407,2297.62,35,65.64628571428571,2,121840.46,1.0,0.0,0.0,18.16,Low
CUST-00326,Customer_326,27,F,North,Employed,95483.54,742,0.205,6456.77,37,174.5072972972973,4,0.0,0.0,0.0,0.0,12.39,Low
CUST-00327,Customer_327,41,F,East,Retired,32892.7,670,0.269,1118.44,32,34.95125,1,54837.6,1.0,0.0,0.0,20.48,Low
CUST-00328,Customer_328,35,F,North,Employed,67747.59,760,0.508,2469.33,35,70.55228571428572,3,101594.63,0.0,0.0,0.0,17.77,Low
CUST-00329,Customer_329,60,M,West,Employed,53615.2,574,0.344,1491.37,23,64.84217391304347,1,0.0,0.0,0.0,0.0,24.7,Low
CUST-00330,Customer_330,42,F,South,Self-Employed,71862.81,646,0.098,3625.32,48,75.5275,4,57525.11,0.0,0.0,0.0,17.2,Low
CUST-00331,Customer_331,34,F,North,Employed,80966.4,632,0.268,1196.3600000000001,17,70.37411764705882,2,0.0,0.0,0.0,0.0,19.9,Low
CUST-00332,Customer_332,40,F,North,Retired,30217.36,598,0.557,507.12,17,29.83058823529412,0,0.0,0.0,0.0,0.0,30.12,Medium
CUST-00333,Customer_333,47,F,East,Employed,59665.34,825,0.431,3335.77,51,65.40725490196078,4,0.0,0.0,0.0,0.0,12.8,Low
CUST-00334,Customer_334,33,M,South,Self-Employed,32981.26,727,0.473,1449.81,44,32.95022727272727,0,124320.23000000001,0.0,0.0,0.0,20.8,Low
CUST-00335,Customer_335,41,M,East,Unemployed,38642.43,715,0.346,1418.6299999999999,48,29.554791666666663,0,0.0,0.0,0.0,0.0,22.72,Low
CUST-00336,Customer_336,22,M,East,Self-Employed,21448.35,775,0.165,407.18,18,22.621111111111112,0,146259.76,2.0,0.0,0.0,12.53,Low
CUST-00337,Customer_337,27,F,Central,Retired,89493.41,686,0.169,1138.13,19,59.90157894736843,0,164534.68,3.0,1.0,0.0,28.26,Medium
CUST-00338,Customer_338,39,M,Central,Retired,63464.88,737,0.763,3169.5,31,102.24193548387096,2,26960.2,1.0,0.0,0.0,26.09,Medium
CUST-00339,Customer_339,31,F,North,Employed,28805.67,667,0.493,1496.66,47,31.843829787234043,1,121358.36,3.0,0.0,0.0,23.24,Low
CUST-00340,Customer_340,18,F,East,Employed,30067.0,717,0.496,912.07,32,28.5021875,1,27142.02,1.0,0.0,0.0,20.57,Low
CUST-00341,Customer_341,18,M,Central,Self-Employed,66797.54,724,0.279,2202.59,47,46.863617021276596,0,82009.75,1.0,0.0,0.0,16.24,Low
CUST-00342,Customer_342,50,M,North,Employed,22511.39,713,0.251,720.45,34,21.189705882352943,0,0.0,0.0,0.0,0.0,16.07,Low
CUST-00343,Customer_343,33,M,West,Employed,61009.44,587,0.106,3290.31,41,80.25146341463415,5,0.0,0.0,0.0,0.0,19.47,Low
CUST-00344,Customer_344,51,M,East,Employed,23174.46,624,0.609,780.71,27,28.915185185185187,1,36257.09,1.0,0.0,0.0,28.24,Medium
CUST-00345,Customer_345,51,M,North,Employed,52138.22,631,0.589,761.79,15,50.785999999999994,1,32581.15,0.0,1.0,0.0,38.64,Medium
CUST-00346,Customer_346,44,M,North,Employed,37920.82,732,0.253,1292.14,26,49.697692307692314,1,0.0,0.0,0.0,0.0,14.65,Low
CUST-00347,Customer_347,49,F,West,Self-Employed,26194.53,779,0.175,1554.79,51,30.486078431372547,1,93960.1,1.0,0.0,0.0,12.37,Low
CUST-00348,Customer_348,30,F,South,Unemployed,83591.55,668,0.308,4206.87,55,76.48854545454546,5,17745.73,0.0,0.0,0.0,24.06,Low
CUST-00349,Customer_349,44,F,West,Employed,78728.36,744,0.442,2686.22,55,48.840363636363634,3,0.0,0.0,0.0,0.0,16.99,Low
CUST-00350,Customer_350,48,F,Central,Self-Employed,76246.41,755,0.239,1772.45,23,77.06304347826087,2,39857.23,1.0,0.0,0.0,14.03,Low
CUST-00351,Customer_351,28,M,West,Retired,48392.26,747,0.447,2488.27,52,47.85134615384615,2,84851.95999999999,1.0,0.0,0.0,19.42,Low
CUST-00352,Customer_352,47,M,South,Employed,97705.27,736,0.385,3382.97,35,96.65628571428572,3,49004.39,1.0,0.0,0.0,16.18,Low
CUST-00353,Customer_353,50,M,East,Employed,75473.37,729,0.344,2631.89,29,90.75482758620689,4,26960.91,1.0,0.0,0.0,16.31,Low
CUST-00354,Customer_354,38,M,West,Self-Employed,46011.17,607,0.464,1179.1399999999999,35,33.68971428571428,1,25381.81,0.0,1.0,0.0,38.91,Medium
CUST-00355,Customer_355,50,M,West,Employed,28246.49,794,0.348,1361.23,45,30.249555555555556,1,0.0,0.0,0.0,0.0,13.44,Low
CUST-00356,Customer_356,34,F,North,Employed,33990.82,563,0.075,515.28,18,28.626666666666665,0,116056.45,1.0,0.0,0.0,20.24,Low
CUST-00357,Customer_357,35,M,West,Employed,23410.81,584,0.434,1474.18,55,26.803272727272727,1,16105.92,0.0,0.0,0.0,26.81,Medium
CUST-00358,Customer_358,40,M,East,Self-Employed,110698.92,815,0.417,5676.91,54,105.12796296296295,7,0.0,0.0,0.0,0.0,14.08,Low
CUST-00359,Customer_359,30,F,West,Employed,35368.15,715,0.472,1578.37,53,29.78056603773585,1,0.0,0.0,0.0,0.0,19.94,Low
CUST-00360,Customer_360,42,M,East,Employed,52747.92,601,0.341,1072.33,23,46.62304347826087,2,103819.26,0.0,1.0,0.0,35.4,Medium
CUST-00361,Customer_361,24,F,East,Employed,41876.78,677,0.085,1415.29,25,56.611599999999996,3,202412.53,2.0,1.0,0.0,26.58,Medium
CUST-00362,Customer_362,26,M,South,Employed,40257.21,700,0.262,521.71,25,20.8684,0,37122.16,1.0,0.0,0.0,16.31,Low
CUST-00363,Customer_363,26,M,West,Retired,94499.78,758,0.303,2093.99,24,87.24958333333332,3,213311.81,2.0,0.0,0.0,15.58,Low
CUST-00364,Customer_364,53,F,South,Employed,104790.02,709,0.362,6260.9400000000005,44,142.29409090909093,10,104770.39000000001,1.0,0.0,1.0,23.82,Low
CUST-00365,Customer_365,54,M,Central,Self-Employed,113922.59,664,0.345,2160.04,23,93.91478260869565,1,228697.2,2.0,0.0,0.0,20.41,Low
CUST-00366,Customer_366,22,M,East,Employed,111123.15,654,0.527,3170.96,39,81.30666666666667,5,115766.47,0.0,0.0,1.0,29.55,Medium
CUST-00367,Customer_367,41,M,South,Employed,54399.22,705,0.456,2814.94,55,51.180727272727275,3,34025.63,1.0,0.0,0.0,19.83,Low
CUST-00368,Customer_368,36,M,South,Self-Employed,156728.63,809,0.108,6944.67,38,182.75447368421052,7,46548.45,1.0,0.0,0.0,8.09,Low
CUST-00369,Customer_369,45,M,South,Retired,52631.8,614,0.122,2267.04,34,66.67764705882352,3,0.0,0.0,0.0,0.0,20.32,Low
CUST-00370,Customer_370,38,F,West,Unemployed,43519.78,706,0.342,2179.59,37,58.90783783783784,2,73421.0,1.0,0.0,0.0,23.26,Low
CUST-00371,Customer_371,47,F,Central,Self-Employed,30311.6,763,0.467,796.9499999999999,22,36.224999999999994,1,0.0,0.0,0.0,0.0,19.04,Low
CUST-00372,Customer_372,34,F,East,Employed,108027.16,850,0.346,8408.29,55,152.87800000000001,8,158171.95,1.0,0.0,0.0,9.36,Low
CUST-00373,Customer_373,39,F,West,Self-Employed,133158.23,564,0.63,5511.67,53,103.99377358490567,7,74572.33,0.0,0.0,1.0,37.83,Medium
CUST-00374,Customer_374,18,F,Central,Employed,44255.88,762,0.265,1349.95,33,40.907575757575756,0,0.0,0.0,0.0,0.0,12.88,Low
CUST-00375,Customer_375,41,M,East,Employed,40972.23,640,0.604,1559.2,35,44.54857142857143,3,0.0,0.0,0.0,0.0,26.83,Medium
CUST-00376,Customer_376,36,M,East,Unemployed,92476.01,715,0.306,3763.25,29,129.76724137931035,7,15242.34,1.0,0.0,0.0,22.09,Low
CUST-00377,Customer_377,28,M,Central,Self-Employed,38025.95,850,0.384,3061.31,47,65.13425531914893,5,0.0,0.0,0.0,0.0,12.67,Low
CUST-00378,Customer_378,36,F,Central,Self-Employed,80974.22,662,0.269,3831.92,35,109.48342857142858,7,0.0,0.0,0.0,0.0,20.19,Low
CUST-00379,Customer_379,39,M,West,Retired,37486.14,700,0.644,517.72,17,30.454117647058826,0,34506.03,1.0,0.0,0.0,26.04,Medium
CUST-00380,Customer_380,52,M,East,Self-Employed,75436.91,739,0.722,2504.07,27,92.74333333333334,5,40518.16,1.0,0.0,0.0,25.06,Medium
CUST-00381,Customer_381,48,M,North,Employed,36124.35,647,0.264,1774.23,44,40.32340909090909,2,127864.95999999999,2.0,0.0,0.0,19.6,Low
CUST-00382,Customer_382,62,F,North,Employed,40527.3,571,0.316,976.72,27,36.174814814814816,0,134580.9,0.0,1.0,1.0,42.42,Medium
CUST-00383,Customer_383,25,M,South,Self-Employed,43887.04,776,0.458,1387.31,35,39.63742857142857,1,41202.47,2.0,0.0,0.0,17.63,Low
CUST-00384,Customer_384,18,M,East,Employed,37139.6,733,0.437,1125.31,45,25.006888888888888,1,0.0,0.0,0.0,0.0,18.22,Low
CUST-00385,Customer_385,43,F,West,Unemployed,49778.97,613,0.478,1389.3500000000001,29,47.90862068965518,0,0.0,0.0,0.0,0.0,30.62,Medium
CUST-00386,Customer_386,40,M,East,Employed,65987.14,443,0.166,2283.82,33,69.20666666666668,4,44009.42,0.0,1.0,0.0,40.43,Medium
CUST-00387,Customer_387,28,F,East,Employed,32760.49,760,0.479,1427.99,41,34.8290243902439,1,52692.13,1.0,0.0,0.0,17.74,Low
CUST-00388,Customer_388,18,M,East,Employed,54026.06,663,0.615,620.34,17,36.49058823529412,1,245008.44,1.0,1.0,0.0,37.33,Medium
CUST-00389,Customer_389,41,M,East,Employed,51449.9,769,0.385,1583.4099999999999,30,52.78033333333333,2,73941.89,3.0,0.0,0.0,15.05,Low
CUST-00390,Customer_390,39,F,South,Self-Employed,41572.02,658,0.063,1401.38,39,35.93282051282051,0,45019.07,0.0,0.0,0.0,16.08,Low
CUST-00391,Customer_391,34,M,East,Self-Employed,54095.76,630,0.033,1922.31,36,53.3975,3,25994.51,0.0,0.0,0.0,17.11,Low
CUST-00392,Customer_392,53,F,South,Self-Employed,85676.78,582,0.288,2063.55,28,73.69821428571429,1,103748.63,0.0,0.0,0.0,24.05,Low
CUST-00393,Customer_393,33,M,West,Employed,62636.13,726,0.44,1065.82,19,56.095789473684206,1,0.0,0.0,0.0,0.0,18.19,Low
CUST-00394,Customer_394,49,F,East,Employed,75009.46,607,0.439,4508.31,52,86.69826923076924,7,80352.11,1.0,0.0,0.0,24.86,Low
CUST-00395,Customer_395,45,F,West,Employed,77246.09,702,0.288,3763.44,46,81.81391304347827,5,0.0,0.0,0.0,0.0,16.49,Low
CUST-00396,Customer_396,45,M,North,Employed,33931.93,720,0.59,1446.21,39,37.082307692307694,2,132675.6,1.0,1.0,0.0,34.24,Medium
CUST-00397,Customer_397,28,M,Central,Unemployed,38885.66,651,0.231,2072.24,42,49.33904761904761,3,224135.05,1.0,0.0,0.0,24.26,Low
CUST-00398,Customer_398,42,M,East,Retired,36342.17,821,0.293,893.59,41,21.79487804878049,0,47676.77,1.0,0.0,0.0,12.45,Low
CUST-00399,Customer_399,28,M,Central,Employed,97697.98,700,0.498,4101.16,51,80.4149019607843,5,45846.73,1.0,0.0,0.0,20.47,Low
CUST-00400,Customer_400,34,M,Central,Unemployed,77247.01,561,0.597,1693.76,25,67.7504,1,0.0,0.0,0.0,0.0,35.52,Medium
CUST-00401,Customer_401,33,F,North,Employed,82463.79,708,0.282,3864.1,54,71.55740740740741,4,159789.94999999998,2.0,0.0,0.0,15.79,Low
CUST-00402,Customer_402,41,M,West,Self-Employed,72570.05,544,0.359,699.85,15,46.656666666666666,1,0.0,0.0,0.0,0.0,27.89,Medium
CUST-00403,Customer_403,38,F,South,Employed,89547.89,715,0.447,2853.15,43,66.35232558139535,3,0.0,0.0,0.0,0.0,18.59,Low
CUST-00404,Customer_404,43,F,South,Employed,90783.59,740,0.192,1173.87,18,65.21499999999999,0,0.0,0.0,0.0,0.0,11.76,Low
CUST-00405,Customer_405,46,F,West,Unemployed,131564.4,782,0.084,3235.66,33,98.05030303030303,5,213923.84,3.0,0.0,0.0,13.13,Low
CUST-00406,Customer_406,49,F,Central,Employed,74068.43,783,0.48,3451.58,55,62.756,3,87725.31,1.0,1.0,0.0,27.69,Medium
CUST-00407,Customer_407,43,M,Central,Employed,60666.48,653,0.7,3159.92,31,101.93290322580646,3,106893.7,0.0,1.0,0.0,39.63,Medium
CUST-00408,Customer_408,35,M,West,Retired,73292.03,495,0.32,2759.93,34,81.17441176470588,3,244100.51,1.0,1.0,0.0,42.38,Medium
CUST-00409,Customer_409,65,M,Central,Unemployed,45335.21,589,0.525,796.62,26,30.63923076923077,0,36558.57,0.0,0.0,0.0,32.98,Medium
CUST-00410,Customer_410,26,M,South,Employed,104433.38,805,0.252,7808.0,55,141.96363636363637,10,185838.21000000002,2.0,0.0,0.0,10.16,Low
CUST-00411,Customer_411,48,M,West,Employed,36904.99,850,0.2,1235.0900000000001,34,36.32617647058824,0,95659.5,0.0,0.0,0.0,6.99,Low
CUST-00412,Customer_412,57,M,West,Retired,75220.27,726,0.272,3668.63,46,79.75282608695652,6,92464.78,2.0,0.0,0.0,17.0,Low
CUST-00413,Customer_413,44,M,West,Employed,31791.12,719,0.507,1652.59,49,33.72632653061224,2,79095.5,0.0,0.0,0.0,20.66,Low
CUST-00414,Customer_414,55,F,South,Employed,57487.85,644,0.434,3879.98,49,79.18326530612245,6,18045.31,0.0,0.0,0.0,22.99,Low
CUST-00415,Customer_415,28,F,South,Employed,84329.85,741,0.182,4261.1,49,86.96122448979592,9,0.0,0.0,0.0,0.0,12.51,Low
CUST-00416,Customer_416,42,M,East,Unemployed,45069.62,667,0.367,1791.89,35,51.19685714285715,1,0.0,0.0,0.0,0.0,25.72,Medium
CUST-00417,Customer_417,39,M,East,Retired,25546.61,640,0.487,948.85,43,22.066279069767443,0,29316.97,0.0,1.0,0.0,38.62,Medium
CUST-00418,Customer_418,36,M,West,Employed,30891.6,591,0.279,1044.8600000000001,36,29.02388888888889,1,133550.58,0.0,0.0,1.0,29.05,Medium
CUST-00419,Customer_419,36,M,North,Employed,66156.91,738,0.174,2281.08,31,73.58322580645161,5,195424.31,1.0,0.0,0.0,12.69,Low
CUST-00420,Customer_420,37,M,Central,Retired,58847.73,608,0.638,2019.79,29,69.64793103448275,3,0.0,0.0,0.0,0.0,30.91,Medium
CUST-00421,Customer_421,44,F,North,Unemployed,263331.38,716,0.246,10753.93,54,199.14685185185186,20,225741.37,2.0,0.0,0.0,20.24,Low
CUST-00422,Customer_422,41,F,North,Employed,99058.38,635,0.369,3137.39,32,98.0434375,6,63426.740000000005,1.0,1.0,0.0,33.86,Medium
CUST-00423,Customer_423,63,F,North,Employed,93693.44,728,0.26,865.39,15,57.69266666666667,0,37143.45,1.0,0.0,0.0,13.74,Low
CUST-00424,Customer_424,43,F,Central,Employed,51359.96,761,0.483,2866.7,47,60.99361702127659,2,34525.090000000004,1.0,0.0,0.0,17.33,Low
CUST-00425,Customer_425,56,M,South,Employed,57866.72,770,0.316,1004.52,23,43.67478260869565,0,119672.89,0.0,0.0,0.0,13.14,Low
CUST-00426,Customer_426,18,F,South,Self-Employed,52372.6,658,0.41,3413.38,53,64.4033962264151,1,101106.83,1.0,2.0,0.0,42.84,Medium
CUST-00427,Customer_427,45,M,Central,Retired,25999.86,817,0.265,904.98,38,23.815263157894737,0,0.0,0.0,0.0,0.0,12.51,Low
CUST-00428,Customer_428,45,M,West,Retired,42858.9,636,0.178,1255.54,31,40.501290322580644,1,64034.72,1.0,0.0,0.0,20.21,Low
CUST-00429,Customer_429,28,F,East,Employed,67595.57,794,0.233,1243.18,23,54.05130434782609,1,0.0,0.0,0.0,0.0,10.2,Low
CUST-00430,Customer_430,31,F,North,Employed,44704.62,728,0.127,980.08,28,35.002857142857145,0,65896.44,1.0,0.0,0.0,11.96,Low
CUST-00431,Customer_431,31,M,Central,Self-Employed,36765.88,733,0.509,1335.29,40,33.38225,1,23800.48,0.0,0.0,0.0,21.18,Low
CUST-00432,Customer_432,27,M,North,Employed,58860.03,603,0.239,1474.56,26,56.71384615384615,3,0.0,0.0,0.0,0.0,21.27,Low
CUST-00433,Customer_433,18,M,West,Retired,20000.0,630,0.564,415.35,20,20.767500000000002,0,45617.6,2.0,1.0,0.0,41.0,Medium
CUST-00434,Customer_434,56,M,South,Employed,48975.0,631,0.122,968.58,17,56.97529411764706,1,42520.43,0.0,0.0,0.0,17.34,Low
CUST-00435,Customer_435,44,F,North,Employed,41858.16,685,0.382,907.81,21,43.22904761904762,1,82157.43,1.0,1.0,0.0,31.72,Medium
CUST-00436,Customer_436,23,M,North,Employed,50725.12,707,0.223,2571.63,52,49.45442307692308,3,0.0,0.0,0.0,0.0,15.16,Low
CUST-00437,Customer_437,28,F,Central,Employed,131401.7,629,0.416,4144.41,48,86.341875,6,0.0,0.0,0.0,0.0,22.48,Low
CUST-00438,Customer_438,50,M,East,Employed,63743.86,627,0.283,655.5799999999999,23,28.503478260869564,0,69822.34,0.0,1.0,0.0,32.17,Medium
CUST-00439,Customer_439,57,M,East,Employed,40680.31,576,0.37,491.09000000000003,21,23.385238095238098,0,35481.87,0.0,1.0,0.0,37.22,Medium
CUST-00440,Customer_440,27,F,West,Retired,112508.44,714,0.309,3359.66,42,79.99190476190476,5,39625.96,1.0,0.0,0.0,17.86,Low
CUST-00441,Customer_441,59,F,West,Employed,32906.46,569,0.39,1343.02,39,34.436410256410255,2,74211.15,0.0,0.0,0.0,26.51,Medium
CUST-00442,Customer_442,36,F,West,Employed,31726.83,586,0.352,359.59,20,17.979499999999998,0,0.0,0.0,0.0,0.0,24.61,Low
CUST-00443,Customer_443,18,F,North,Self-Employed,187512.47,651,0.352,6962.3,27,257.86296296296297,5,39296.02,1.0,0.0,0.0,21.38,Low
CUST-00444,Customer_444,48,F,Central,Retired,87944.17,742,0.114,3725.31,47,79.26191489361702,4,81370.8,1.0,0.0,0.0,12.56,Low
CUST-00445,Customer_445,39,F,East,Employed,51606.97,738,0.116,2920.0299999999997,46,63.47891304347826,3,48062.56,1.0,0.0,0.0,11.35,Low
CUST-00446,Customer_446,31,F,East,Employed,21234.18,705,0.78,1105.63,44,25.127954545454546,0,7852.05,0.0,0.0,1.0,33.16,Medium
CUST-00447,Customer_447,41,F,South,Self-Employed,30792.64,663,0.456,751.25,25,30.05,1,0.0,0.0,0.0,0.0,24.23,Low
CUST-00448,Customer_448,52,F,North,Self-Employed,119169.37,850,0.651,5696.38,55,103.57054545454545,8,37422.04,0.0,0.0,0.0,16.85,Low
CUST-00449,Customer_449,30,F,Central,Retired,77396.27,730,0.452,6329.23,54,117.20796296296295,8,378002.71,5.0,0.0,0.0,20.44,Low
CUST-00450,Customer_450,43,M,North,Self-Employed,41204.7,723,0.568,2467.22,42,58.743333333333325,2,130413.16,2.0,0.0,0.0,22.89,Low
CUST-00451,Customer_451,27,F,Central,Unemployed,57740.49,725,0.268,1690.78,26,65.03,2,50588.13,1.0,0.0,0.0,20.52,Low
CUST-00452,Customer_452,23,M,North,Employed,52646.06,557,0.306,3046.31,45,67.69577777777778,4,9729.24,1.0,0.0,0.0,25.12,Medium
CUST-00453,Customer_453,36,F,North,Employed,20000.0,655,0.545,834.26,51,16.358039215686276,0,51213.8,1.0,0.0,0.0,25.26,Medium
CUST-00454,Customer_454,41,F,East,Employed,37486.88,796,0.211,2133.96,51,41.84235294117647,1,57140.3,2.0,0.0,0.0,10.24,Low
CUST-00455,Customer_455,36,M,Central,Employed,38726.72,483,0.398,599.2,25,23.968000000000004,0,0.0,0.0,0.0,0.0,30.91,Medium
CUST-00456,Customer_456,46,F,East,Employed,175684.67,682,0.207,11680.86,54,216.31222222222223,17,59861.14,2.0,0.0,0.0,16.01,Low
CUST-00457,Customer_457,30,M,Central,Employed,154493.29,729,0.374,7386.29,49,150.74061224489796,14,99100.31,1.0,0.0,0.0,16.8,Low
CUST-00458,Customer_458,44,F,South,Retired,78282.37,665,0.152,4203.47,53,79.31075471698114,5,76032.75,1.0,0.0,0.0,17.7,Low
CUST-00459,Customer_459,37,M,West,Employed,25368.31,809,0.276,1397.58,50,27.9516,1,141673.86,2.0,0.0,0.0,11.29,Low
CUST-00460,Customer_460,55,M,East,Unemployed,121495.02,670,0.196,6576.849999999999,53,124.09150943396226,8,0.0,0.0,0.0,0.0,21.57,Low
CUST-00461,Customer_461,38,F,South,Retired,30948.42,658,0.249,1351.88,35,38.62514285714286,2,0.0,0.0,0.0,0.0,20.94,Low
CUST-00462,Customer_462,46,F,South,Employed,52012.44,808,0.495,2096.31,28,74.86821428571429,2,0.0,0.0,0.0,0.0,15.13,Low
CUST-00463,Customer_463,61,M,West,Employed,146460.23,639,0.249,7332.6,45,162.9466666666667,14,0.0,0.0,0.0,0.0,19.4,Low
CUST-00464,Customer_464,39,F,North,Unemployed,113611.3,750,0.291,6164.849999999999,45,136.99666666666664,11,98866.34,0.0,0.0,0.0,19.65,Low
CUST-00465,Customer_465,56,F,East,Self-Employed,86692.16,526,0.292,1638.14,18,91.00777777777779,3,168408.48,0.0,1.0,0.0,39.82,Medium
CUST-00466,Customer_466,60,F,East,Unemployed,40917.63,802,0.163,1612.08,42,38.38285714285714,1,0.0,0.0,0.0,0.0,14.37,Low
CUST-00467,Customer_467,48,M,East,Employed,62341.9,654,0.385,4033.5899999999997,51,79.08999999999999,3,21310.19,1.0,0.0,0.0,21.05,Low
CUST-00468,Customer_468,47,M,South,Employed,31776.18,620,0.275,1030.85,39,26.43205128205128,0,99063.3,1.0,0.0,0.0,21.22,Low
CUST-00469,Customer_469,38,M,East,Self-Employed,136333.07,642,0.215,3310.58,33,100.32060606060605,3,0.0,0.0,0.0,0.0,19.04,Low
CUST-00470,Customer_470,28,F,Central,Employed,72359.04,651,0.256,1462.32,29,50.424827586206895,1,0.0,0.0,0.0,0.0,18.34,Low
CUST-00471,Customer_471,50,M,North,Employed,62687.33,638,0.272,2786.46,39,71.44769230769231,5,41403.75,1.0,0.0,0.0,20.01,Low
CUST-00472,Customer_472,33,F,Central,Employed,104039.52,693,0.241,2470.91,19,130.0478947368421,2,0.0,0.0,0.0,0.0,15.67,Low
CUST-00473,Customer_473,47,M,South,Retired,34175.75,769,0.218,1095.57,32,34.2365625,0,171346.38,2.0,0.0,0.0,13.86,Low
CUST-00474,Customer_474,56,M,West,Employed,51639.43,631,0.425,886.64,24,36.943333333333335,0,47711.51,0.0,0.0,1.0,29.04,Medium
CUST-00475,Customer_475,31,F,South,Retired,86902.99,615,0.388,1734.71,19,91.30052631578947,2,0.0,0.0,0.0,0.0,25.08,Medium
CUST-00476,Customer_476,50,M,South,Employed,20000.0,707,0.196,1028.26,40,25.7065,0,37269.33,1.0,0.0,0.0,15.44,Low
CUST-00477,Customer_477,47,M,North,Employed,38426.42,563,0.654,775.53,18,43.085,1,28097.73,1.0,0.0,0.0,31.96,Medium
CUST-00478,Customer_478,60,M,South,Employed,37319.64,732,0.239,2548.22,53,48.07962264150943,4,17758.88,0.0,0.0,0.0,14.57,Low
CUST-00479,Customer_479,32,M,East,Retired,91009.4,581,0.298,1218.02,17,71.64823529411764,1,0.0,0.0,0.0,0.0,24.85,Low
CUST-00480,Customer_480,47,F,North,Employed,40834.24,811,0.114,708.28,17,41.663529411764706,1,89228.84,1.0,0.0,0.0,7.57,Low
CUST-00481,Customer_481,63,F,South,Self-Employed,51320.83,520,0.072,1751.87,53,33.05415094339622,1,43063.7,0.0,0.0,0.0,23.63,Low
CUST-00482,Customer_482,55,M,Central,Self-Employed,67194.21,768,0.514,4487.65,52,86.30096153846154,8,0.0,0.0,0.0,0.0,19.3,Low
CUST-00483,Customer_483,33,M,South,Self-Employed,82659.34,649,0.185,3733.91,53,70.45113207547169,5,123067.63,0.0,0.0,0.0,18.67,Low
CUST-00484,Customer_484,61,F,Central,Employed,99163.31,530,0.653,3063.19,33,92.8239393939394,5,42276.78,0.0,0.0,0.0,33.09,Medium
CUST-00485,Customer_485,50,M,North,Employed,84140.77,566,0.156,2697.13,21,128.4347619047619,4,0.0,0.0,0.0,0.0,21.58,Low
CUST-00486,Customer_486,54,F,South,Unemployed,71610.02,659,0.515,3614.8,52,69.51538461538462,4,19308.34,0.0,0.0,0.0,28.81,Medium
CUST-00487,Customer_487,29,M,West,Retired,171318.64,569,0.323,5543.08,35,158.37371428571427,12,130464.0,2.0,0.0,0.0,26.67,Medium
CUST-00488,Customer_488,42,F,East,Employed,66276.51,769,0.135,2436.88,39,62.484102564102564,2,80407.56,1.0,0.0,0.0,9.67,Low
CUST-00489,Customer_489,21,F,East,Employed,107183.83,669,0.554,5964.28,53,112.53358490566038,10,76771.9,0.0,1.0,0.0,35.62,Medium
CUST-00490,Customer_490,54,M,South,Employed,83431.91,711,0.307,1895.6,21,90.26666666666667,3,0.0,0.0,0.0,0.0,16.46,Low
CUST-00491,Customer_491,31,F,South,Employed,40468.48,791,0.397,1808.12,53,34.115471698113204,1,41256.83,1.0,0.0,0.0,14.14,Low
CUST-00492,Customer_492,27,F,East,Self-Employed,36935.27,650,0.289,1088.26,29,37.52620689655173,1,207297.56,3.0,0.0,0.0,21.35,Low
CUST-00493,Customer_493,52,F,West,Employed,89020.72,602,0.506,1547.86,17,91.05058823529411,2,106447.51,1.0,0.0,0.0,26.18,Medium
CUST-00494,Customer_494,38,M,East,Employed,62553.58,734,0.193,2653.31,45,58.96244444444444,5,72836.94,0.0,0.0,0.0,13.11,Low
CUST-00495,Customer_495,23,F,West,Employed,136882.87,655,0.289,7444.349999999999,47,158.39042553191487,13,0.0,0.0,0.0,0.0,19.23,Low
CUST-00496,Customer_496,45,M,East,Retired,120853.09,715,0.235,4718.86,43,109.74093023255813,7,43631.79,1.0,0.0,0.0,16.46,Low
CUST-00497,Customer_497,28,F,South,Retired,111918.14,715,0.1,3877.74,40,96.9435,8,262835.6,2.0,0.0,0.0,14.04,Low
CUST-00498,Customer_498,50,M,East,Retired,80226.04,717,0.56,4030.06,51,79.02078431372549,5,83136.29999999999,0.0,1.0,1.0,41.01,Medium
CUST-00499,Customer_499,67,F,South,Unemployed,34265.09,652,0.183,1585.16,49,32.350204081632654,0,115348.45,1.0,0.0,0.0,23.04,Low
CUST-00500,Customer_500,34,F,West,Retired,66694.14,603,0.102,3319.41,49,67.7430612244898,5,9816.63,1.0,0.0,0.0,20.31,Low
CUST-00501,Customer_501,41,M,North,Retired,43299.68,586,0.352,2220.25,46,48.266304347826086,2,50972.0,1.0,0.0,0.0,26.46,Medium
CUST-00502,Customer_502,44,F,South,Employed,143546.09,736,0.68,2297.42,17,135.14235294117648,4,0.0,0.0,0.0,0.0,22.37,Low
CUST-00503,Customer_503,48,M,North,Employed,160813.16,748,0.319,3691.58,30,123.05266666666667,6,22381.41,0.0,0.0,0.0,14.19,Low
CUST-00504,Customer_504,40,F,East,Employed,34046.99,795,0.102,725.31,15,48.354,1,0.0,0.0,0.0,0.0,8.46,Low
CUST-00505,Customer_505,50,M,West,Employed,55528.54,638,0.275,2343.5,40,58.5875,4,73234.73,0.0,0.0,0.0,20.07,Low
CUST-00506,Customer_506,46,F,West,Employed,62518.47,493,0.505,4024.1,38,105.89736842105263,5,186449.24,1.0,1.0,0.0,44.6,Medium
CUST-00507,Customer_507,28,M,Central,Self-Employed,23669.93,523,0.065,646.49,32,20.2028125,0,118875.06,1.0,1.0,0.0,36.16,Medium
CUST-00508,Customer_508,32,F,North,Employed,74627.53,696,0.448,3355.96,51,65.80313725490196,3,0.0,0.0,0.0,0.0,19.81,Low
CUST-00509,Customer_509,21,F,Central,Self-Employed,34090.85,659,0.252,1461.51,45,32.478,0,41133.0,1.0,0.0,1.0,26.04,Medium
CUST-00510,Customer_510,50,M,North,Employed,196964.9,792,0.256,5307.61,25,212.3044,10,0.0,0.0,0.0,0.0,11.28,Low
CUST-00511,Customer_511,32,F,Central,Retired,62503.55,762,0.427,3563.3199999999997,33,107.97939393939393,5,0.0,0.0,0.0,0.0,18.46,Low
CUST-00512,Customer_512,36,M,South,Self-Employed,177175.88,560,0.257,6895.91,39,176.81820512820514,13,346986.5,2.0,1.0,0.0,37.25,Medium
CUST-00513,Customer_513,69,M,North,Employed,47934.05,729,0.343,1744.13,31,56.26225806451613,0,41859.79,1.0,0.0,0.0,16.14,Low
CUST-00514,Customer_514,32,F,West,Employed,76098.7,457,0.403,3729.19,44,84.75431818181818,6,0.0,0.0,0.0,0.0,32.31,Medium
CUST-00515,Customer_515,33,M,East,Retired,47968.9,850,0.189,719.5899999999999,16,44.974374999999995,1,59753.07,1.0,0.0,0.0,8.77,Low
CUST-00516,Customer_516,34,M,West,Retired,29409.0,637,0.236,555.6,23,24.156521739130437,0,114134.97,0.0,0.0,0.0,21.6,Low
CUST-00517,Customer_517,20,F,Central,Employed,107491.55,707,0.383,4655.33,40,116.38325,8,24473.93,2.0,0.0,0.0,18.18,Low
CUST-00518,Customer_518,48,F,Central,Employed,79796.73,676,0.523,5466.33,48,113.881875,4,70174.78,1.0,0.0,0.0,22.44,Low
CUST-00519,Customer_519,26,M,East,Employed,70332.8,698,0.401,3758.4,46,81.70434782608696,4,13767.49,0.0,1.0,0.0,30.97,Medium
CUST-00520,Customer_520,43,F,Central,Employed,56312.41,612,0.3,1054.96,24,43.95666666666667,0,0.0,0.0,0.0,0.0,21.47,Low
CUST-00521,Customer_521,40,M,Central,Employed,43987.72,421,0.616,1026.46,24,42.76916666666667,1,51994.72,1.0,0.0,0.0,38.71,Medium
CUST-00522,Customer_522,44,M,North,Self-Employed,152153.87,850,0.249,4476.74,31,144.41096774193548,10,50492.159999999996,2.0,0.0,0.0,9.4,Low
CUST-00523,Customer_523,44,F,South,Unemployed,28704.27,647,0.391,1515.6,42,36.08571428571428,1,50955.27,1.0,0.0,0.0,27.8,Medium
CUST-00524,Customer_524,51,M,Central,Retired,56938.68,677,0.451,1096.04,31,35.35612903225806,1,0.0,0.0,0.0,0.0,23.09,Low
CUST-00525,Customer_525,53,M,North,Employed,20000.0,788,0.835,815.84,42,19.424761904761905,0,20841.73,0.0,0.0,1.0,29.8,Medium
CUST-00526,Customer_526,38,M,West,Self-Employed,34343.6,638,0.458,1296.7,41,31.626829268292685,1,0.0,0.0,0.0,0.0,25.42,Medium
CUST-00527,Customer_527,38,F,North,Self-Employed,53241.78,729,0.396,917.1,21,43.67142857142857,0,0.0,0.0,0.0,0.0,18.58,Low
CUST-00528,Customer_528,73,M,Central,Employed,54136.68,652,0.562,2511.83,55,45.669636363636364,4,290174.75,0.0,0.0,0.0,24.94,Low
CUST-00529,Customer_529,42,F,Central,Employed,61584.09,639,0.169,1027.24,22,46.692727272727275,1,12468.97,1.0,0.0,0.0,17.5,Low
CUST-00530,Customer_530,54,M,West,Retired,153525.53,527,0.332,4826.7300000000005,25,193.06920000000002,10,201504.78,1.0,1.0,0.0,41.55,Medium
CUST-00531,Customer_531,32,F,East,Self-Employed,75615.51,800,0.051,836.0600000000001,15,55.73733333333334,1,67284.73999999999,2.0,0.0,0.0,7.72,Low
CUST-00532,Customer_532,42,M,East,Self-Employed,35202.92,831,0.356,464.99,18,25.83277777777778,0,137489.71000000002,3.0,0.0,0.0,12.7,Low
CUST-00533,Customer_533,20,F,East,Self-Employed,33583.14,819,0.328,1047.8,35,29.937142857142856,0,0.0,0.0,0.0,0.0,12.86,Low
CUST-00534,Customer_534,25,F,East,Employed,86978.9,611,0.326,2577.38,30,85.91266666666667,4,0.0,0.0,0.0,0.0,22.2,Low
CUST-00535,Customer_535,52,F,East,Employed,33105.12,808,0.392,1777.99,49,36.28551020408163,2,45508.59,0.0,0.0,0.0,13.46,Low
CUST-00536,Customer_536,71,F,West,Unemployed,44698.71,543,0.179,1938.97,46,42.15152173913044,2,38796.74,0.0,1.0,0.0,40.81,Medium
CUST-00537,Customer_537,19,M,East,Employed,58820.5,742,0.44,3553.94,55,64.6170909090909,8,321469.79,2.0,0.0,0.0,17.86,Low
CUST-00538,Customer_538,41,M,East,Retired,20000.0,792,0.45,487.51,37,13.175945945945946,0,111856.87,0.0,0.0,0.0,17.88,Low
CUST-00539,Customer_539,44,F,West,Employed,108106.8,705,0.298,2820.82,33,85.47939393939394,4,26779.48,0.0,0.0,0.0,16.19,Low
CUST-00540,Customer_540,36,F,Central,Self-Employed,29776.25,710,0.253,2133.79,50,42.6758,2,0.0,0.0,0.0,0.0,17.64,Low
CUST-00541,Customer_541,67,M,Central,Self-Employed,124521.85,850,0.278,5006.8099999999995,48,104.30854166666666,9,0.0,0.0,0.0,0.0,9.54,Low
CUST-00542,Customer_542,43,M,North,Self-Employed,118393.75,649,0.405,3903.76,44,88.7218181818182,4,191204.76,0.0,0.0,0.0,22.62,Low
CUST-00543,Customer_543,69,M,South,Employed,26537.28,798,0.411,691.86,33,20.965454545454545,0,190278.35,2.0,0.0,0.0,14.44,Low
CUST-00544,Customer_544,37,F,West,Employed,72033.01,664,0.262,3414.94,41,83.29121951219513,3,0.0,0.0,0.0,0.0,17.95,Low
CUST-00545,Customer_545,66,M,North,Retired,59896.63,755,0.277,1185.07,23,51.52478260869565,1,26936.01,0.0,0.0,0.0,15.36,Low
CUST-00546,Customer_546,21,M,West,Self-Employed,61005.24,695,0.256,2982.77,55,54.232181818181814,1,48444.86,1.0,0.0,0.0,17.56,Low
CUST-00547,Customer_547,30,F,West,Self-Employed,51211.26,792,0.444,1126.41,26,43.323461538461544,1,39123.54,0.0,0.0,0.0,16.34,Low
CUST-00548,Customer_548,24,F,East,Employed,170037.09,599,0.151,2672.47,22,121.47590909090908,5,94776.54,1.0,0.0,0.0,19.02,Low
CUST-00549,Customer_549,49,M,Central,Employed,42240.84,663,0.621,1578.86,41,38.50878048780488,1,260758.71000000002,0.0,2.0,0.0,45.57,Medium
CUST-00550,Customer_550,28,M,South,Employed,34735.7,681,0.308,2379.58,55,43.26509090909091,2,5290.51,0.0,0.0,0.0,18.62,Low
CUST-00551,Customer_551,51,M,North,Retired,47234.55,721,0.363,2351.98,40,58.7995,3,9738.28,1.0,0.0,0.0,19.37,Low
CUST-00552,Customer_552,43,F,South,Retired,60111.0,497,0.176,1522.49,23,66.19521739130435,1,71557.06,1.0,1.0,0.0,39.4,Medium
CUST-00553,Customer_553,46,F,North,Employed,71097.54,792,0.106,3582.49,43,83.31372093023255,6,0.0,0.0,0.0,0.0,8.19,Low
CUST-00554,Customer_554,36,M,East,Employed,105472.09,763,0.117,4621.91,30,154.06366666666665,7,39842.81,1.0,0.0,0.0,10.0,Low
CUST-00555,Customer_555,42,F,South,Unemployed,55125.43,792,0.273,2271.63,48,47.325625,1,0.0,0.0,0.0,0.0,16.74,Low
CUST-00556,Customer_556,37,F,South,Unemployed,83424.9,608,0.611,2051.82,26,78.91615384615385,3,0.0,0.0,0.0,0.0,33.52,Medium
CUST-00557,Customer_557,48,M,West,Self-Employed,95007.17,794,0.429,5011.55,48,104.40729166666667,7,135362.44,0.0,0.0,0.0,15.73,Low
CUST-00558,Customer_558,49,M,North,Self-Employed,100029.5,664,0.326,5170.72,42,123.11238095238096,9,95590.46,1.0,0.0,1.0,27.04,Medium
CUST-00559,Customer_559,40,F,Central,Self-Employed,70911.43,637,0.506,2000.57,20,100.0285,2,148685.46999999997,0.0,0.0,0.0,25.95,Medium
CUST-00560,Customer_560,38,M,Central,Unemployed,27180.36,566,0.649,857.57,43,19.943488372093025,0,34422.35,0.0,0.0,0.0,37.33,Medium
CUST-00561,Customer_561,80,F,West,Employed,213065.29,668,0.495,10466.199999999999,44,237.8681818181818,16,0.0,0.0,0.0,0.0,22.55,Low
CUST-00562,Customer_562,62,F,North,Employed,42526.42,737,0.288,1946.74,51,38.17137254901961,1,140467.43,2.0,0.0,1.0,20.85,Low
CUST-00563,Customer_563,52,F,East,Retired,37967.74,503,0.339,1024.26,25,40.9704,0,0.0,0.0,0.0,0.0,30.67,Medium
CUST-00564,Customer_564,42,F,West,Employed,46545.4,670,0.418,628.94,15,41.92933333333334,1,0.0,0.0,0.0,0.0,21.23,Low
CUST-00565,Customer_565,33,F,East,Employed,79754.14,713,0.338,3795.55,54,70.28796296296296,4,41002.0,1.0,0.0,0.0,16.68,Low
CUST-00566,Customer_566,29,M,East,Self-Employed,131382.97,552,0.207,2643.38,18,146.85444444444445,4,39595.2,1.0,1.0,0.0,36.49,Medium
CUST-00567,Customer_567,57,M,North,Self-Employed,46792.42,622,0.046,2010.96,31,64.86967741935484,4,143984.35,1.0,0.0,0.0,18.21,Low
CUST-00568,Customer_568,42,F,South,Employed,69741.24,682,0.366,2588.48,51,50.75450980392157,4,114035.47,1.0,0.0,0.0,19.11,Low
CUST-00569,Customer_569,44,F,North,Self-Employed,60456.98,597,0.679,1075.93,21,51.23476190476191,3,0.0,0.0,0.0,0.0,32.0,Medium
CUST-00570,Customer_570,35,F,East,Self-Employed,103881.25,640,0.273,4498.39,54,83.30351851851853,7,0.0,0.0,0.0,0.0,20.82,Low
CUST-00571,Customer_571,20,M,West,Employed,77601.99,520,0.15,1260.32,22,57.28727272727272,1,37992.88,1.0,0.0,0.0,23.34,Low
CUST-00572,Customer_572,52,F,West,Self-Employed,55123.08,655,0.274,1445.27,22,65.6940909090909,2,156894.33000000002,1.0,1.0,0.0,32.59,Medium
CUST-00573,Customer_573,45,F,Central,Unemployed,36794.85,701,0.526,380.89,16,23.805625,0,0.0,0.0,0.0,0.0,27.14,Medium
CUST-00574,Customer_574,44,M,South,Self-Employed,60134.21,655,0.273,3103.0699999999997,40,77.57674999999999,5,71835.44,1.0,0.0,0.0,20.63,Low
CUST-00575,Customer_575,25,M,Central,Employed,24831.07,575,0.398,1190.7,54,22.05,0,16359.18,0.0,0.0,0.0,26.42,Medium
CUST-00576,Customer_576,31,F,North,Retired,85839.67,757,0.152,1805.98,16,112.87375,3,91810.0,1.0,0.0,0.0,13.04,Low
CUST-00577,Customer_577,26,M,Central,Retired,22332.35,650,0.25,382.24,19,20.117894736842107,0,84546.2,2.0,0.0,0.0,21.5,Low
CUST-00578,Customer_578,40,M,South,Employed,48052.79,709,0.293,1025.02,22,46.591818181818184,0,93360.97,1.0,0.0,0.0,16.23,Low
CUST-00579,Customer_579,27,F,North,Self-Employed,78288.67,791,0.546,5042.38,54,93.3774074074074,8,0.0,0.0,0.0,0.0,18.48,Low
CUST-00580,Customer_580,28,F,North,Retired,35116.69,649,0.451,1246.96,40,31.174,0,52136.869999999995,1.0,1.0,0.0,37.03,Medium
CUST-00581,Customer_581,34,M,West,Employed,40522.64,773,0.2,1094.68,32,34.20875,1,116542.57,2.0,0.0,0.0,11.24,Low
CUST-00582,Customer_582,58,F,Central,Employed,55134.59,556,0.203,2301.17,42,54.7897619047619,3,53327.52,1.0,0.0,0.0,22.97,Low
CUST-00583,Customer_583,57,F,North,Employed,32567.29,652,0.359,613.16,20,30.657999999999998,0,54483.39,0.0,1.0,0.0,33.12,Medium
CUST-00584,Customer_584,25,M,South,Self-Employed,46696.66,613,0.338,1647.84,28,58.85142857142857,3,0.0,0.0,0.0,0.0,24.44,Low
CUST-00585,Customer_585,45,F,East,Self-Employed,148670.76,697,0.517,3545.52,29,122.25931034482758,7,0.0,0.0,0.0,0.0,22.73,Low
CUST-00586,Customer_586,36,M,North,Retired,32743.1,552,0.139,655.85,16,40.990625,0,136855.22999999998,1.0,0.0,0.0,24.17,Low
CUST-00587,Customer_587,53,M,East,Employed,68435.88,547,0.302,1140.48,27,42.24,0,177756.75,2.0,0.0,0.0,24.83,Low
CUST-00588,Customer_588,51,M,West,Employed,57800.76,733,0.234,2112.65,28,75.45178571428572,4,42414.86,1.0,0.0,0.0,14.23,Low
CUST-00589,Customer_589,48,F,West,Unemployed,112771.75,665,0.555,4337.74,45,96.39422222222221,6,36100.59,1.0,0.0,0.0,29.02,Medium
CUST-00590,Customer_590,51,F,West,Employed,84274.7,655,0.312,4567.96,54,84.59185185185186,8,182730.89,0.0,0.0,1.0,25.63,Medium
CUST-00591,Customer_591,30,M,East,Employed,39811.42,801,0.133,1142.98,31,36.87032258064516,1,98122.1,2.0,0.0,0.0,8.4,Low
CUST-00592,Customer_592,34,F,Central,Employed,35887.15,674,0.558,1313.43,27,48.64555555555556,2,156516.26,2.0,0.0,0.0,24.16,Low
CUST-00593,Customer_593,48,M,North,Retired,61875.05,770,0.128,3956.53,52,76.08711538461539,4,37792.25,1.0,0.0,0.0,11.69,Low
CUST-00594,Customer_594,51,F,Central,Employed,31160.11,701,0.417,1173.19,36,32.58861111111111,1,0.0,0.0,0.0,0.0,19.8,Low
CUST-00595,Customer_595,60,M,West,Employed,21520.34,762,0.219,1001.81,36,27.828055555555554,0,267964.58,2.0,0.0,0.0,12.81,Low
CUST-00596,Customer_596,54,M,North,Employed,44254.73,536,0.577,825.82,22,37.53727272727273,0,38588.64,1.0,0.0,0.0,31.44,Medium
CUST-00597,Customer_597,52,F,Central,Unemployed,63154.13,672,0.238,2676.79,51,52.48607843137255,2,0.0,0.0,0.0,0.0,22.52,Low
CUST-00598,Customer_598,45,M,South,Employed,164547.64,579,0.404,7874.21,52,151.42711538461538,9,0.0,0.0,0.0,0.0,24.94,Low
CUST-00599,Customer_599,39,M,West,Self-Employed,75041.2,764,0.413,2211.65,31,71.34354838709677,4,0.0,0.0,0.0,0.0,17.24,Low
CUST-00600,Customer_600,21,M,South,Self-Employed,66591.1,651,0.109,1511.48,15,100.76533333333333,3,0.0,0.0,0.0,0.0,17.82,Low
CUST-00601,Customer_601,57,F,South,Employed,133507.63,550,0.316,3146.02,23,136.78347826086957,5,71087.23000000001,1.0,1.0,0.0,37.23,Medium
CUST-00602,Customer_602,55,M,South,Employed,137231.72,662,0.615,4386.51,44,99.6934090909091,7,110213.61,0.0,1.0,0.0,36.78,Medium
CUST-00603,Customer_603,18,M,Central,Employed,44934.06,730,0.39,881.75,17,51.86764705882353,1,199369.86,1.0,0.0,0.0,17.4,Low
CUST-00604,Customer_604,47,F,South,Employed,23478.24,734,0.562,427.51,23,18.587391304347825,0,0.0,0.0,0.0,0.0,21.1,Low
CUST-00605,Customer_605,42,M,West,Employed,58902.69,635,0.431,2682.25,44,60.96022727272727,3,0.0,0.0,0.0,0.0,23.12,Low
CUST-00606,Customer_606,40,M,West,Self-Employed,152902.85,850,0.75,5360.79,33,162.4481818181818,7,80826.5,0.0,0.0,0.0,18.86,Low
CUST-00607,Customer_607,34,F,West,Unemployed,40405.26,630,0.534,1033.34,25,41.3336,0,80217.93,1.0,0.0,0.0,31.06,Medium
CUST-00608,Customer_608,56,F,West,Employed,53267.5,638,0.049,1525.93,29,52.61827586206897,1,0.0,0.0,0.0,0.0,15.27,Low
CUST-00609,Customer_609,24,M,Central,Employed,30351.33,584,0.364,417.34999999999997,17,24.549999999999997,0,32983.19,1.0,0.0,0.0,25.01,Medium
CUST-00610,Customer_610,45,M,East,Unemployed,104699.69,589,0.606,1504.5,15,100.3,1,72210.39,0.0,0.0,1.0,39.94,Medium
CUST-00611,Customer_611,18,F,North,Self-Employed,35243.24,581,0.447,1446.57,36,40.1825,1,182352.47,2.0,0.0,0.0,28.3,Medium
CUST-00612,Customer_612,32,M,West,Employed,30437.3,702,0.493,417.92,18,23.21777777777778,0,88446.44,0.0,0.0,0.0,21.15,Low
CUST-00613,Customer_613,46,F,North,Retired,68147.17,636,0.27,4568.28,52,87.85153846153845,4,47385.09,2.0,0.0,0.0,21.72,Low
CUST-00614,Customer_614,35,F,North,Employed,131219.42,714,0.558,5908.88,48,123.10166666666667,7,0.0,0.0,0.0,0.0,20.79,Low
CUST-00615,Customer_615,45,M,North,Employed,91129.22,786,0.234,1204.1,17,70.82941176470588,1,101097.73000000001,1.0,0.0,0.0,10.38,Low
CUST-00616,Customer_616,48,M,North,Employed,28904.49,676,0.32,1570.1100000000001,53,29.624716981132078,1,11286.55,0.0,1.0,0.0,31.27,Medium
CUST-00617,Customer_617,38,M,West,Employed,47855.45,817,0.26,1092.44,24,45.51833333333334,1,37467.92,2.0,0.0,0.0,9.89,Low
CUST-00618,Customer_618,42,F,East,Retired,62065.33,692,0.13,550.33,16,34.395625,0,63030.02,1.0,0.0,0.0,15.59,Low
CUST-00619,Customer_619,37,M,South,Retired,65635.39,722,0.419,3658.75,55,66.52272727272727,5,159599.77000000002,1.0,0.0,0.0,20.12,Low
CUST-00620,Customer_620,54,F,South,Self-Employed,91458.24,743,0.629,4963.94,51,97.3321568627451,8,66800.92,0.0,0.0,0.0,22.61,Low
CUST-00621,Customer_621,32,M,West,Retired,116621.31,640,0.491,2918.77,28,104.24178571428571,4,0.0,0.0,0.0,0.0,25.61,Medium
CUST-00622,Customer_622,33,F,East,Employed,32797.23,632,0.353,1616.65,53,30.502830188679248,0,48863.51,1.0,0.0,0.0,22.08,Low
CUST-00623,Customer_623,37,F,East,Employed,55276.98,656,0.149,1813.8200000000002,32,56.681875000000005,1,0.0,0.0,0.0,0.0,16.23,Low
CUST-00624,Customer_624,43,F,West,Employed,42214.43,836,0.551,632.97,20,31.648500000000002,0,26346.53,0.0,1.0,0.0,26.62,Medium
CUST-00625,Customer_625,61,F,East,Retired,51277.57,693,0.344,2144.39,47,45.625319148936164,2,144027.39,1.0,0.0,0.0,20.26,Low
CUST-00626,Customer_626,45,F,West,Employed,78111.45,805,0.568,4007.9100000000003,47,85.27468085106383,4,0.0,0.0,0.0,0.0,16.34,Low
CUST-00627,Customer_627,18,M,South,Employed,39293.11,681,0.479,1780.41,40,44.51025,2,0.0,0.0,0.0,0.0,21.97,Low
CUST-00628,Customer_628,57,F,East,Employed,60298.09,728,0.511,2443.53,48,50.90687500000001,2,112699.65,3.0,0.0,0.0,19.49,Low
CUST-00629,Customer_629,38,M,West,Self-Employed,52286.27,773,0.268,1727.95,37,46.701351351351356,0,26986.43,0.0,0.0,0.0,13.64,Low
CUST-00630,Customer_630,36,F,Central,Self-Employed,54368.59,729,0.287,3150.21,42,75.005,7,0.0,0.0,0.0,0.0,17.2,Low
CUST-00631,Customer_631,63,F,East,Unemployed,49583.66,710,0.252,1259.8500000000001,31,40.64032258064517,1,143504.51,0.0,0.0,0.0,20.98,Low
CUST-00632,Customer_632,28,F,West,Employed,47612.76,679,0.348,460.32,19,24.22736842105263,0,222757.03,2.0,0.0,0.0,18.98,Low
CUST-00633,Customer_633,18,F,South,Employed,45581.95,783,0.11,1274.72,30,42.49066666666667,2,70061.9,1.0,0.0,0.0,8.93,Low
CUST-00634,Customer_634,48,F,South,Retired,68460.45,586,0.171,1739.25,26,66.89423076923077,2,35128.91,2.0,0.0,0.0,22.46,Low
CUST-00635,Customer_635,34,M,Central,Employed,53483.28,579,0.094,1855.6100000000001,20,92.7805,2,128177.94,0.0,1.0,0.0,31.71,Medium
CUST-00636,Customer_636,40,M,North,Unemployed,75851.76,761,0.334,2879.38,52,55.37269230769231,2,32707.48,1.0,0.0,0.0,19.36,Low
CUST-00637,Customer_637,48,M,South,Employed,49683.08,537,0.267,2725.67,39,69.88897435897437,2,13774.04,0.0,0.0,0.0,25.31,Medium
CUST-00638,Customer_638,69,M,South,Employed,59691.32,791,0.108,1177.18,16,73.57375,1,52112.8,2.0,0.0,0.0,8.11,Low
CUST-00639,Customer_639,45,M,Central,Self-Employed,60156.56,543,0.556,2118.86,23,92.12434782608696,4,0.0,0.0,0.0,0.0,32.65,Medium
CUST-00640,Customer_640,28,F,West,Employed,131833.9,653,0.531,5574.14,34,163.94529411764708,10,222549.86000000002,1.0,0.0,1.0,30.31,Medium
CUST-00641,Customer_641,34,F,North,Employed,87928.46,687,0.09,1969.78,32,61.555625,3,60503.18,1.0,0.0,0.0,13.12,Low
CUST-00642,Customer_642,54,F,Central,Retired,66791.9,831,0.418,2317.61,38,60.989736842105266,3,14968.82,0.0,0.0,0.0,14.08,Low
CUST-00643,Customer_643,31,F,South,Employed,48554.98,734,0.335,974.5,23,42.369565217391305,0,51934.79,1.0,0.0,0.0,15.69,Low
CUST-00644,Customer_644,19,M,South,Employed,43129.84,850,0.371,1827.93,36,50.77583333333334,1,138967.49,4.0,0.0,0.0,10.37,Low
CUST-00645,Customer_645,35,F,East,Employed,56759.48,505,0.221,1440.4299999999998,29,49.669999999999995,2,25747.3,1.0,0.0,0.0,26.06,Medium
CUST-00646,Customer_646,26,M,East,Retired,20000.0,711,0.226,732.71,25,29.308400000000002,0,464667.67000000004,2.0,0.0,0.0,17.82,Low
CUST-00647,Customer_647,53,M,South,Employed,69162.78,630,0.414,2884.94,46,62.71608695652174,4,57196.310000000005,0.0,0.0,0.0,22.96,Low
CUST-00648,Customer_648,40,M,North,Employed,116169.15,645,0.179,7339.9800000000005,55,133.45418181818184,10,96648.25,1.0,0.0,0.0,17.3,Low
CUST-00649,Customer_649,23,F,Central,Employed,48522.12,623,0.271,2541.17,54,47.058703703703706,2,236709.69,1.0,0.0,1.0,26.65,Medium
CUST-00650,Customer_650,34,M,South,Employed,30266.75,711,0.376,1451.71,47,30.88744680851064,0,0.0,0.0,0.0,0.0,18.33,Low
CUST-00651,Customer_651,50,F,East,Self-Employed,32033.95,604,0.528,511.16,26,19.66,0,0.0,0.0,0.0,0.0,28.64,Medium
CUST-00652,Customer_652,58,M,Central,Retired,33695.92,649,0.294,700.77,23,30.468260869565217,0,0.0,0.0,0.0,0.0,21.94,Low
CUST-00653,Customer_653,40,M,Central,Employed,106475.6,753,0.524,6416.83,36,178.24527777777777,9,123124.21,3.0,0.0,0.0,18.75,Low
CUST-00654,Customer_654,53,M,East,Retired,109442.96,782,0.488,4126.8,21,196.51428571428573,6,34705.2,1.0,0.0,0.0,18.6,Low
CUST-00655,Customer_655,34,M,South,Retired,53623.3,525,0.678,2928.29,50,58.565799999999996,4,35625.01,0.0,2.0,0.0,56.24,High
CUST-00656,Customer_656,45,M,South,Self-Employed,209616.24,508,0.576,5126.49,19,269.8152631578947,11,0.0,0.0,0.0,0.0,35.5,Medium
CUST-00657,Customer_657,42,F,North,Employed,32702.08,675,0.206,847.24,26,32.58615384615385,1,37977.49,0.0,0.0,0.0,16.99,Low
CUST-00658,Customer_658,37,M,Central,Unemployed,70014.78,778,0.453,2011.51,34,59.162058823529414,3,21584.8,0.0,1.0,0.0,33.16,Medium
CUST-00659,Customer_659,67,F,West,Unemployed,63143.92,655,0.388,1493.9,23,64.95217391304348,1,187564.08,1.0,0.0,0.0,26.47,Medium
CUST-00660,Customer_660,46,M,Central,Self-Employed,39165.79,639,0.708,1354.02,32,42.313125,2,146448.36000000002,3.0,0.0,0.0,30.4,Medium
CUST-00661,Customer_661,66,M,North,Employed,97618.78,717,0.276,1774.38,27,65.71777777777778,2,27796.14,1.0,0.0,0.0,14.98,Low
CUST-00662,Customer_662,37,M,East,Self-Employed,42648.31,736,0.25,1282.15,37,34.652702702702705,0,0.0,0.0,0.0,0.0,15.54,Low
CUST-00663,Customer_663,51,F,East,Employed,36443.38,770,0.455,1655.47,49,33.78510204081633,1,0.0,0.0,0.0,0.0,16.57,Low
CUST-00664,Customer_664,40,F,West,Employed,108448.52,769,0.287,8622.7,53,162.6924528301887,12,0.0,0.0,0.0,0.0,13.0,Low
CUST-00665,Customer_665,40,F,West,Employed,95395.35,674,0.297,4190.92,42,99.78380952380952,6,0.0,0.0,0.0,0.0,18.12,Low
CUST-00666,Customer_666,64,F,North,Unemployed,33451.69,460,0.288,1222.89,35,34.93971428571429,1,0.0,0.0,0.0,0.0,35.78,Medium
CUST-00667,Customer_667,37,M,North,Employed,20000.0,808,0.247,424.49,26,16.326538461538462,0,140086.82,2.0,0.0,0.0,10.95,Low
CUST-00668,Customer_668,53,F,South,Self-Employed,72598.8,609,0.386,1741.0900000000001,25,69.6436,1,18889.78,0.0,0.0,0.0,24.75,Low
CUST-00669,Customer_669,20,F,North,Employed,20000.0,705,0.279,772.42,47,16.43446808510638,0,83216.04999999999,2.0,0.0,0.0,17.21,Low
CUST-00670,Customer_670,23,F,West,Employed,49645.88,730,0.122,1720.2,36,47.78333333333333,0,0.0,0.0,0.0,0.0,11.62,Low
CUST-00671,Customer_671,48,M,South,Employed,87040.31,510,0.194,5143.26,46,111.81,9,0.0,0.0,0.0,0.0,25.38,Medium
CUST-00672,Customer_672,38,F,Central,Self-Employed,45604.83,640,0.448,1396.15,28,49.862500000000004,1,47864.0,1.0,0.0,0.0,24.83,Low
CUST-00673,Customer_673,57,M,North,Employed,70178.72,580,0.102,2148.93,21,102.33,6,0.0,0.0,0.0,0.0,20.42,Low
CUST-00674,Customer_674,58,M,Central,Self-Employed,95197.4,789,0.354,1814.2400000000002,20,90.71200000000002,3,6300.22,0.0,0.0,0.0,14.52,Low
CUST-00675,Customer_675,52,F,North,Employed,75336.83,694,0.218,3045.25,36,84.59027777777777,6,0.0,0.0,0.0,0.0,15.85,Low
CUST-00676,Customer_676,56,M,Central,Retired,95338.75,731,0.193,6613.3,31,213.33225806451614,4,0.0,0.0,0.0,0.0,14.86,Low
CUST-00677,Customer_677,27,M,West,Employed,70065.92,608,0.312,2039.64,30,67.988,4,35397.81,0.0,2.0,0.0,42.34,Medium
CUST-00678,Customer_678,41,F,East,Employed,75462.02,632,0.445,2784.0,36,77.33333333333333,5,87861.95,1.0,1.0,0.0,35.63,Medium
CUST-00679,Customer_679,34,M,West,Employed,46525.17,762,0.609,2011.8799999999999,44,45.72454545454545,3,15793.0,0.0,0.0,0.0,20.04,Low
CUST-00680,Customer_680,19,F,North,Employed,35336.51,563,0.092,1929.0,51,37.8235294117647,2,17604.23,1.0,0.0,0.0,20.73,Low
CUST-00681,Customer_681,50,M,West,Self-Employed,69292.32,744,0.413,2079.01,25,83.16040000000001,4,117562.64,1.0,0.0,0.0,18.58,Low
CUST-00682,Customer_682,34,F,North,Employed,54292.71,602,0.228,1065.78,22,48.444545454545455,2,119329.91999999998,1.0,0.0,1.0,27.07,Medium
CUST-00683,Customer_683,36,F,East,Unemployed,108107.69,729,0.486,8236.72,47,175.24936170212766,14,48854.05,0.0,0.0,0.0,25.02,Medium
CUST-00684,Customer_684,59,F,West,Employed,58150.59,635,0.257,1776.24,30,59.208,2,61835.57,0.0,1.0,0.0,31.65,Medium
CUST-00685,Customer_685,48,M,East,Employed,36932.21,751,0.215,1553.45,38,40.88026315789474,1,0.0,0.0,0.0,0.0,12.82,Low
CUST-00686,Customer_686,43,M,West,Employed,33789.1,850,0.112,1978.17,53,37.32396226415094,2,58138.72,1.0,0.0,0.0,5.53,Low
CUST-00687,Customer_687,46,F,East,Self-Employed,82567.61,675,0.287,1801.25,26,69.27884615384616,3,29446.93,1.0,0.0,0.0,19.4,Low
CUST-00688,Customer_688,50,F,Central,Unemployed,96766.23,598,0.336,1667.04,20,83.352,4,0.0,0.0,0.0,0.0,28.81,Medium
CUST-00689,Customer_689,35,F,East,Unemployed,85859.89,588,0.583,4690.64,49,95.72734693877551,8,34245.29,0.0,1.0,0.0,46.26,Medium
CUST-00690,Customer_690,47,F,North,Retired,95688.92,574,0.52,1093.53,18,60.751666666666665,2,20504.59,0.0,0.0,0.0,29.87,Medium
CUST-00691,Customer_691,34,M,Central,Employed,50789.76,757,0.255,936.4399999999999,15,62.42933333333333,2,0.0,0.0,0.0,0.0,13.45,Low
CUST-00692,Customer_692,34,F,South,Employed,31340.64,848,0.176,1329.73,50,26.5946,0,145745.74,0.0,0.0,0.0,6.82,Low
CUST-00693,Customer_693,44,M,West,Self-Employed,34839.47,684,0.268,1327.94,54,24.591481481481484,0,0.0,0.0,0.0,0.0,18.98,Low
CUST-00694,Customer_694,36,F,South,Employed,46499.13,587,0.213,2219.81,55,40.360181818181815,1,182120.34,1.0,2.0,0.0,41.41,Medium
CUST-00695,Customer_695,41,F,West,Employed,65313.18,660,0.402,4310.95,49,87.97857142857143,6,244247.86,0.0,1.0,0.0,33.33,Medium
CUST-00696,Customer_696,44,F,Central,Employed,147161.59,803,0.182,6052.32,34,178.00941176470587,7,136659.8,3.0,0.0,0.0,8.58,Low
CUST-00697,Customer_697,37,F,Central,Employed,78361.66,746,0.32,6572.660000000001,26,252.7946153846154,4,0.0,0.0,0.0,0.0,14.94,Low
CUST-00698,Customer_698,42,M,North,Unemployed,132332.07,638,0.358,2301.19,20,115.0595,6,21456.11,0.0,0.0,1.0,33.2,Medium
CUST-00699,Customer_699,41,F,South,Self-Employed,56488.91,644,0.482,693.77,19,36.514210526315786,0,9540.09,0.0,0.0,0.0,24.86,Low
CUST-00700,Customer_700,35,F,East,Retired,41483.29,619,0.427,616.65,23,26.81086956521739,0,29421.72,1.0,0.0,0.0,25.99,Medium
CUST-00701,Customer_701,46,M,North,Employed,94918.16,623,0.01,3153.66,44,71.6740909090909,2,52943.69,1.0,0.0,0.0,14.68,Low
CUST-00702,Customer_702,75,M,West,Employed,43199.75,842,0.421,1178.7,36,32.74166666666667,0,139912.21,1.0,0.0,0.0,11.66,Low
CUST-00703,Customer_703,41,M,East,Retired,69916.39,669,0.386,3754.14,53,70.83283018867924,4,0.0,0.0,0.0,0.0,22.2,Low
CUST-00704,Customer_704,29,M,East,Employed,64119.3,613,0.174,2838.36,51,55.654117647058825,2,243529.53999999998,3.0,0.0,0.0,18.94,Low
CUST-00705,Customer_705,38,M,North,Unemployed,50115.53,580,0.307,2431.89,49,49.6304081632653,2,133152.53,1.0,0.0,0.0,29.2,Medium
CUST-00706,Customer_706,27,M,East,Employed,101382.43,601,0.3,1776.68,34,52.25529411764706,1,0.0,0.0,0.0,0.0,21.52,Low
CUST-00707,Customer_707,29,M,Central,Employed,99927.31,750,0.313,2762.37,45,61.385999999999996,3,0.0,0.0,0.0,0.0,13.86,Low
CUST-00708,Customer_708,27,M,West,Self-Employed,38802.13,765,0.577,1604.59,34,47.19382352941176,1,99212.13,0.0,0.0,0.0,20.76,Low
CUST-00709,Customer_709,30,F,North,Employed,29754.15,572,0.25,618.6,29,21.33103448275862,0,55592.73,0.0,0.0,0.0,23.41,Low
CUST-00710,Customer_710,36,M,North,Unemployed,64088.09,550,0.384,1187.1,15,79.14,4,0.0,0.0,0.0,0.0,33.21,Medium
CUST-00711,Customer_711,48,M,South,Retired,55956.04,737,0.186,873.6999999999999,16,54.606249999999996,1,0.0,0.0,0.0,0.0,14.69,Low
CUST-00712,Customer_712,47,M,Central,Employed,80919.55,735,0.23,2592.18,33,78.55090909090909,5,76235.3,2.0,0.0,0.0,13.69,Low
CUST-00713,Customer_713,41,F,Central,Employed,64185.14,579,0.468,3840.82,49,78.38408163265306,5,16201.34,0.0,0.0,1.0,32.99,Medium
CUST-00714,Customer_714,42,M,West,Self-Employed,51512.23,702,0.39,2740.15,44,62.27613636363637,4,39233.86,1.0,0.0,0.0,20.42,Low
CUST-00715,Customer_715,38,F,West,Employed,38776.27,684,0.175,1936.06,49,39.51142857142857,1,82071.88,1.0,0.0,0.0,15.59,Low
CUST-00716,Customer_716,46,M,West,Self-Employed,35276.18,697,0.387,1695.71,48,35.32729166666667,1,0.0,0.0,0.0,0.0,20.74,Low
CUST-00717,Customer_717,42,M,South,Employed,91361.89,628,0.184,1865.29,20,93.2645,3,133779.35,2.0,0.0,0.0,18.45,Low
CUST-00718,Customer_718,66,M,Central,Employed,109882.12,661,0.324,4383.929999999999,30,146.13099999999997,7,0.0,0.0,0.0,0.0,19.65,Low
CUST-00719,Customer_719,35,M,East,Employed,70420.12,550,0.427,1095.31,20,54.765499999999996,1,28985.32,1.0,0.0,0.0,27.38,Medium
CUST-00720,Customer_720,26,M,East,Self-Employed,86644.56,719,0.162,4275.54,54,79.17666666666666,6,23029.48,0.0,0.0,0.0,14.42,Low
CUST-00721,Customer_721,54,F,Central,Employed,92798.53,686,0.179,1976.31,31,63.751935483870966,2,0.0,0.0,0.0,0.0,14.74,Low
CUST-00722,Customer_722,50,M,East,Employed,20000.0,755,0.215,443.65,18,24.647222222222222,0,43953.72,1.0,0.0,0.0,13.2,Low
CUST-00723,Customer_723,45,M,East,Retired,70288.26,532,0.326,2824.7400000000002,34,83.08058823529413,2,20609.85,1.0,0.0,0.0,28.39,Medium
CUST-00724,Customer_724,47,M,South,Employed,20000.0,669,0.318,601.39,38,15.826052631578946,0,31416.559999999998,2.0,0.0,0.0,19.95,Low
CUST-00725,Customer_725,40,F,North,Employed,29875.58,728,0.105,490.16,25,19.6064,0,48874.44,1.0,0.0,0.0,12.0,Low
CUST-00726,Customer_726,18,M,Central,Employed,27792.0,621,0.474,1135.27,32,35.4771875,1,0.0,0.0,0.0,0.0,25.46,Medium
CUST-00727,Customer_727,59,M,Central,Employed,47539.25,753,0.091,1791.22,38,47.137368421052635,1,72478.5,1.0,0.0,0.0,9.93,Low
CUST-00728,Customer_728,46,F,Central,Self-Employed,123775.87,606,0.441,5633.16,53,106.28603773584905,10,90872.13,0.0,0.0,0.0,26.13,Medium
CUST-00729,Customer_729,31,M,Central,Employed,59411.65,679,0.577,2199.7599999999998,35,62.85028571428571,4,66069.58,1.0,0.0,0.0,23.86,Low
CUST-00730,Customer_730,45,M,South,Employed,96550.83,578,0.339,1983.89,22,90.17681818181819,2,38533.15,0.0,0.0,1.0,29.92,Medium
CUST-00731,Customer_731,36,M,East,Retired,39445.65,806,0.24,1050.73,21,50.03476190476191,1,19284.16,1.0,0.0,0.0,12.35,Low
CUST-00732,Customer_732,31,M,South,Unemployed,113721.05,732,0.072,3637.98,36,101.055,4,247166.44,1.0,0.0,0.0,15.59,Low
CUST-00733,Customer_733,35,F,West,Self-Employed,77936.41,448,0.634,2712.85,27,100.47592592592592,2,49800.84,0.0,0.0,1.0,44.58,Medium
CUST-00734,Customer_734,49,F,West,Employed,96655.72,770,0.351,3928.97,47,83.59510638297871,4,0.0,0.0,0.0,0.0,13.66,Low
CUST-00735,Customer_735,33,M,South,Employed,28486.75,678,0.124,1043.85,42,24.853571428571428,0,18879.46,1.0,0.0,0.0,15.16,Low
CUST-00736,Customer_736,43,M,Central,Employed,325225.22,807,0.134,8812.51,42,209.82166666666666,18,36445.71,1.0,0.0,0.0,7.67,Low
CUST-00737,Customer_737,25,F,Central,Self-Employed,75941.55,623,0.408,1042.19,18,57.89944444444445,0,80597.3,2.0,0.0,0.0,24.18,Low
CUST-00738,Customer_738,32,F,Central,Employed,37465.93,727,0.466,560.35,15,37.35666666666667,0,0.0,0.0,0.0,0.0,19.0,Low
CUST-00739,Customer_739,32,M,East,Unemployed,145108.41,705,0.537,2581.4,19,135.86315789473684,7,0.0,0.0,0.0,0.0,27.36,Medium
CUST-00740,Customer_740,21,F,Central,Unemployed,33345.53,684,0.162,1771.96,37,47.89081081081081,1,81929.27,1.0,0.0,0.0,21.04,Low
CUST-00741,Customer_741,37,F,Central,Employed,34208.51,592,0.358,1676.94,49,34.22326530612245,2,151209.03,1.0,0.0,0.0,24.52,Low
CUST-00742,Customer_742,49,M,South,Employed,69377.23,610,0.154,1462.89,24,60.95375000000001,2,0.0,0.0,0.0,0.0,18.83,Low
CUST-00743,Customer_743,26,F,East,Employed,67256.44,780,0.195,1629.91,22,74.08681818181819,1,0.0,0.0,0.0,0.0,10.22,Low
CUST-00744,Customer_744,46,M,West,Unemployed,149500.21,712,0.272,3617.3,15,241.15333333333334,4,0.0,0.0,0.0,0.0,21.13,Low
CUST-00745,Customer_745,36,M,South,Unemployed,68268.6,568,0.301,2922.43,46,63.53108695652173,3,211799.56,0.0,1.0,0.0,41.49,Medium
CUST-00746,Customer_746,39,F,Central,Self-Employed,139241.51,786,0.208,4159.88,36,115.55222222222223,6,0.0,0.0,0.0,0.0,11.4,Low
CUST-00747,Customer_747,42,M,South,Unemployed,117770.69,773,0.058,5611.92,49,114.52897959183673,10,102088.13,1.0,0.0,0.0,13.49,Low
CUST-00748,Customer_748,56,M,Central,Employed,39859.89,564,0.225,642.59,24,26.774583333333336,0,133332.38999999998,2.0,0.0,0.0,23.0,Low
CUST-00749,Customer_749,51,M,East,Retired,102054.57,714,0.108,4945.34,33,149.8587878787879,7,61475.84,1.0,0.0,0.0,14.42,Low
CUST-00750,Customer_750,41,F,Central,Employed,50246.11,592,0.271,3252.09,43,75.63000000000001,3,79538.88,0.0,0.0,0.0,22.47,Low
CUST-00751,Customer_751,34,M,South,Retired,52594.08,600,0.566,2397.39,34,70.51147058823528,4,0.0,0.0,0.0,0.0,30.12,Medium
CUST-00752,Customer_752,18,F,North,Retired,34384.23,497,0.219,605.31,20,30.265499999999996,1,11482.66,0.0,0.0,0.0,28.96,Medium
CUST-00753,Customer_753,46,M,South,Employed,20000.0,577,0.429,1070.4,48,22.3,0,0.0,0.0,0.0,0.0,27.19,Medium
CUST-00754,Customer_754,45,F,South,Unemployed,53020.11,691,0.171,2925.91,55,53.19836363636363,3,44515.63,1.0,0.0,0.0,20.43,Low
CUST-00755,Customer_755,40,F,West,Employed,81774.8,625,0.28,5616.65,47,119.5031914893617,7,0.0,0.0,0.0,0.0,20.66,Low
CUST-00756,Customer_756,63,F,West,Employed,93378.83,608,0.299,3936.51,42,93.72642857142857,7,89292.29,1.0,0.0,0.0,21.9,Low
CUST-00757,Customer_757,50,M,West,Employed,29708.02,779,0.408,1116.55,23,48.54565217391304,1,0.0,0.0,0.0,0.0,15.5,Low
CUST-00758,Customer_758,38,F,West,Retired,144217.38,751,0.343,1963.16,17,115.48,3,20429.8,1.0,0.0,0.0,16.51,Low
CUST-00759,Customer_759,18,M,North,Self-Employed,184093.28,698,0.584,7375.85,54,136.58981481481482,14,58520.41,0.0,0.0,0.0,23.85,Low
CUST-00760,Customer_760,39,F,North,Unemployed,209482.94,573,0.205,4682.8099999999995,31,151.05838709677417,9,113093.76000000001,1.0,0.0,0.0,27.09,Medium
CUST-00761,Customer_761,27,M,West,Unemployed,119358.41,750,0.371,6277.95,52,120.72980769230769,8,272929.85000000003,1.0,2.0,0.0,40.74,Medium
CUST-00762,Customer_762,52,F,East,Unemployed,199147.73,623,0.5,8644.91,50,172.8982,17,59652.98,0.0,0.0,0.0,30.57,Medium
CUST-00763,Customer_763,39,M,Central,Unemployed,38290.11,759,0.473,1151.62,17,67.74235294117646,2,33887.75,0.0,1.0,0.0,35.46,Medium
CUST-00764,Customer_764,20,F,North,Employed,110970.96,668,0.385,4587.2,52,88.21538461538461,3,51448.63,1.0,0.0,0.0,19.6,Low
CUST-00765,Customer_765,27,F,North,Employed,32310.85,748,0.239,679.74,20,33.987,0,399881.61,3.0,0.0,0.0,13.49,Low
CUST-00766,Customer_766,37,M,West,Employed,49792.31,564,0.449,855.7299999999999,25,34.2292,0,20764.35,0.0,0.0,0.0,27.22,Medium
CUST-00767,Customer_767,41,F,South,Retired,70196.31,578,0.368,3307.92,53,62.41358490566038,3,38467.34,0.0,0.0,0.0,26.71,Medium
CUST-00768,Customer_768,52,M,East,Employed,66867.26,694,0.234,2390.53,53,45.10433962264151,1,140929.28,4.0,0.0,0.0,15.57,Low
CUST-00769,Customer_769,30,F,North,Self-Employed,64521.81,692,0.163,1399.35,20,69.9675,3,163646.94999999998,2.0,0.0,0.0,16.46,Low
CUST-00770,Customer_770,36,M,East,Self-Employed,59316.73,730,0.411,3560.21,52,68.46557692307692,3,0.0,0.0,0.0,0.0,18.98,Low
CUST-00771,Customer_771,20,M,North,Employed,40612.23,559,0.705,2103.15,47,44.74787234042553,3,45244.2,0.0,0.0,1.0,39.17,Medium
CUST-00772,Customer_772,32,M,West,Self-Employed,39270.34,691,0.41,565.73,20,28.2865,0,280264.13,3.0,0.0,0.0,21.29,Low
CUST-00773,Customer_773,46,M,North,Employed,66896.98,592,0.3,1925.9099999999999,36,53.497499999999995,2,73708.39,1.0,0.0,0.0,22.64,Low
CUST-00774,Customer_774,30,M,Central,Employed,58574.7,558,0.251,2702.4700000000003,30,90.08233333333334,3,0.0,0.0,0.0,0.0,23.89,Low
CUST-00775,Customer_775,23,F,North,Employed,93831.92,560,0.284,2978.68,36,82.74111111111111,4,154965.28,1.0,1.0,0.0,35.94,Medium
CUST-00776,Customer_776,30,M,West,Self-Employed,87469.06,623,0.278,2113.73,32,66.0540625,1,93236.43,1.0,0.0,0.0,21.56,Low
CUST-00777,Customer_777,43,M,South,Employed,63183.91,724,0.384,1011.03,16,63.189375,2,98005.08,1.0,0.0,0.0,17.53,Low
CUST-00778,Customer_778,47,M,North,Employed,25078.78,689,0.315,1170.47,54,21.67537037037037,0,49652.630000000005,1.0,0.0,0.0,18.53,Low
CUST-00779,Customer_779,33,F,South,Employed,41669.65,633,0.445,1479.87,41,36.09439024390244,1,0.0,0.0,0.0,0.0,23.71,Low
CUST-00780,Customer_780,54,M,South,Employed,98654.51,696,0.32,2805.78,22,127.53545454545456,3,89768.6,1.0,0.0,1.0,23.3,Low
CUST-00781,Customer_781,69,M,Central,Self-Employed,37469.27,731,0.244,1750.3600000000001,37,47.30702702702703,3,98808.25,3.0,0.0,0.0,16.25,Low
CUST-00782,Customer_782,20,F,South,Self-Employed,64572.5,850,0.421,895.78,16,55.98625,1,37757.49,1.0,0.0,0.0,12.56,Low
CUST-00783,Customer_783,40,F,Central,Self-Employed,60404.2,756,0.581,2385.71,38,62.78184210526316,3,72368.19,1.0,0.0,0.0,21.05,Low
CUST-00784,Customer_784,35,M,North,Retired,47665.12,595,0.24,2499.12,50,49.9824,2,0.0,0.0,0.0,0.0,23.6,Low
CUST-00785,Customer_785,40,M,Central,Self-Employed,60393.32,704,0.332,2345.13,34,68.97441176470589,3,148856.75,2.0,0.0,0.0,18.95,Low
CUST-00786,Customer_786,25,F,East,Unemployed,48878.03,704,0.102,2390.96,48,49.81166666666667,3,13280.89,0.0,0.0,0.0,18.47,Low
CUST-00787,Customer_787,48,F,North,Employed,43251.77,518,0.219,2048.18,52,39.38807692307692,2,34804.54,0.0,0.0,0.0,25.48,Medium
CUST-00788,Customer_788,49,F,North,Unemployed,49914.85,639,0.268,1328.25,23,57.75,1,50763.01,1.0,0.0,0.0,25.22,Medium
CUST-00789,Customer_789,55,F,South,Employed,45329.74,592,0.261,837.4399999999999,17,49.26117647058823,1,223953.36,1.0,1.0,0.0,34.33,Medium
CUST-00790,Customer_790,42,M,West,Employed,73000.12,730,0.418,3172.79,43,73.78581395348837,4,38246.93,1.0,0.0,0.0,17.55,Low
CUST-00791,Customer_791,63,M,West,Employed,60318.72,664,0.116,2387.53,44,54.26204545454546,4,0.0,0.0,0.0,0.0,15.33,Low
CUST-00792,Customer_792,44,F,Central,Employed,83292.78,771,0.509,2886.46,46,62.74913043478261,2,156547.5,1.0,0.0,1.0,22.73,Low
CUST-00793,Customer_793,45,M,East,Retired,186749.67,559,0.586,2105.6,17,123.85882352941177,6,26945.45,0.0,1.0,0.0,44.42,Medium
CUST-00794,Customer_794,44,F,Central,Employed,90488.68,743,0.459,1178.49,20,58.9245,0,0.0,0.0,0.0,0.0,16.94,Low
CUST-00795,Customer_795,51,M,West,Retired,75594.53,598,0.413,2992.91,31,96.54548387096774,7,84688.36,0.0,1.0,0.0,39.27,Medium
CUST-00796,Customer_796,35,M,North,Self-Employed,47721.46,618,0.049,1644.62,25,65.78479999999999,1,81945.86,0.0,0.0,0.0,18.02,Low
CUST-00797,Customer_797,45,F,South,Employed,75327.9,792,0.23,2128.42,37,57.52486486486487,2,27711.87,2.0,0.0,0.0,10.18,Low
CUST-00798,Customer_798,31,F,Central,Employed,28717.89,750,0.268,1283.71,52,24.68673076923077,0,82964.45,1.0,0.0,0.0,14.11,Low
CUST-00799,Customer_799,37,F,West,Self-Employed,92119.99,552,0.111,2089.47,33,63.31727272727272,3,22483.46,1.0,0.0,0.0,22.33,Low
CUST-00800,Customer_800,29,M,East,Employed,145849.89,722,0.091,2684.2599999999998,22,122.01181818181817,7,50676.52,1.0,0.0,0.0,11.75,Low
CUST-00801,Customer_801,60,M,South,Employed,76970.57,550,0.093,2207.82,34,64.93588235294118,2,243292.18999999997,3.0,0.0,0.0,20.64,Low
CUST-00802,Customer_802,48,M,East,Self-Employed,53382.19,656,0.382,1781.29,39,45.67410256410256,1,0.0,0.0,0.0,0.0,22.4,Low
CUST-00803,Customer_803,40,M,North,Employed,37480.86,616,0.092,1434.32,44,32.598181818181814,1,27030.76,1.0,0.0,0.0,17.69,Low
CUST-00804,Customer_804,24,F,North,Employed,41723.54,661,0.128,1909.42,54,35.35962962962963,2,197136.84,2.0,0.0,0.0,15.9,Low
CUST-00805,Customer_805,44,M,East,Self-Employed,30973.41,782,0.557,1243.28,47,26.452765957446807,1,0.0,0.0,0.0,0.0,19.66,Low
CUST-00806,Customer_806,33,M,North,Employed,44519.45,662,0.249,2369.46,54,43.87888888888889,2,170122.13,1.0,0.0,1.0,24.19,Low
CUST-00807,Customer_807,32,M,South,Employed,45529.74,638,0.173,1086.3,15,72.42,2,39995.31,0.0,0.0,0.0,18.43,Low
CUST-00808,Customer_808,38,F,South,Employed,33536.53,723,0.124,1164.51,30,38.817,2,139960.61000000002,2.0,0.0,0.0,12.85,Low
CUST-00809,Customer_809,38,F,North,Unemployed,20000.0,505,0.283,1009.25,52,19.408653846153847,0,211662.29,1.0,0.0,0.0,33.7,Medium
CUST-00810,Customer_810,46,F,West,Employed,44499.13,765,0.154,2587.09,46,56.24108695652174,2,110634.34,1.0,0.0,0.0,10.7,Low
CUST-00811,Customer_811,41,F,Central,Self-Employed,63752.0,690,0.204,2692.62,45,59.836,4,0.0,0.0,0.0,0.0,17.09,Low
CUST-00812,Customer_812,38,F,Central,Employed,126725.16,657,0.145,5483.71,38,144.30815789473684,9,35523.45,0.0,0.0,0.0,16.14,Low
CUST-00813,Customer_813,28,M,East,Employed,57680.29,723,0.377,2039.37,29,70.32310344827586,2,0.0,0.0,0.0,0.0,17.27,Low
CUST-00814,Customer_814,42,M,Central,Self-Employed,83684.13,634,0.29,3563.12,43,82.86325581395349,6,135060.46,2.0,0.0,1.0,27.8,Medium
CUST-00815,Customer_815,52,M,Central,Employed,60642.9,806,0.135,807.95,16,50.496875,1,50900.79,1.0,0.0,0.0,7.81,Low
CUST-00816,Customer_816,26,M,South,Employed,40754.52,699,0.317,2015.57,47,42.884468085106384,2,59388.57000000001,2.0,0.0,0.0,17.66,Low
CUST-00817,Customer_817,25,F,South,Employed,93128.46,706,0.417,1418.74,21,67.55904761904762,1,0.0,0.0,0.0,0.0,18.32,Low
CUST-00818,Customer_818,32,M,Central,Unemployed,31154.97,649,0.385,1395.76,37,37.723243243243246,1,168348.3,0.0,3.0,1.0,47.49,Medium
CUST-00819,Customer_819,23,F,South,Employed,112718.3,666,0.413,2271.48,25,90.8592,4,35079.38,0.0,0.0,0.0,20.76,Low
CUST-00820,Customer_820,33,F,East,Unemployed,40530.61,743,0.513,1032.73,19,54.35421052631579,0,0.0,0.0,0.0,0.0,24.48,Low
CUST-00821,Customer_821,35,F,North,Employed,31303.67,688,0.164,369.94,22,16.815454545454546,0,67888.97,0.0,1.0,0.0,27.3,Medium
CUST-00822,Customer_822,18,M,South,Employed,39176.79,525,0.274,1374.43,37,37.14675675675676,0,0.0,0.0,0.0,0.0,26.13,Medium
CUST-00823,Customer_823,50,M,West,Employed,42738.66,679,0.571,2946.17,47,62.68446808510638,4,95168.26000000001,1.0,0.0,0.0,23.99,Low
CUST-00824,Customer_824,30,F,East,Employed,90727.54,665,0.07,3261.1,39,83.61794871794872,5,9658.26,0.0,0.0,0.0,14.05,Low
CUST-00825,Customer_825,45,F,North,Employed,27616.84,645,0.222,1492.05,54,27.630555555555556,1,59760.03,0.0,0.0,0.0,19.05,Low
CUST-00826,Customer_826,54,F,Central,Employed,42371.88,660,0.186,755.8199999999999,15,50.388,1,69612.07,2.0,0.0,0.0,17.24,Low
CUST-00827,Customer_827,55,F,South,Self-Employed,39677.8,507,0.278,1301.49,20,65.0745,2,62232.759999999995,0.0,1.0,0.0,41.18,Medium
CUST-00828,Customer_828,51,M,South,Employed,137791.18,719,0.312,2953.5099999999998,21,140.64333333333332,7,181174.55,2.0,0.0,0.0,16.48,Low
CUST-00829,Customer_829,39,M,South,Employed,147297.11,668,0.258,5608.52,45,124.6337777777778,13,15668.54,1.0,0.0,0.0,17.88,Low
CUST-00830,Customer_830,18,M,East,Employed,62662.92,688,0.512,3030.89,50,60.617799999999995,5,36495.15,1.0,0.0,0.0,21.94,Low
CUST-00831,Customer_831,37,F,East,Employed,129829.39,576,0.135,5189.58,36,144.155,7,60837.22,0.0,0.0,0.0,20.11,Low
CUST-00832,Customer_832,56,M,West,Employed,20000.0,827,0.244,572.03,27,21.186296296296295,0,54276.88,1.0,0.0,0.0,9.86,Low
CUST-00833,Customer_833,25,M,East,Employed,70442.94,711,0.43,4364.76,53,82.35396226415095,7,58378.14,1.0,0.0,1.0,25.07,Medium
CUST-00834,Customer_834,32,M,Central,Employed,38891.35,846,0.323,1189.15,22,54.05227272727273,1,0.0,0.0,0.0,0.0,9.84,Low
CUST-00835,Customer_835,23,F,West,Retired,76335.68,647,0.143,2659.7,35,75.99142857142857,3,212840.50999999998,4.0,0.0,0.0,18.49,Low
CUST-00836,Customer_836,33,M,Central,Employed,38960.36,629,0.33,1289.9,30,42.99666666666667,2,0.0,0.0,0.0,0.0,21.92,Low
CUST-00837,Customer_837,42,F,North,Self-Employed,53060.88,626,0.228,2308.02,39,59.18,3,0.0,0.0,0.0,0.0,21.22,Low
CUST-00838,Customer_838,47,F,South,Employed,122457.32,633,0.44,2038.42,22,92.65545454545455,4,148235.31,2.0,1.0,0.0,35.11,Medium
CUST-00839,Customer_839,37,F,West,Self-Employed,85479.6,538,0.063,1413.78,18,78.54333333333334,2,0.0,0.0,0.0,0.0,22.33,Low
CUST-00840,Customer_840,62,F,East,Employed,20000.0,786,0.533,1025.19,47,21.812553191489364,0,0.0,0.0,0.0,0.0,17.87,Low
CUST-00841,Customer_841,46,M,South,Employed,133011.39,618,0.473,6127.37,32,191.4803125,8,113458.42,0.0,0.0,0.0,24.83,Low
CUST-00842,Customer_842,19,M,South,Employed,20000.0,703,0.276,693.99,31,22.386774193548387,0,0.0,0.0,0.0,0.0,17.26,Low
CUST-00843,Customer_843,50,F,East,Employed,46825.29,715,0.247,2365.19,50,47.3038,3,22545.9,1.0,0.0,0.0,15.31,Low
CUST-00844,Customer_844,36,F,South,Employed,32289.42,850,0.287,1022.36,40,25.559,0,0.0,0.0,0.0,0.0,8.89,Low
CUST-00845,Customer_845,42,F,North,Employed,95053.6,850,0.128,4028.68,32,125.89625,7,25017.260000000002,1.0,0.0,0.0,5.52,Low
CUST-00846,Customer_846,68,F,Central,Employed,52652.14,548,0.547,1528.55,27,56.61296296296296,2,0.0,0.0,0.0,0.0,30.35,Medium
CUST-00847,Customer_847,46,F,South,Employed,113344.99,713,0.095,4882.01,46,106.13065217391305,9,10984.35,1.0,0.0,0.0,12.01,Low
CUST-00848,Customer_848,47,F,West,Employed,50065.41,830,0.362,1600.58,38,42.12052631578947,2,0.0,0.0,0.0,0.0,11.22,Low
CUST-00849,Customer_849,37,F,East,Unemployed,66243.3,647,0.424,2005.38,34,58.981764705882355,2,61845.44,1.0,0.0,0.0,27.64,Medium
CUST-00850,Customer_850,39,M,West,Unemployed,102084.44,615,0.276,1645.16,21,78.34095238095239,2,0.0,0.0,0.0,0.0,26.1,Medium
CUST-00851,Customer_851,40,M,North,Employed,179265.75,644,0.46,4860.79,29,167.61344827586205,11,0.0,0.0,0.0,0.0,23.45,Low
CUST-00852,Customer_852,59,M,North,Employed,110347.77,716,0.236,3935.59,31,126.95451612903226,6,0.0,0.0,0.0,0.0,14.69,Low
CUST-00853,Customer_853,45,M,South,Employed,50867.09,553,0.442,1713.28,46,37.245217391304344,2,38204.02,1.0,0.0,0.0,27.87,Medium
CUST-00854,Customer_854,38,F,North,Self-Employed,80706.98,691,0.422,1973.72,32,61.67875,2,22187.75,1.0,0.0,0.0,20.99,Low
CUST-00855,Customer_855,21,M,North,Retired,158725.83,575,0.366,6759.16,49,137.94204081632654,7,105163.21,0.0,0.0,0.0,26.29,Medium
CUST-00856,Customer_856,21,F,South,Employed,50892.65,675,0.062,2857.39,45,63.49755555555555,5,93224.2,1.0,0.0,0.0,13.95,Low
CUST-00857,Customer_857,33,F,North,Employed,68675.9,683,0.171,1959.8,37,52.96756756756756,1,0.0,0.0,0.0,0.0,14.92,Low
CUST-00858,Customer_858,58,M,South,Retired,46814.33,619,0.65,1781.4,28,63.621428571428574,3,229055.24,1.0,2.0,0.0,50.85,High
CUST-00859,Customer_859,58,F,West,Employed,114571.27,850,0.634,4330.53,28,154.6617857142857,11,46392.8,0.0,0.0,0.0,16.29,Low
CUST-00860,Customer_860,43,F,South,Employed,35484.41,654,0.173,762.6800000000001,19,40.14105263157895,1,89471.94,1.0,0.0,0.0,17.45,Low
CUST-00861,Customer_861,35,M,East,Employed,26325.13,797,0.296,563.67,27,20.876666666666665,0,40792.81,0.0,0.0,0.0,12.2,Low
CUST-00862,Customer_862,32,M,North,Self-Employed,71855.05,590,0.495,2052.35,19,108.01842105263158,4,0.0,0.0,0.0,0.0,28.83,Medium
CUST-00863,Customer_863,37,M,East,Employed,39741.76,675,0.477,1142.0,23,49.65217391304348,0,28278.34,1.0,0.0,0.0,21.99,Low
CUST-00864,Customer_864,41,F,North,Employed,49574.74,497,0.424,2073.11,45,46.06911111111111,2,11483.28,0.0,1.0,0.0,42.6,Medium
CUST-00865,Customer_865,43,M,West,Employed,33864.45,762,0.338,1721.1,46,37.415217391304346,0,74062.84,3.0,0.0,0.0,14.65,Low
CUST-00866,Customer_866,45,M,Central,Unemployed,76708.87,661,0.653,4765.46,54,88.24925925925926,11,103265.64000000001,1.0,1.0,0.0,44.01,Medium
CUST-00867,Customer_867,36,F,West,Employed,154382.0,615,0.258,3354.27,30,111.809,5,70129.86,1.0,1.0,0.0,32.1,Medium
CUST-00868,Customer_868,18,F,Central,Employed,64519.49,680,0.292,4787.35,44,108.8034090909091,9,50336.05,0.0,0.0,0.0,18.46,Low
CUST-00869,Customer_869,35,F,South,Employed,51296.66,737,0.669,2542.35,53,47.9688679245283,1,31415.489999999998,1.0,1.0,0.0,34.24,Medium
CUST-00870,Customer_870,48,M,North,Retired,22629.79,718,0.244,417.43,15,27.828666666666667,0,0.0,0.0,0.0,0.0,17.65,Low
CUST-00871,Customer_871,41,F,North,Unemployed,30387.73,810,0.272,1434.05,41,34.97682926829268,1,239562.46,5.0,0.0,0.0,16.47,Low
CUST-00872,Customer_872,35,F,Central,Retired,45014.2,761,0.273,1885.78,41,45.99463414634146,5,29039.03,0.0,0.0,0.0,15.68,Low
CUST-00873,Customer_873,43,M,South,Self-Employed,50243.4,741,0.501,1792.98,48,37.35375,0,105838.53,1.0,0.0,0.0,20.09,Low
CUST-00874,Customer_874,76,M,South,Self-Employed,87875.19,609,0.527,922.36,19,48.54526315789474,0,167828.59000000003,0.0,0.0,1.0,33.15,Medium
CUST-00875,Customer_875,42,F,East,Retired,87893.9,574,0.162,2252.5699999999997,20,112.62849999999999,4,94802.37,1.0,0.0,0.0,23.25,Low
CUST-00876,Customer_876,26,M,South,Employed,55495.36,738,0.164,1088.14,17,64.00823529411765,2,14114.37,0.0,0.0,0.0,12.48,Low
CUST-00877,Customer_877,22,F,Central,Employed,20000.0,711,0.338,295.64,19,15.559999999999999,0,0.0,0.0,0.0,0.0,18.06,Low
CUST-00878,Customer_878,34,F,Central,Self-Employed,79266.3,626,0.387,3340.79,49,68.17938775510204,3,0.0,0.0,0.0,0.0,23.85,Low
CUST-00879,Customer_879,56,M,West,Employed,64550.99,477,0.412,2865.16,38,75.39894736842105,4,100287.71,0.0,0.0,1.0,37.44,Medium
CUST-00880,Customer_880,45,F,North,Employed,109838.86,814,0.449,2937.75,27,108.80555555555556,6,177401.65,1.0,0.0,0.0,13.75,Low
CUST-00881,Customer_881,18,M,North,Employed,87228.79,611,0.198,2106.12,27,78.00444444444445,2,0.0,0.0,0.0,0.0,19.34,Low
CUST-00882,Customer_882,49,F,Central,Employed,43118.52,534,0.298,1478.56,36,41.07111111111111,0,142245.36,1.0,0.0,0.0,26.0,Medium
CUST-00883,Customer_883,39,F,South,Retired,56061.76,585,0.365,2364.14,45,52.53644444444444,1,116075.48999999999,0.0,2.0,0.0,46.36,Medium
CUST-00884,Customer_884,63,F,North,Employed,30478.48,631,0.52,1587.1100000000001,47,33.768297872340426,1,41723.97,0.0,0.0,0.0,25.67,Medium
CUST-00885,Customer_885,50,M,North,Unemployed,44362.4,850,0.252,2340.88,55,42.561454545454545,1,41055.36,1.0,0.0,0.0,13.4,Low
CUST-00886,Customer_886,49,F,North,Employed,28004.61,523,0.068,467.09000000000003,25,18.683600000000002,0,72604.84,0.0,1.0,0.0,34.52,Medium
CUST-00887,Customer_887,56,F,Central,Employed,117643.79,654,0.095,4505.51,44,102.39795454545455,8,50650.95,0.0,0.0,0.0,15.11,Low
CUST-00888,Customer_888,44,F,South,Retired,41797.65,650,0.209,1292.02,32,40.375625,1,36370.67,1.0,0.0,0.0,20.09,Low
CUST-00889,Customer_889,57,F,West,Self-Employed,34925.26,539,0.363,1669.85,44,37.95113636363636,0,0.0,0.0,0.0,0.0,28.78,Medium
CUST-00890,Customer_890,29,F,South,Self-Employed,86661.19,549,0.064,2278.42,23,99.06173913043479,3,172020.55,3.0,0.0,0.0,21.83,Low
CUST-00891,Customer_891,18,M,West,Employed,49368.7,664,0.313,1688.81,43,39.2746511627907,2,13114.3,1.0,0.0,0.0,19.28,Low
CUST-00892,Customer_892,37,F,South,Employed,25231.95,782,0.23,492.2,16,30.7625,0,69922.67,0.0,0.0,0.0,11.75,Low
CUST-00893,Customer_893,40,F,Central,Employed,107267.3,604,0.615,5114.15,43,118.93372093023255,11,85388.61,1.0,1.0,0.0,40.72,Medium
CUST-00894,Customer_894,40,F,Central,Employed,79075.19,677,0.451,3236.07,52,62.23211538461539,5,28541.63,1.0,0.0,0.0,21.02,Low
CUST-00895,Customer_895,51,M,West,Employed,21367.09,743,0.154,1075.73,49,21.953673469387756,1,136318.01,2.0,0.0,0.0,12.66,Low
CUST-00896,Customer_896,29,M,South,Employed,22838.26,607,0.397,1004.96,42,23.92761904761905,1,84634.73,0.0,0.0,1.0,30.88,Medium
CUST-00897,Customer_897,56,M,North,Unemployed,74742.27,597,0.216,691.73,15,46.11533333333333,0,37984.37,1.0,0.0,0.0,25.77,Medium
CUST-00898,Customer_898,35,F,West,Employed,150300.67,724,0.691,2704.64,15,180.3093333333333,2,128417.34,0.0,0.0,0.0,22.68,Low
CUST-00899,Customer_899,26,M,North,Employed,91516.17,685,0.077,2854.52,30,95.15066666666667,2,49221.87,0.0,0.0,0.0,12.79,Low
CUST-00900,Customer_900,50,M,North,Employed,23939.38,550,0.335,413.7,17,24.33529411764706,0,31446.7,0.0,0.0,0.0,26.57,Medium
CUST-00901,Customer_901,33,F,South,Retired,93458.89,732,0.28,2194.13,32,68.5665625,2,297092.62,1.0,0.0,0.0,16.24,Low
CUST-00902,Customer_902,30,F,East,Employed,38295.97,850,0.493,1918.76,24,79.94833333333334,1,60128.74,1.0,0.0,0.0,13.02,Low
CUST-00903,Customer_903,52,F,Central,Self-Employed,117374.01,715,0.241,4375.15,41,106.71097560975609,5,19470.3,0.0,0.0,0.0,15.91,Low
CUST-00904,Customer_904,37,M,South,Employed,76560.76,627,0.478,1805.51,20,90.2755,3,0.0,0.0,0.0,0.0,24.6,Low
CUST-00905,Customer_905,30,M,East,Employed,146208.82,850,0.357,4979.16,45,110.648,8,44349.21,0.0,0.0,0.0,9.38,Low
CUST-00906,Customer_906,62,M,North,Employed,76055.42,649,0.363,3742.52,51,73.38274509803921,7,112368.78,1.0,0.0,0.0,21.04,Low
CUST-00907,Customer_907,30,F,South,Self-Employed,79645.13,762,0.466,2470.26,31,79.6858064516129,5,9358.89,0.0,0.0,0.0,18.5,Low
CUST-00908,Customer_908,48,M,East,Self-Employed,32443.5,628,0.228,1750.76,47,37.25021276595745,1,84438.53,0.0,1.0,0.0,33.42,Medium
CUST-00909,Customer_909,38,F,North,Employed,25031.89,787,0.134,622.5,28,22.232142857142858,0,48277.81,0.0,0.0,0.0,9.57,Low
CUST-00910,Customer_910,39,M,Central,Retired,77921.07,607,0.586,1391.85,15,92.78999999999999,2,42414.12,1.0,0.0,0.0,29.74,Medium
CUST-00911,Customer_911,44,M,North,Employed,74576.11,850,0.287,1636.45,21,77.92619047619048,3,29078.3,1.0,0.0,0.0,8.61,Low
CUST-00912,Customer_912,38,F,Central,Self-Employed,20311.54,632,0.125,640.1899999999999,39,16.415128205128205,0,39215.61,1.0,0.0,0.0,19.59,Low
CUST-00913,Customer_913,24,F,East,Employed,62201.56,762,0.077,2406.92,30,80.23066666666666,3,42828.020000000004,1.0,0.0,0.0,9.21,Low
CUST-00914,Customer_914,50,M,West,Self-Employed,101189.15,794,0.649,2878.58,27,106.61407407407407,7,237783.63999999998,0.0,0.0,0.0,20.62,Low
CUST-00915,Customer_915,42,F,South,Employed,139118.36,563,0.148,4344.84,24,181.035,6,51592.32,1.0,0.0,0.0,21.28,Low
CUST-00916,Customer_916,46,F,North,Employed,72234.19,820,0.239,4194.18,53,79.13547169811321,5,55927.13,0.0,0.0,0.0,9.08,Low
CUST-00917,Customer_917,42,F,South,Employed,89084.96,652,0.549,2097.7799999999997,28,74.92071428571428,2,58038.299999999996,0.0,0.0,0.0,24.08,Low
CUST-00918,Customer_918,51,M,East,Retired,96466.69,640,0.598,2385.06,21,113.57428571428571,3,329033.24,4.0,0.0,0.0,27.98,Medium
CUST-00919,Customer_919,62,M,East,Unemployed,39185.01,569,0.145,1315.8,33,39.872727272727275,1,39331.130000000005,3.0,0.0,0.0,26.8,Medium
CUST-00920,Customer_920,57,F,East,Employed,140329.94,713,0.476,6925.6,47,147.3531914893617,14,147808.44,0.0,0.0,0.0,19.89,Low
CUST-00921,Customer_921,38,F,South,Employed,25558.09,708,0.274,344.85,24,14.36875,0,152633.39,3.0,0.0,0.0,16.65,Low
CUST-00922,Customer_922,44,F,South,Employed,54748.92,606,0.261,845.51,15,56.367333333333335,2,128479.08,0.0,0.0,1.0,27.72,Medium
CUST-00923,Customer_923,44,F,West,Employed,40338.61,632,0.301,585.63,17,34.44882352941176,1,55206.91,2.0,0.0,0.0,21.09,Low
CUST-00924,Customer_924,33,F,Central,Employed,216599.49,607,0.483,11626.37,51,227.9680392156863,16,85546.55,1.0,2.0,0.0,45.37,Medium
CUST-00925,Customer_925,47,M,North,Self-Employed,37043.79,666,0.241,1441.6100000000001,47,30.672553191489364,0,23370.95,0.0,0.0,1.0,25.34,Medium
CUST-00926,Customer_926,52,F,Central,Employed,56220.69,698,0.193,2543.23,39,65.21102564102564,3,0.0,0.0,0.0,0.0,15.03,Low
CUST-00927,Customer_927,56,F,Central,Employed,136482.78,611,0.121,6704.76,36,186.24333333333334,12,0.0,0.0,0.0,0.0,18.56,Low
CUST-00928,Customer_928,63,F,Central,Retired,38514.51,581,0.543,1026.39,31,33.10935483870968,0,0.0,0.0,0.0,0.0,30.47,Medium
CUST-00929,Customer_929,36,F,North,Employed,58380.61,683,0.29,1832.5,31,59.11290322580645,3,173592.77000000002,1.0,0.0,1.0,23.84,Low
CUST-00930,Customer_930,68,M,Central,Self-Employed,169516.49,605,0.287,4082.44,32,127.57625,8,0.0,0.0,0.0,0.0,23.03,Low
CUST-00931,Customer_931,50,M,North,Retired,76624.11,670,0.362,3841.7799999999997,41,93.70195121951218,7,0.0,0.0,0.0,0.0,22.04,Low
CUST-00932,Customer_932,43,M,South,Retired,64788.58,763,0.277,693.14,17,40.77294117647059,0,0.0,0.0,0.0,0.0,14.61,Low
CUST-00933,Customer_933,55,M,South,Employed,55011.71,670,0.553,3746.7200000000003,51,73.46509803921569,4,13676.19,1.0,0.0,0.0,23.79,Low
CUST-00934,Customer_934,37,F,South,Retired,54920.19,576,0.444,1534.8799999999999,29,52.926896551724134,1,0.0,0.0,0.0,0.0,28.52,Medium
CUST-00935,Customer_935,21,M,Central,Employed,175273.79,679,0.141,8258.36,43,192.05488372093023,10,214095.74,1.0,0.0,0.0,14.45,Low
CUST-00936,Customer_936,46,M,North,Employed,108624.25,588,0.157,3451.24,33,104.5830303030303,6,0.0,0.0,0.0,0.0,20.05,Low
CUST-00937,Customer_937,24,F,East,Employed,46068.99,658,0.439,1995.25,32,62.3515625,2,12417.96,1.0,0.0,0.0,22.29,Low
CUST-00938,Customer_938,54,M,Central,Self-Employed,44190.11,586,0.432,1815.97,52,34.9225,1,0.0,0.0,0.0,0.0,27.41,Medium
CUST-00939,Customer_939,37,F,North,Employed,64283.17,679,0.267,1334.72,18,74.1511111111111,2,65099.83,2.0,0.0,1.0,23.56,Low
CUST-00940,Customer_940,48,M,North,Self-Employed,36626.33,537,0.463,1475.91,39,37.84384615384616,1,31507.19,1.0,0.0,0.0,30.96,Medium
CUST-00941,Customer_941,56,F,Central,Retired,58820.62,677,0.552,2858.67,48,59.555625,2,46406.69,1.0,0.0,0.0,25.12,Medium
CUST-00942,Customer_942,53,F,East,Employed,94478.55,628,0.401,4231.92,39,108.51076923076923,6,73893.54,0.0,0.0,0.0,22.77,Low
CUST-00943,Customer_943,39,F,North,Employed,102043.36,628,0.254,2613.2599999999998,17,153.72117647058823,6,56434.84,0.0,0.0,0.0,20.74,Low
CUST-00944,Customer_944,28,M,Central,Self-Employed,53152.07,600,0.407,3048.25,49,62.20918367346939,2,188669.3,0.0,0.0,0.0,26.04,Medium
CUST-00945,Customer_945,34,F,North,Employed,78730.32,733,0.567,1343.89,34,39.52617647058824,0,0.0,0.0,0.0,0.0,19.81,Low
CUST-00946,Customer_946,31,F,South,Employed,255463.54,712,0.551,15128.24,40,378.206,21,215983.23,3.0,0.0,0.0,21.86,Low
CUST-00947,Customer_947,29,F,East,Employed,49899.0,812,0.413,1185.6,22,53.89090909090908,1,49390.43,0.0,0.0,0.0,13.19,Low
CUST-00948,Customer_948,34,F,East,Employed,62338.54,772,0.403,2665.24,49,54.392653061224486,3,73625.26,0.0,1.0,0.0,26.99,Medium
CUST-00949,Customer_949,37,M,South,Employed,90039.37,676,0.172,2881.87,26,110.84115384615384,4,0.0,0.0,0.0,0.0,15.63,Low
CUST-00950,Customer_950,36,F,East,Employed,30789.86,690,0.315,491.67,17,28.921764705882353,0,102824.22,0.0,1.0,1.0,36.23,Medium
CUST-00951,Customer_951,34,M,South,Employed,42664.44,591,0.349,928.47,22,42.20318181818182,1,47711.85,0.0,0.0,0.0,24.15,Low
CUST-00952,Customer_952,49,F,West,Unemployed,79067.47,724,0.118,720.49,17,42.381764705882354,0,54914.71,0.0,0.0,0.0,16.82,Low
CUST-00953,Customer_953,37,F,North,Employed,43382.61,665,0.11,1447.36,34,42.569411764705876,1,62096.68,1.0,0.0,0.0,15.24,Low
CUST-00954,Customer_954,35,M,East,Self-Employed,20516.03,773,0.148,478.66,22,21.757272727272728,0,53887.93,0.0,0.0,0.0,12.35,Low
CUST-00955,Customer_955,39,M,Central,Retired,116619.42,573,0.423,4522.78,34,133.02294117647057,6,0.0,0.0,0.0,0.0,28.08,Medium
CUST-00956,Customer_956,60,M,South,Retired,101368.5,675,0.494,5195.33,44,118.07568181818182,9,0.0,0.0,0.0,0.0,24.24,Low
CUST-00957,Customer_957,36,M,South,Employed,27529.15,638,0.472,523.64,15,34.90933333333333,1,111883.75,1.0,0.0,0.0,24.68,Low
CUST-00958,Customer_958,55,F,South,Employed,46920.27,659,0.292,2887.64,47,61.43914893617021,2,80852.0,1.0,0.0,0.0,19.18,Low
CUST-00959,Customer_959,43,F,Central,Employed,58406.5,601,0.22,1846.99,35,52.771142857142856,1,61404.270000000004,2.0,0.0,0.0,20.57,Low
CUST-00960,Customer_960,49,M,North,Employed,31469.86,620,0.772,1467.51,41,35.79292682926829,2,0.0,0.0,0.0,0.0,31.41,Medium
CUST-00961,Customer_961,18,F,South,Retired,52606.73,850,0.062,1304.9,26,50.18846153846154,2,132984.27,3.0,0.0,0.0,6.2,Low
CUST-00962,Customer_962,35,F,East,Employed,45164.93,746,0.337,2643.81,53,49.88320754716981,3,160467.73,0.0,1.0,0.0,27.45,Medium
CUST-00963,Customer_963,32,F,North,Employed,47346.95,661,0.254,835.5600000000001,16,52.222500000000004,1,123612.15,2.0,1.0,0.0,30.4,Medium
CUST-00964,Customer_964,43,M,South,Unemployed,54479.49,783,0.363,591.34,16,36.95875,0,47912.49,1.0,0.0,0.0,18.94,Low
CUST-00965,Customer_965,66,M,South,Self-Employed,27142.98,638,0.45,1006.31,35,28.751714285714286,1,0.0,0.0,0.0,0.0,25.56,Medium
CUST-00966,Customer_966,47,M,East,Self-Employed,95166.44,752,0.519,3550.23,49,72.45367346938775,4,42238.2,1.0,0.0,0.0,19.5,Low
CUST-00967,Customer_967,34,M,North,Employed,41458.66,637,0.076,1365.21,33,41.370000000000005,1,0.0,0.0,0.0,0.0,16.14,Low
CUST-00968,Customer_968,26,M,Central,Unemployed,99474.57,751,0.222,2695.07,31,86.93774193548387,3,0.0,0.0,0.0,0.0,17.64,Low
CUST-00969,Customer_969,45,F,Central,Unemployed,55063.16,627,0.274,1992.85,31,64.28548387096774,2,55663.97,0.0,1.0,0.0,37.98,Medium
CUST-00970,Customer_970,53,F,West,Retired,126314.31,729,0.253,6791.429999999999,52,130.60442307692307,8,0.0,0.0,0.0,0.0,15.96,Low
CUST-00971,Customer_971,39,F,West,Employed,67864.74,536,0.506,3006.67,51,58.954313725490195,4,17074.5,0.0,1.0,0.0,41.91,Medium
CUST-00972,Customer_972,39,F,Central,Unemployed,34231.84,475,0.253,2066.16,44,46.958181818181814,2,222752.2,2.0,0.0,0.0,34.32,Medium
CUST-00973,Customer_973,38,M,North,Employed,79581.39,640,0.197,4170.38,40,104.2595,3,0.0,0.0,0.0,0.0,17.85,Low
CUST-00974,Customer_974,30,F,Central,Self-Employed,38948.06,645,0.52,1359.66,45,30.21466666666667,0,0.0,0.0,0.0,0.0,26.01,Medium
CUST-00975,Customer_975,46,F,East,Self-Employed,24365.38,591,0.377,832.02,27,30.815555555555555,0,0.0,0.0,0.0,0.0,26.65,Medium
CUST-00976,Customer_976,49,M,East,Retired,23741.17,744,0.439,1219.77,45,27.105999999999998,1,0.0,0.0,0.0,0.0,20.19,Low
CUST-00977,Customer_977,51,F,East,Employed,55057.04,653,0.303,2168.58,40,54.2145,2,0.0,0.0,0.0,0.0,19.57,Low
CUST-00978,Customer_978,18,F,South,Employed,103397.28,850,0.266,6208.12,37,167.78702702702702,9,202707.97,3.0,0.0,0.0,8.3,Low
CUST-00979,Customer_979,31,M,North,Unemployed,51207.46,752,0.048,1630.41,26,62.70807692307692,2,16755.11,2.0,0.0,0.0,14.79,Low
CUST-00980,Customer_980,24,F,East,Self-Employed,64005.87,811,0.274,2229.0,41,54.36585365853659,3,326282.39,3.0,0.0,1.0,17.81,Low
CUST-00981,Customer_981,31,M,West,Retired,80553.04,795,0.481,1611.11,28,57.53964285714285,1,76207.94,1.0,0.0,0.0,16.86,Low
CUST-00982,Customer_982,21,F,West,Employed,36065.46,585,0.309,1045.49,29,36.05137931034483,1,79695.14,0.0,0.0,0.0,23.83,Low
CUST-00983,Customer_983,38,M,East,Self-Employed,61520.68,703,0.484,2124.19,45,47.20422222222222,2,0.0,0.0,0.0,0.0,21.8,Low
CUST-00984,Customer_984,57,F,East,Employed,25116.29,591,0.484,1252.85,34,36.8485294117647,1,63311.96,1.0,0.0,0.0,27.4,Medium
CUST-00985,Customer_985,33,M,Central,Employed,62167.82,838,0.159,3265.11,41,79.63682926829269,6,0.0,0.0,0.0,0.0,6.94,Low
CUST-00986,Customer_986,52,F,South,Self-Employed,22989.61,667,0.482,1305.63,55,23.738727272727274,0,0.0,0.0,0.0,0.0,24.68,Low
CUST-00987,Customer_987,32,M,East,Self-Employed,46769.7,703,0.481,1298.9,44,29.520454545454548,0,156198.07,1.0,1.0,0.0,33.85,Medium
CUST-00988,Customer_988,39,F,South,Self-Employed,62160.04,728,0.515,1959.1100000000001,34,57.62088235294118,2,0.0,0.0,0.0,0.0,21.12,Low
CUST-00989,Customer_989,50,F,East,Employed,44761.01,640,0.382,1721.27,43,40.02953488372093,2,108336.17,1.0,0.0,0.0,22.09,Low
CUST-00990,Customer_990,23,F,West,Unemployed,141715.96,751,0.259,3204.18,26,123.2376923076923,6,82441.55,1.0,0.0,0.0,18.63,Low
CUST-00991,Customer_991,55,M,Central,Self-Employed,34929.56,743,0.222,1199.62,37,32.42216216216216,1,26352.5,0.0,0.0,0.0,14.97,Low
CUST-00992,Customer_992,61,M,West,Retired,52442.45,794,0.409,1545.41,34,45.45323529411765,0,0.0,0.0,0.0,0.0,15.81,Low
CUST-00993,Customer_993,59,M,West,Employed,20000.0,586,0.349,766.51,40,19.16275,0,170904.65,1.0,1.0,1.0,43.1,Medium
CUST-00994,Customer_994,48,M,South,Employed,58743.39,750,0.223,4415.99,53,83.32056603773584,9,102669.38,1.0,0.0,0.0,13.2,Low
CUST-00995,Customer_995,36,F,West,Retired,28007.06,704,0.233,324.32,19,17.069473684210525,0,0.0,0.0,0.0,0.0,17.94,Low
CUST-00996,Customer_996,46,F,South,Employed,47814.39,652,0.143,2180.75,46,47.40760869565217,1,203589.92,0.0,0.0,0.0,16.45,Low
CUST-00997,Customer_997,43,M,North,Employed,79576.69,799,0.121,1674.2,25,66.968,2,63396.13,1.0,0.0,0.0,7.68,Low
CUST-00998,Customer_998,28,M,East,Self-Employed,48374.64,721,0.214,2682.69,48,55.889375,4,25868.56,0.0,0.0,0.0,15.9,Low
CUST-00999,Customer_999,42,F,East,Employed,46808.57,743,0.384,1592.18,20,79.60900000000001,2,40636.98,1.0,0.0,0.0,16.73,Low
CUST-01000,Customer_1000,44,M,Central,Unemployed,38770.17,767,0.573,2304.38,47,49.02936170212766,3,90756.52,0.0,0.0,0.0,24.74,Low
CUST-01001,Customer_1001,68,M,South,Self-Employed,59832.4,739,0.272,823.5,20,41.175,0,147241.36,1.0,0.0,1.0,21.41,Low
CUST-01002,Customer_1002,42,F,West,Employed,24529.8,602,0.473,1330.45,46,28.922826086956523,0,62515.01,0.0,0.0,0.0,26.47,Medium
CUST-01003,Customer_1003,46,F,North,Employed,133317.52,631,0.481,4120.7,31,132.92580645161289,6,378074.74,0.0,0.0,0.0,24.0,Low
CUST-01004,Customer_1004,33,F,North,Retired,48225.33,616,0.241,1066.45,18,59.24722222222223,1,24606.3,0.0,0.0,0.0,22.54,Low
CUST-01005,Customer_1005,37,M,North,Self-Employed,58523.9,586,0.498,2578.92,49,52.631020408163266,3,108621.81,1.0,0.0,0.0,28.61,Medium
CUST-01006,Customer_1006,28,M,South,Self-Employed,81153.51,600,0.453,2658.84,43,61.83348837209303,4,0.0,0.0,0.0,0.0,26.72,Medium
CUST-01007,Customer_1007,33,F,South,Employed,72097.26,635,0.524,2247.85,31,72.51129032258065,3,125068.3,2.0,0.0,1.0,30.89,Medium
CUST-01008,Customer_1008,30,F,South,Employed,56318.29,711,0.515,1880.05,38,49.475,1,42837.77,1.0,0.0,0.0,20.5,Low
CUST-01009,Customer_1009,52,F,East,Employed,20000.0,620,0.179,610.35,36,16.954166666666666,0,186199.91999999998,1.0,0.0,0.0,19.85,Low
CUST-01010,Customer_1010,40,F,West,Retired,68355.84,625,0.358,879.69,24,36.65375,1,0.0,0.0,0.0,0.0,23.9,Low
CUST-01011,Customer_1011,53,F,West,Employed,91795.19,687,0.16,1181.86,15,78.79066666666667,1,89869.68,2.0,0.0,0.0,14.33,Low
CUST-01012,Customer_1012,36,M,West,Employed,88729.34,680,0.305,2215.46,26,85.21000000000001,2,0.0,0.0,0.0,0.0,17.71,Low
CUST-01013,Customer_1013,20,M,South,Self-Employed,40850.24,727,0.164,2379.22,47,50.62170212765957,1,67439.88,2.0,0.0,0.0,14.47,Low
CUST-01014,Customer_1014,44,M,North,Employed,79728.25,587,0.346,3068.73,42,73.065,5,84863.98,0.0,1.0,0.0,35.94,Medium
CUST-01015,Customer_1015,56,M,West,Retired,55228.29,485,0.081,3073.41,54,56.915,3,33892.76,0.0,1.0,0.0,38.32,Medium
CUST-01016,Customer_1016,18,M,Central,Retired,133818.55,658,0.329,2021.79,20,101.0895,4,0.0,0.0,0.0,0.0,21.51,Low
CUST-01017,Customer_1017,59,M,North,Employed,70025.52,508,0.393,1502.87,17,88.40411764705881,1,0.0,0.0,0.0,0.0,29.04,Medium
CUST-01018,Customer_1018,54,F,West,Employed,156298.22,762,0.295,5025.96,21,239.33142857142857,5,73518.45999999999,2.0,0.0,0.0,13.17,Low
CUST-01019,Customer_1019,36,F,West,Self-Employed,115663.73,612,0.261,3198.83,31,103.18806451612903,5,12307.36,0.0,0.0,0.0,22.14,Low
CUST-01020,Customer_1020,33,M,East,Employed,150967.65,605,0.417,3819.42,28,136.40785714285715,6,0.0,0.0,0.0,0.0,24.09,Low
CUST-01021,Customer_1021,51,F,Central,Self-Employed,71865.76,850,0.181,4950.03,55,90.00054545454545,7,0.0,0.0,0.0,0.0,7.96,Low
CUST-01022,Customer_1022,53,F,North,Employed,25275.9,550,0.254,670.96,20,33.548,1,216691.3,0.0,1.0,0.0,37.14,Medium
CUST-01023,Customer_1023,30,M,East,Employed,79619.99,639,0.254,2473.81,38,65.10026315789473,6,32183.22,1.0,0.0,0.0,19.46,Low
CUST-01024,Customer_1024,45,F,South,Self-Employed,20581.29,470,0.319,1152.06,51,22.589411764705883,1,290491.1,0.0,1.0,1.0,50.39,High
CUST-01025,Customer_1025,51,F,Central,Retired,53771.03,711,0.516,874.88,24,36.45333333333333,0,100330.19,0.0,0.0,0.0,22.45,Low
CUST-01026,Customer_1026,18,F,East,Employed,148422.04,628,0.309,7825.07,54,144.9087037037037,13,62431.170000000006,0.0,0.0,0.0,20.83,Low
CUST-01027,Customer_1027,28,F,South,Self-Employed,94102.17,763,0.392,3875.08,36,107.64111111111112,6,0.0,0.0,0.0,0.0,16.8,Low
CUST-01028,Customer_1028,37,F,South,Employed,115967.17,685,0.354,6312.31,55,114.76927272727274,11,50534.04,0.0,1.0,0.0,30.71,Medium
CUST-01029,Customer_1029,53,M,North,Unemployed,32122.69,586,0.63,2355.46,46,51.205652173913045,3,31696.92,0.0,1.0,0.0,47.98,Medium
CUST-01030,Customer_1030,33,F,South,Retired,53631.36,810,0.372,1782.6100000000001,39,45.707948717948724,0,61795.96000000001,1.0,0.0,0.0,14.17,Low
CUST-01031,Customer_1031,30,M,North,Retired,36359.23,473,0.52,2070.0,55,37.63636363636363,3,94359.88,1.0,1.0,0.0,48.25,Medium
CUST-01032,Customer_1032,36,M,West,Retired,48698.4,567,0.567,1824.88,50,36.497600000000006,0,0.0,0.0,0.0,0.0,31.44,Medium
CUST-01033,Customer_1033,24,F,West,Employed,66051.57,508,0.042,3413.21,42,81.26690476190477,7,15631.28,1.0,0.0,0.0,22.63,Low
CUST-01034,Customer_1034,40,M,North,Unemployed,37147.16,735,0.498,1362.55,32,42.5796875,3,0.0,0.0,0.0,0.0,25.19,Medium
CUST-01035,Customer_1035,24,F,West,Self-Employed,59470.51,669,0.229,2529.32,52,48.64076923076924,1,296270.91,1.0,0.0,0.0,18.47,Low
CUST-01036,Customer_1036,63,M,North,Unemployed,74034.28,579,0.682,2308.1,27,85.48518518518519,2,55534.89,1.0,0.0,0.0,36.46,Medium
CUST-01037,Customer_1037,34,M,East,Employed,43880.12,850,0.195,1126.14,33,34.125454545454545,2,59721.61,0.0,0.0,0.0,6.99,Low
CUST-01038,Customer_1038,38,F,North,Employed,62983.64,727,0.276,2420.0699999999997,39,62.053076923076915,3,169676.81,3.0,0.0,0.0,14.97,Low
CUST-01039,Customer_1039,32,M,North,Employed,151953.39,687,0.208,4030.0,28,143.92857142857142,6,20164.13,0.0,0.0,0.0,15.43,Low
CUST-01040,Customer_1040,53,F,East,Unemployed,30113.96,770,0.158,1257.1,48,26.18958333333333,0,79590.58,2.0,0.0,0.0,16.26,Low
CUST-01041,Customer_1041,45,F,West,Self-Employed,20106.57,680,0.159,613.46,27,22.72074074074074,0,0.0,0.0,0.0,0.0,17.67,Low
CUST-01042,Customer_1042,33,M,North,Employed,140922.51,630,0.124,2291.83,16,143.239375,5,53405.22,2.0,0.0,0.0,17.44,Low
CUST-01043,Customer_1043,33,M,South,Employed,20000.0,605,0.29,344.78,25,13.791199999999998,0,51870.59,0.0,0.0,0.0,22.88,Low
CUST-01044,Customer_1044,62,F,Central,Self-Employed,140067.64,540,0.052,4731.88,22,215.08545454545455,6,48163.14,1.0,0.0,0.0,22.22,Low
CUST-01045,Customer_1045,84,F,East,Self-Employed,67974.2,609,0.3,2511.4,39,64.3948717948718,3,99408.45,3.0,0.0,0.0,23.3,Low
CUST-01046,Customer_1046,37,M,West,Retired,80643.56,587,0.162,3198.63,35,91.38942857142858,5,0.0,0.0,0.0,0.0,22.36,Low
CUST-01047,Customer_1047,42,F,West,Employed,82015.96,738,0.386,1576.5,18,87.58333333333333,2,19564.27,0.0,0.0,0.0,16.43,Low
CUST-01048,Customer_1048,46,F,North,Self-Employed,24144.1,738,0.375,612.56,23,26.633043478260866,1,77317.92,0.0,0.0,0.0,18.82,Low
CUST-01049,Customer_1049,55,M,East,Employed,47246.93,757,0.261,1175.85,27,43.55,0,59639.98,1.0,0.0,0.0,12.99,Low
CUST-01050,Customer_1050,37,M,West,Self-Employed,67972.73,749,0.318,1483.31,33,44.948787878787876,0,0.0,0.0,0.0,0.0,15.63,Low
CUST-01051,Customer_1051,33,F,East,Self-Employed,33909.32,660,0.166,500.13,20,25.0065,0,26778.69,0.0,0.0,0.0,18.28,Low
CUST-01052,Customer_1052,40,F,South,Unemployed,23558.0,659,0.533,443.45,24,18.477083333333333,0,54689.73,0.0,1.0,0.0,42.1,Medium
CUST-01053,Customer_1053,26,M,North,Self-Employed,121860.17,569,0.265,9599.24,45,213.31644444444444,11,45122.21,0.0,0.0,0.0,24.92,Low
CUST-01054,Customer_1054,34,F,West,Unemployed,52413.88,775,0.254,2244.06,36,62.335,3,55669.45,1.0,0.0,0.0,17.66,Low
CUST-01055,Customer_1055,33,F,East,Employed,144184.39,626,0.416,8623.74,48,179.66125,12,0.0,0.0,0.0,0.0,23.16,Low
CUST-01056,Customer_1056,51,M,Central,Employed,65178.79,693,0.194,2818.43,29,97.18724137931034,5,68836.8,1.0,0.0,0.0,15.62,Low
CUST-01057,Customer_1057,37,F,West,Unemployed,67950.22,696,0.108,2614.6,37,70.66486486486487,4,17649.97,1.0,0.0,0.0,18.87,Low
CUST-01058,Customer_1058,36,F,West,Unemployed,58886.14,668,0.391,2966.42,46,64.48739130434782,2,136640.57,1.0,1.0,0.0,37.9,Medium
CUST-01059,Customer_1059,55,M,West,Employed,70603.33,708,0.119,3347.0299999999997,48,69.72979166666666,4,12224.18,0.0,0.0,0.0,12.76,Low
CUST-01060,Customer_1060,49,F,North,Employed,52621.45,720,0.22,2449.82,41,59.751707317073176,3,255877.63,3.0,0.0,0.0,14.43,Low
CUST-01061,Customer_1061,33,M,Central,Employed,75047.06,560,0.25,2226.54,28,79.51928571428572,3,225062.94999999998,0.0,3.0,0.0,43.5,Medium
CUST-01062,Customer_1062,55,M,Central,Retired,100361.85,588,0.396,4168.77,45,92.63933333333334,7,181373.59,1.0,1.0,1.0,44.79,Medium
CUST-01063,Customer_1063,35,F,Central,Self-Employed,51346.69,684,0.344,2838.12,54,52.55777777777777,3,45873.899999999994,1.0,0.0,0.0,20.31,Low
CUST-01064,Customer_1064,40,F,East,Employed,80019.08,689,0.201,3118.85,43,72.53139534883721,3,387001.82,0.0,0.0,0.0,15.22,Low
CUST-01065,Customer_1065,58,M,West,Employed,96639.91,850,0.347,3245.75,36,90.15972222222223,5,257500.65,3.0,0.0,0.0,9.48,Low
CUST-01066,Customer_1066,68,F,East,Self-Employed,20000.0,665,0.563,574.34,29,19.804827586206898,0,68267.09,2.0,0.0,0.0,26.57,Medium
CUST-01067,Customer_1067,42,M,South,Employed,49878.9,713,0.377,1293.56,26,49.75230769230769,1,87373.26999999999,1.0,1.0,0.0,29.84,Medium
CUST-01068,Customer_1068,41,F,Central,Employed,68813.46,629,0.142,2296.25,36,63.78472222222222,2,491533.03,2.0,0.0,0.0,17.42,Low
CUST-01069,Customer_1069,56,M,North,Retired,52381.41,762,0.504,1994.25,46,43.35326086956522,1,61640.26,1.0,0.0,0.0,19.56,Low
CUST-01070,Customer_1070,39,M,West,Employed,76082.48,716,0.337,986.29,17,58.01705882352941,0,65367.32,0.0,0.0,0.0,16.18,Low
CUST-01071,Customer_1071,23,M,South,Employed,20952.62,754,0.651,871.53,45,19.36733333333333,1,96606.76,1.0,0.0,0.0,22.03,Low
CUST-01072,Customer_1072,36,F,South,Employed,86725.22,434,0.291,1877.55,34,55.22205882352941,1,26645.98,0.0,0.0,0.0,30.63,Medium
CUST-01073,Customer_1073,50,M,East,Employed,78209.29,829,0.086,1684.45,24,70.18541666666667,3,277743.32,3.0,0.0,0.0,5.59,Low
CUST-01074,Customer_1074,18,M,Central,Employed,83824.69,763,0.427,1320.23,24,55.00958333333333,1,65422.03,0.0,1.0,0.0,27.51,Medium
CUST-01075,Customer_1075,57,F,West,Self-Employed,51896.61,687,0.109,604.75,18,33.59722222222222,0,0.0,0.0,0.0,0.0,15.16,Low
CUST-01076,Customer_1076,23,M,West,Employed,80356.95,631,0.155,1891.3500000000001,22,85.97045454545456,2,82024.5,0.0,0.0,0.0,17.57,Low
CUST-01077,Customer_1077,19,M,Central,Retired,158440.68,702,0.7,2008.99,19,105.73631578947368,4,114503.03,0.0,0.0,0.0,26.38,Medium
CUST-01078,Customer_1078,41,F,Central,Unemployed,267699.88,535,0.433,5326.74,23,231.5973913043478,8,38218.68,0.0,0.0,0.0,33.72,Medium
CUST-01079,Customer_1079,40,M,Central,Employed,29974.1,764,0.221,1239.5,40,30.9875,0,30340.91,1.0,0.0,0.0,12.35,Low
CUST-01080,Customer_1080,55,M,North,Employed,20000.0,516,0.128,353.84,25,14.153599999999999,0,76025.8,1.0,1.0,0.0,36.5,Medium
CUST-01081,Customer_1081,36,F,Central,Retired,43811.23,713,0.317,1498.15,34,44.063235294117646,2,16431.82,1.0,0.0,0.0,18.9,Low
CUST-01082,Customer_1082,38,M,East,Employed,24129.08,677,0.259,1312.4,44,29.827272727272728,1,0.0,0.0,0.0,0.0,18.23,Low
CUST-01083,Customer_1083,49,F,West,Unemployed,43949.08,690,0.656,300.97,16,18.810625,0,0.0,0.0,0.0,0.0,30.13,Medium
CUST-01084,Customer_1084,33,F,Central,Self-Employed,40872.09,721,0.837,979.07,26,37.65653846153846,0,0.0,0.0,0.0,0.0,28.15,Medium
CUST-01085,Customer_1085,46,F,Central,Unemployed,45441.99,685,0.149,1402.9099999999999,36,38.96972222222222,1,0.0,0.0,0.0,0.0,20.36,Low
CUST-01086,Customer_1086,51,M,South,Employed,88066.38,755,0.498,2827.6,35,80.78857142857143,4,8719.03,1.0,0.0,0.0,17.67,Low
CUST-01087,Customer_1087,18,F,East,Retired,39040.58,789,0.389,987.6,24,41.15,1,147867.13,1.0,0.0,0.0,16.24,Low
CUST-01088,Customer_1088,27,M,Central,Employed,178769.23,683,0.14,4152.98,23,180.56434782608693,10,230445.45,2.0,0.0,0.0,15.2,Low
CUST-01089,Customer_1089,42,F,North,Unemployed,114984.61,514,0.156,5012.09,42,119.3354761904762,7,0.0,0.0,0.0,0.0,29.42,Medium
CUST-01090,Customer_1090,32,F,Central,Self-Employed,46861.25,633,0.405,1277.45,37,34.52567567567568,1,56017.11,1.0,0.0,0.0,24.28,Low
CUST-01091,Customer_1091,50,F,Central,Employed,20137.04,645,0.117,938.5,47,19.96808510638298,0,69941.94,2.0,0.0,0.0,17.23,Low
CUST-01092,Customer_1092,36,F,North,Employed,76694.52,675,0.736,5311.26,41,129.5429268292683,9,65205.46,1.0,0.0,0.0,27.49,Medium
CUST-01093,Customer_1093,51,F,South,Employed,37642.17,528,0.188,692.33,24,28.847083333333334,0,49932.46,1.0,0.0,0.0,24.29,Low
CUST-01094,Customer_1094,49,M,East,Unemployed,220152.97,651,0.167,10524.109999999999,44,239.18431818181816,18,0.0,0.0,0.0,0.0,22.61,Low
CUST-01095,Customer_1095,34,F,East,Employed,140837.1,584,0.044,7221.95,54,133.73981481481482,14,131304.91,2.0,0.0,0.0,18.08,Low
CUST-01096,Customer_1096,66,F,South,Unemployed,59478.85,584,0.314,842.07,23,36.611739130434785,1,0.0,0.0,0.0,0.0,28.93,Medium
CUST-01097,Customer_1097,29,F,West,Employed,151471.3,707,0.38,789.64,15,52.64266666666666,0,52067.38,1.0,0.0,0.0,16.71,Low
CUST-01098,Customer_1098,40,M,Central,Employed,51980.36,709,0.273,500.46999999999997,17,29.43941176470588,0,38414.32,1.0,0.0,0.0,15.74,Low
CUST-01099,Customer_1099,31,F,North,Retired,42034.63,747,0.227,813.16,28,29.041428571428572,1,44766.52,1.0,0.0,0.0,15.17,Low
CUST-01100,Customer_1100,41,F,East,Retired,72038.27,618,0.368,2068.47,37,55.90459459459459,3,0.0,0.0,0.0,0.0,24.62,Low
CUST-01101,Customer_1101,50,M,East,Employed,162897.18,677,0.335,3887.15,31,125.39193548387097,7,0.0,0.0,0.0,0.0,18.49,Low
CUST-01102,Customer_1102,41,F,South,Retired,178260.01,686,0.252,8719.43,50,174.3886,18,36174.25,0.0,2.0,0.0,38.9,Medium
CUST-01103,Customer_1103,40,F,Central,Employed,41725.04,763,0.251,916.15,15,61.07666666666667,1,23383.84,1.0,0.0,0.0,12.95,Low
CUST-01104,Customer_1104,71,M,South,Employed,98491.85,664,0.604,5464.37,53,103.10132075471698,10,0.0,0.0,0.0,0.0,24.99,Low
CUST-01105,Customer_1105,41,M,South,Retired,91444.07,615,0.512,4029.76,26,154.99076923076925,7,50860.05,1.0,1.0,0.0,40.32,Medium
CUST-01106,Customer_1106,30,M,West,Employed,119054.99,589,0.363,1527.3799999999999,18,84.85444444444444,4,31881.23,0.0,1.0,0.0,36.21,Medium
CUST-01107,Customer_1107,18,F,South,Employed,42068.31,628,0.303,1719.26,48,35.81791666666667,1,144881.25,2.0,0.0,1.0,27.11,Medium
CUST-01108,Customer_1108,50,F,North,Employed,40395.27,785,0.268,1389.51,43,32.31418604651163,0,0.0,0.0,0.0,0.0,11.79,Low
CUST-01109,Customer_1109,47,M,North,Employed,20000.0,776,0.524,496.06,43,11.536279069767442,0,276098.51,4.0,0.0,0.0,18.24,Low
CUST-01110,Customer_1110,40,M,Central,Unemployed,46740.24,616,0.611,980.33,24,40.84708333333334,1,0.0,0.0,0.0,0.0,33.4,Medium
CUST-01111,Customer_1111,30,F,Central,Self-Employed,118644.34,716,0.093,4018.81,53,75.8266037735849,5,84630.15000000001,1.0,0.0,0.0,12.74,Low
CUST-01112,Customer_1112,32,F,Central,Employed,46606.4,707,0.316,2846.24,54,52.70814814814815,3,200061.74,1.0,0.0,0.0,17.11,Low
CUST-01113,Customer_1113,25,M,Central,Employed,46142.74,850,0.358,2514.02,46,54.65260869565218,3,10575.74,1.0,0.0,0.0,10.21,Low
CUST-01114,Customer_1114,43,F,North,Employed,68390.63,712,0.536,665.5,19,35.026315789473685,0,100653.57,1.0,1.0,0.0,32.51,Medium
CUST-01115,Customer_1115,34,M,East,Employed,75099.87,761,0.312,909.6700000000001,18,50.537222222222226,1,0.0,0.0,0.0,0.0,13.52,Low
CUST-01116,Customer_1116,32,M,Central,Employed,36488.53,812,0.179,2015.01,45,44.778,2,17129.29,1.0,0.0,0.0,8.88,Low
CUST-01117,Customer_1117,57,M,North,Self-Employed,96301.43,712,0.433,4511.67,42,107.42071428571428,7,0.0,0.0,0.0,0.0,20.37,Low
CUST-01118,Customer_1118,38,M,Central,Retired,39425.96,744,0.537,927.69,22,42.16772727272728,0,0.0,0.0,0.0,0.0,21.44,Low
CUST-01119,Customer_1119,62,M,East,Employed,46251.97,569,0.126,1303.15,30,43.43833333333334,2,49047.740000000005,2.0,0.0,0.0,20.9,Low
CUST-01120,Customer_1120,36,M,West,Employed,77291.42,739,0.359,2334.62,25,93.3848,5,110253.23,1.0,0.0,0.0,16.35,Low
CUST-01121,Customer_1121,38,F,North,Retired,38646.29,662,0.311,1892.6,50,37.852,1,123008.19,2.0,0.0,0.0,21.51,Low
CUST-01122,Customer_1122,47,F,Central,Unemployed,76231.69,759,0.49,3195.95,43,74.32441860465116,3,0.0,0.0,0.0,0.0,22.74,Low
CUST-01123,Customer_1123,42,F,North,Employed,21814.43,809,0.221,606.28,25,24.251199999999997,0,32000.6,1.0,0.0,0.0,10.27,Low
CUST-01124,Customer_1124,46,M,East,Employed,56363.37,668,0.116,1599.18,27,59.22888888888889,3,51353.77,1.0,0.0,0.0,15.29,Low
CUST-01125,Customer_1125,19,M,South,Retired,114576.01,779,0.361,2898.29,30,96.60966666666667,7,29399.64,1.0,0.0,0.0,15.9,Low
CUST-01126,Customer_1126,21,M,North,Employed,92052.57,602,0.34,1907.56,25,76.30239999999999,2,201660.35,1.0,2.0,0.0,42.63,Medium
CUST-01127,Customer_1127,28,M,West,Unemployed,105456.02,523,0.58,1894.11,15,126.27399999999999,2,0.0,0.0,0.0,0.0,37.35,Medium
CUST-01128,Customer_1128,36,F,North,Self-Employed,61196.34,556,0.498,1507.4,39,38.65128205128205,1,85863.31,1.0,0.0,0.0,30.02,Medium
CUST-01129,Customer_1129,32,M,West,Self-Employed,57995.45,548,0.328,1763.1100000000001,32,55.097187500000004,2,0.0,0.0,0.0,0.0,27.3,Medium
CUST-01130,Customer_1130,42,M,North,Employed,22486.17,820,0.488,627.5,18,34.861111111111114,1,57492.16,1.0,0.0,0.0,15.26,Low
CUST-01131,Customer_1131,36,F,Central,Employed,77764.03,589,0.356,3570.24,40,89.256,3,64528.64,0.0,1.0,0.0,35.84,Medium
CUST-01132,Customer_1132,30,M,East,Employed,42649.62,563,0.232,1321.2,32,41.2875,1,111798.12,0.0,0.0,0.0,23.27,Low
CUST-01133,Customer_1133,27,F,West,Employed,31779.46,850,0.172,1610.03,26,61.92423076923077,3,20680.12,1.0,0.0,0.0,7.19,Low
CUST-01134,Customer_1134,38,M,Central,Employed,100858.98,657,0.092,7014.03,54,129.88944444444445,11,22939.7,1.0,0.0,0.0,15.18,Low
CUST-01135,Customer_1135,40,M,Central,Employed,155076.99,482,0.279,2552.2799999999997,20,127.61399999999999,5,4222.17,1.0,0.0,0.0,28.19,Medium
CUST-01136,Customer_1136,46,M,East,Retired,44031.58,656,0.332,661.08,16,41.3175,0,0.0,0.0,0.0,0.0,22.0,Low
CUST-01137,Customer_1137,45,F,East,Self-Employed,93406.3,661,0.216,1625.99,22,73.90863636363636,2,17937.4,1.0,0.0,0.0,18.47,Low
CUST-01138,Customer_1138,37,F,West,Employed,45077.38,850,0.168,861.87,24,35.91125,0,0.0,0.0,0.0,0.0,6.11,Low
CUST-01139,Customer_1139,43,M,West,Employed,54084.23,743,0.199,2102.27,48,43.797291666666666,2,209588.43,3.0,0.0,0.0,12.56,Low
CUST-01140,Customer_1140,43,M,West,Unemployed,30619.5,612,0.469,2071.99,51,40.62725490196078,2,135381.81,1.0,0.0,0.0,31.27,Medium
CUST-01141,Customer_1141,47,F,South,Employed,68265.23,845,0.159,4038.54,42,96.15571428571428,6,78396.98,3.0,0.0,0.0,6.43,Low
CUST-01142,Customer_1142,35,F,North,Self-Employed,67579.68,772,0.219,1299.03,17,76.4135294117647,2,252906.44,3.0,1.0,0.0,25.0,Medium
CUST-01143,Customer_1143,37,M,North,Employed,182536.75,604,0.126,12135.34,51,237.9478431372549,21,0.0,0.0,0.0,0.0,19.09,Low
CUST-01144,Customer_1144,18,F,Central,Employed,48521.45,682,0.184,530.4100000000001,19,27.91631578947369,0,63147.25,0.0,0.0,0.0,15.51,Low
CUST-01145,Customer_1145,58,F,South,Self-Employed,172968.4,689,0.452,3538.91,28,126.38964285714285,8,0.0,0.0,0.0,0.0,21.91,Low
CUST-01146,Customer_1146,18,F,South,Employed,85008.82,788,0.07,4465.37,54,82.69203703703704,6,6621.48,1.0,0.0,0.0,7.34,Low
CUST-01147,Customer_1147,41,M,South,Employed,55428.23,637,0.61,1224.45,20,61.222500000000004,3,41679.88,1.0,0.0,0.0,27.08,Medium
CUST-01148,Customer_1148,33,F,South,Employed,36587.05,582,0.379,1397.8,35,39.93714285714285,1,45142.4,2.0,0.0,0.0,25.34,Medium
CUST-01149,Customer_1149,27,M,Central,Employed,61597.0,817,0.442,929.22,17,54.660000000000004,0,183492.89,4.0,0.0,0.0,13.02,Low
CUST-01150,Customer_1150,41,M,East,Self-Employed,20000.0,575,0.139,452.76,21,21.56,0,0.0,0.0,0.0,0.0,23.0,Low
CUST-01151,Customer_1151,50,M,South,Self-Employed,26914.24,682,0.339,1450.35,53,27.36509433962264,1,0.0,0.0,0.0,0.0,20.91,Low
CUST-01152,Customer_1152,47,F,East,Employed,93365.33,695,0.439,3148.38,48,65.59125,3,9286.92,1.0,0.0,0.0,19.44,Low
CUST-01153,Customer_1153,40,M,North,Employed,41329.97,814,0.674,3199.88,51,62.742745098039215,4,62307.729999999996,1.0,0.0,0.0,18.69,Low
CUST-01154,Customer_1154,28,M,East,Employed,49022.8,627,0.472,1433.6100000000001,33,43.442727272727275,1,0.0,0.0,0.0,0.0,24.41,Low
CUST-01155,Customer_1155,34,F,Central,Employed,58442.4,654,0.36,2825.31,49,57.65938775510204,3,0.0,0.0,0.0,0.0,20.64,Low
CUST-01156,Customer_1156,38,F,East,Retired,35420.59,783,0.583,955.17,26,36.73730769230769,1,39537.71,1.0,0.0,0.0,20.55,Low
CUST-01157,Customer_1157,46,M,East,Employed,45621.39,625,0.53,2017.11,53,38.05867924528302,0,126943.42,1.0,0.0,0.0,25.61,Medium
CUST-01158,Customer_1158,48,F,East,Unemployed,31911.43,707,0.389,1547.06,47,32.916170212765955,1,25174.33,2.0,0.0,0.0,24.35,Low
CUST-01159,Customer_1159,31,F,West,Employed,88572.49,597,0.176,2476.04,40,61.900999999999996,4,0.0,0.0,0.0,0.0,19.77,Low
CUST-01160,Customer_1160,37,F,West,Self-Employed,32316.7,739,0.613,354.05,18,19.669444444444444,0,44501.54,0.0,0.0,1.0,28.96,Medium
CUST-01161,Customer_1161,43,M,East,Unemployed,67529.55,801,0.109,3068.55,47,65.28829787234044,4,61192.74,0.0,0.0,0.0,13.05,Low
CUST-01162,Customer_1162,18,M,East,Self-Employed,31273.93,663,0.4,988.7,16,61.79375,2,33419.83,0.0,0.0,1.0,29.51,Medium
CUST-01163,Customer_1163,31,M,North,Retired,81966.61,741,0.534,3135.84,46,68.1704347826087,4,234321.21000000002,1.0,1.0,0.0,33.1,Medium
CUST-01164,Customer_1164,18,M,Central,Self-Employed,41139.7,565,0.451,1989.46,31,64.17612903225806,2,86046.05,0.0,0.0,0.0,29.25,Medium
CUST-01165,Customer_1165,33,M,North,Self-Employed,26240.85,684,0.252,275.26,16,17.20375,0,76276.6,2.0,0.0,0.0,18.99,Low
CUST-01166,Customer_1166,63,F,South,Employed,50312.83,627,0.437,3056.7,51,59.935294117647054,4,19667.74,0.0,0.0,0.0,23.92,Low
CUST-01167,Customer_1167,48,F,South,Employed,53575.34,833,0.337,2406.19,47,51.19553191489362,4,17915.44,0.0,0.0,0.0,10.64,Low
CUST-01168,Customer_1168,28,M,West,Employed,97544.14,776,0.505,1590.1,28,56.78928571428571,2,44425.72,1.0,0.0,0.0,16.33,Low
CUST-01169,Customer_1169,38,M,Central,Self-Employed,40082.76,748,0.258,2588.54,45,57.52311111111111,4,0.0,0.0,0.0,0.0,15.56,Low
CUST-01170,Customer_1170,51,M,West,Employed,64446.07,736,0.199,2838.7799999999997,50,56.7756,4,97016.81,1.0,0.0,0.0,12.93,Low
CUST-01171,Customer_1171,56,M,West,Retired,126644.06,652,0.137,3684.29,40,92.10725,5,137289.80000000002,2.0,0.0,0.0,17.69,Low
CUST-01172,Customer_1172,57,M,West,Employed,73493.81,699,0.505,1497.53,25,59.901199999999996,1,132646.33000000002,1.0,0.0,0.0,20.71,Low
CUST-01173,Customer_1173,37,F,South,Employed,59933.28,695,0.096,2030.41,31,65.49709677419355,3,106683.41,0.0,0.0,0.0,13.27,Low
CUST-01174,Customer_1174,21,F,West,Employed,67205.11,740,0.437,3103.42,51,60.85137254901961,4,117490.76,2.0,0.0,0.0,17.41,Low
CUST-01175,Customer_1175,46,M,North,Retired,38351.94,812,0.482,1029.25,22,46.78409090909091,2,0.0,0.0,0.0,0.0,17.11,Low
CUST-01176,Customer_1176,43,M,Central,Self-Employed,93481.14,619,0.313,4355.12,55,79.184,6,0.0,0.0,0.0,0.0,22.79,Low
CUST-01177,Customer_1177,25,F,Central,Employed,29320.52,803,0.424,1054.88,24,43.95333333333334,2,26981.81,0.0,0.0,0.0,14.73,Low
CUST-01178,Customer_1178,24,F,West,Employed,250034.1,529,0.304,10332.99,33,313.1209090909091,18,90179.82,0.0,1.0,1.0,45.03,Medium
CUST-01179,Customer_1179,38,M,Central,Employed,76441.41,758,0.482,2950.42,39,75.65179487179488,4,34404.7,1.0,0.0,0.0,17.3,Low
CUST-01180,Customer_1180,46,M,Central,Employed,48418.53,776,0.322,2732.68,55,49.6850909090909,2,134379.85,1.0,1.0,0.0,25.33,Medium
CUST-01181,Customer_1181,34,F,West,Unemployed,38065.46,681,0.059,2237.57,45,49.723777777777784,4,23606.14,1.0,0.0,0.0,19.3,Low
CUST-01182,Customer_1182,51,M,Central,Retired,61122.65,739,0.627,3256.46,44,74.01045454545455,6,8016.13,1.0,0.0,0.0,23.67,Low
CUST-01183,Customer_1183,38,M,South,Employed,44263.89,609,0.091,1666.19,43,38.74860465116279,0,133300.16999999998,0.0,0.0,0.0,17.74,Low
CUST-01184,Customer_1184,59,F,South,Employed,38090.32,495,0.463,2148.26,36,59.6738888888889,5,56858.14,0.0,1.0,0.0,44.27,Medium
CUST-01185,Customer_1185,39,F,Central,Self-Employed,89019.95,713,0.203,3739.9,55,67.99818181818182,4,96246.15,0.0,0.0,0.0,15.34,Low
CUST-01186,Customer_1186,53,M,West,Unemployed,99905.6,711,0.244,2249.17,26,86.50653846153847,6,0.0,0.0,0.0,0.0,20.92,Low
CUST-01187,Customer_1187,39,M,West,Self-Employed,93946.45,695,0.514,1860.17,15,124.01133333333334,4,0.0,0.0,0.0,0.0,23.45,Low
CUST-01188,Customer_1188,30,M,Central,Employed,200081.78,533,0.143,9003.88,41,219.60682926829267,15,205044.12,1.0,1.0,0.0,34.96,Medium
CUST-01189,Customer_1189,59,F,North,Employed,56124.11,606,0.317,2106.19,40,52.65475,3,201293.73,2.0,0.0,0.0,22.52,Low
CUST-01190,Customer_1190,41,M,South,Self-Employed,34878.7,755,0.494,1167.54,29,40.26,1,220090.69,4.0,0.0,0.0,19.79,Low
CUST-01191,Customer_1191,31,M,North,Employed,62820.13,526,0.792,2087.67,22,94.8940909090909,4,0.0,0.0,0.0,0.0,36.78,Medium
CUST-01192,Customer_1192,33,M,Central,Retired,45189.87,799,0.316,570.86,20,28.543,0,0.0,0.0,0.0,0.0,13.85,Low
CUST-01193,Customer_1193,50,M,East,Retired,42950.68,850,0.095,2023.53,51,39.677058823529414,1,182248.86000000002,3.0,0.0,0.0,6.81,Low
CUST-01194,Customer_1194,45,F,Central,Retired,46367.18,676,0.14,1094.3,25,43.772,0,0.0,0.0,0.0,0.0,17.01,Low
CUST-01195,Customer_1195,41,F,South,Employed,27483.08,802,0.075,314.29,17,18.48764705882353,0,69709.32999999999,1.0,0.0,0.0,7.46,Low
CUST-01196,Customer_1196,19,M,Central,Unemployed,84651.72,666,0.368,1691.06,18,93.94777777777777,3,36537.35,0.0,0.0,0.0,25.73,Medium
CUST-01197,Customer_1197,40,F,South,Self-Employed,55682.0,736,0.371,2734.23,40,68.35575,5,24973.96,0.0,0.0,0.0,18.27,Low
CUST-01198,Customer_1198,35,F,Central,Self-Employed,224890.14,797,0.381,9455.51,52,181.83673076923077,20,122400.29999999999,0.0,0.0,0.0,14.78,Low
CUST-01199,Customer_1199,48,F,West,Employed,61209.98,496,0.286,1273.22,17,74.89529411764705,2,104281.23999999999,1.0,0.0,2.0,40.01,Medium
CUST-01200,Customer_1200,45,M,Central,Unemployed,91324.52,711,0.463,2818.2400000000002,30,93.94133333333335,2,87593.57,1.0,1.0,0.0,36.59,Medium
CUST-01201,Customer_1201,49,F,South,Self-Employed,48466.16,639,0.493,1587.84,35,45.36685714285714,1,27998.46,0.0,0.0,1.0,31.68,Medium
CUST-01202,Customer_1202,52,F,Central,Self-Employed,56993.06,747,0.02,2515.96,30,83.86533333333334,4,105830.1,1.0,0.0,0.0,10.66,Low
CUST-01203,Customer_1203,38,M,North,Employed,32223.93,608,0.384,1705.3,42,40.602380952380955,1,83384.56,1.0,0.0,0.0,24.15,Low
CUST-01204,Customer_1204,57,M,West,Employed,110621.96,687,0.716,2816.19,21,134.1042857142857,4,0.0,0.0,0.0,0.0,25.85,Medium
CUST-01205,Customer_1205,53,M,Central,Employed,37298.16,626,0.229,774.89,20,38.7445,1,25227.61,1.0,0.0,0.0,20.03,Low
CUST-01206,Customer_1206,65,F,West,Employed,89027.71,638,0.386,4371.7699999999995,39,112.09666666666665,8,143895.83000000002,2.0,0.0,0.0,22.25,Low
CUST-01207,Customer_1207,61,M,West,Employed,40480.92,622,0.374,2635.26,45,58.56133333333334,2,11977.12,0.0,0.0,0.0,23.02,Low
CUST-01208,Customer_1208,58,M,North,Employed,22739.43,600,0.425,401.55,18,22.308333333333334,0,21767.22,0.0,0.0,0.0,25.7,Medium
CUST-01209,Customer_1209,45,F,East,Employed,119984.71,594,0.291,3904.86,38,102.75947368421053,5,38774.14,0.0,0.0,0.0,22.03,Low
CUST-01210,Customer_1210,35,M,Central,Employed,40010.79,602,0.292,1696.39,47,36.09340425531915,0,173375.27,0.0,0.0,0.0,22.26,Low
CUST-01211,Customer_1211,31,M,West,Self-Employed,77076.14,658,0.248,2876.89,32,89.9028125,5,136978.84,3.0,0.0,0.0,19.83,Low
CUST-01212,Customer_1212,45,F,West,Employed,109378.79,739,0.121,2542.5299999999997,29,87.67344827586206,3,0.0,0.0,0.0,0.0,10.69,Low
CUST-01213,Customer_1213,31,F,Central,Employed,45877.0,689,0.44,1149.7,25,45.988,2,56386.96,2.0,0.0,0.0,20.72,Low
CUST-01214,Customer_1214,50,F,Central,Employed,86466.93,788,0.357,2329.75,29,80.33620689655173,4,0.0,0.0,0.0,0.0,13.19,Low
CUST-01215,Customer_1215,47,F,South,Employed,27098.37,645,0.386,1125.58,44,25.581363636363633,0,98292.18,0.0,0.0,0.0,22.26,Low
CUST-01216,Customer_1216,35,F,South,Employed,216893.79,752,0.52,2861.01,20,143.0505,5,64815.8,2.0,0.0,0.0,17.88,Low
CUST-01217,Customer_1217,30,F,East,Retired,119452.18,431,0.461,2677.5099999999998,22,121.70499999999998,6,0.0,0.0,0.0,0.0,37.03,Medium
CUST-01218,Customer_1218,65,F,West,Self-Employed,32637.33,767,0.68,743.12,20,37.156,0,253226.76,2.0,0.0,0.0,22.77,Low
CUST-01219,Customer_1219,25,M,South,Employed,115734.24,683,0.301,2280.96,27,84.48,2,13814.51,0.0,0.0,1.0,23.13,Low
CUST-01220,Customer_1220,38,M,North,Employed,73411.0,700,0.442,1230.8300000000002,20,61.541500000000006,1,60156.41,0.0,0.0,0.0,19.45,Low
CUST-01221,Customer_1221,33,F,Central,Self-Employed,44700.75,604,0.226,1833.22,36,50.92277777777778,0,23156.29,1.0,0.0,0.0,22.2,Low
CUST-01222,Customer_1222,44,M,South,Employed,61922.53,614,0.257,2856.28,49,58.291428571428575,2,29242.61,1.0,0.0,0.0,20.59,Low
CUST-01223,Customer_1223,43,M,North,Unemployed,76055.25,512,0.428,2295.09,34,67.50264705882353,3,105393.4,1.0,1.0,1.0,53.07,High
CUST-01224,Customer_1224,63,F,North,Employed,74577.8,631,0.679,2361.36,25,94.4544,3,252062.59,2.0,1.0,0.0,40.28,Medium
CUST-01225,Customer_1225,43,F,North,Self-Employed,130788.93,673,0.472,4383.94,35,125.25542857142857,10,143288.72,1.0,0.0,0.0,23.51,Low
CUST-01226,Customer_1226,46,F,West,Self-Employed,23169.01,673,0.1,529.8199999999999,20,26.490999999999996,0,7466.89,1.0,0.0,0.0,16.7,Low
CUST-01227,Customer_1227,35,F,Central,Employed,86097.14,671,0.34,1937.31,35,55.35171428571429,1,65905.94,0.0,0.0,0.0,18.69,Low
CUST-01228,Customer_1228,44,M,West,Employed,43754.98,788,0.794,2914.98,54,53.98111111111111,3,38764.33,1.0,0.0,0.0,22.33,Low
CUST-01229,Customer_1229,33,F,South,Employed,20000.0,603,0.375,1017.89,40,25.44725,1,21698.04,0.0,0.0,0.0,24.82,Low
CUST-01230,Customer_1230,69,M,Central,Employed,48821.15,644,0.696,2094.34,44,47.598636363636366,2,25092.94,0.0,0.0,0.0,28.04,Medium
CUST-01231,Customer_1231,26,F,South,Self-Employed,54454.85,600,0.448,2032.02,49,41.469795918367346,2,0.0,0.0,0.0,0.0,26.83,Medium
CUST-01232,Customer_1232,39,M,East,Unemployed,182349.04,646,0.224,8630.73,48,179.806875,17,20400.09,0.0,0.0,0.0,23.97,Low
CUST-01233,Customer_1233,30,F,West,Self-Employed,69816.36,668,0.355,2687.97,46,58.4341304347826,2,16598.33,1.0,0.0,0.0,20.98,Low
CUST-01234,Customer_1234,50,M,North,Retired,34939.54,705,0.175,1692.77,47,36.016382978723406,1,71391.4,2.0,0.0,0.0,16.57,Low
CUST-01235,Customer_1235,33,F,Central,Retired,58212.09,542,0.307,2365.84,25,94.6336,3,0.0,0.0,0.0,0.0,27.99,Medium
CUST-01236,Customer_1236,31,F,East,Employed,79336.38,623,0.337,1513.72,17,89.04235294117647,3,0.0,0.0,0.0,0.0,22.09,Low
CUST-01237,Customer_1237,37,F,West,Self-Employed,32537.58,703,0.368,973.02,29,33.55241379310345,1,23149.33,0.0,0.0,0.0,20.19,Low
CUST-01238,Customer_1238,42,M,West,Employed,92357.94,850,0.332,1403.86,24,58.494166666666665,2,25025.13,1.0,0.0,0.0,8.96,Low
CUST-01239,Customer_1239,40,M,Central,Employed,38387.85,662,0.41,2151.92,45,47.82044444444445,1,75164.47,0.0,0.0,0.0,21.51,Low
CUST-01240,Customer_1240,55,M,Central,Retired,47093.42,798,0.075,1120.3700000000001,22,50.925909090909094,1,119874.68,0.0,0.0,0.0,9.27,Low
CUST-01241,Customer_1241,38,F,West,Retired,63241.06,684,0.138,1886.3899999999999,31,60.85129032258064,1,78716.5,1.0,0.0,0.0,16.33,Low
CUST-01242,Customer_1242,50,F,South,Unemployed,85811.27,593,0.45,4151.23,43,96.54023255813952,6,140344.76,2.0,0.0,0.0,31.2,Medium
CUST-01243,Customer_1243,43,F,West,Retired,189801.17,738,0.22,4326.71,31,139.57129032258064,7,231181.56,1.0,0.0,0.0,14.68,Low
CUST-01244,Customer_1244,42,M,West,Employed,201672.28,568,0.355,9938.83,42,236.63880952380953,19,89646.66,1.0,1.0,0.0,37.72,Medium
CUST-01245,Customer_1245,36,F,South,Self-Employed,46156.04,620,0.408,2054.38,48,42.79958333333334,2,0.0,0.0,0.0,0.0,25.14,Medium
CUST-01246,Customer_1246,33,F,West,Retired,90038.7,712,0.349,2876.32,38,75.69263157894737,3,126302.14,2.0,0.0,0.0,18.83,Low
CUST-01247,Customer_1247,44,M,East,Employed,28951.76,707,0.73,1467.85,40,36.69625,2,126191.7,0.0,0.0,1.0,31.93,Medium
CUST-01248,Customer_1248,36,F,East,Employed,99032.95,662,0.402,3004.22,47,63.9195744680851,4,0.0,0.0,0.0,0.0,20.54,Low
CUST-01249,Customer_1249,68,M,West,Employed,27898.25,604,0.011,1650.8,48,34.391666666666666,1,26579.61,1.0,0.0,0.0,17.07,Low
CUST-01250,Customer_1250,49,F,South,Retired,75872.69,617,0.508,673.85,15,44.92333333333333,1,64504.16,0.0,0.0,1.0,33.34,Medium
CUST-01251,Customer_1251,41,M,West,Self-Employed,24352.18,660,0.299,384.92,18,21.384444444444444,0,362683.95,1.0,2.0,0.0,41.33,Medium
CUST-01252,Customer_1252,47,M,East,Employed,60677.74,586,0.076,3364.8,48,70.10000000000001,3,40316.5,0.0,0.0,0.0,18.63,Low
CUST-01253,Customer_1253,59,M,Central,Employed,72247.84,720,0.459,1090.02,15,72.66799999999999,1,29509.28,0.0,0.0,0.0,18.8,Low
CUST-01254,Customer_1254,41,M,North,Retired,41927.64,569,0.278,1100.82,27,40.77111111111111,0,118804.42,1.0,0.0,0.0,25.73,Medium
CUST-01255,Customer_1255,51,F,Central,Employed,65793.44,737,0.22,3399.34,51,66.65372549019608,6,76081.79000000001,2.0,0.0,0.0,13.46,Low
CUST-01256,Customer_1256,45,M,West,Employed,34458.82,694,0.206,827.78,26,31.837692307692308,0,98437.45999999999,2.0,0.0,0.0,15.7,Low
CUST-01257,Customer_1257,55,F,Central,Unemployed,25945.3,486,0.557,795.77,16,49.735625,2,0.0,0.0,0.0,0.0,40.53,Medium
CUST-01258,Customer_1258,19,M,Central,Employed,84199.49,850,0.154,2832.29,37,76.54837837837837,3,0.0,0.0,0.0,0.0,5.5,Low
CUST-01259,Customer_1259,68,M,North,Employed,70853.68,850,0.39,4079.56,54,75.5474074074074,3,113032.41,0.0,0.0,0.0,10.29,Low
CUST-01260,Customer_1260,47,F,Central,Employed,134226.08,696,0.292,6747.39,47,143.56148936170214,10,75490.04,1.0,0.0,0.0,16.76,Low
CUST-01261,Customer_1261,38,F,South,Employed,35226.52,680,0.446,1567.34,49,31.986530612244895,1,51029.57,1.0,0.0,0.0,21.34,Low
CUST-01262,Customer_1262,48,F,East,Self-Employed,56355.08,648,0.692,1976.6499999999999,25,79.06599999999999,3,81063.86,1.0,0.0,0.0,29.45,Medium
CUST-01263,Customer_1263,26,M,West,Self-Employed,138009.47,730,0.179,5460.03,40,136.50074999999998,8,96082.76,0.0,0.0,0.0,14.05,Low
CUST-01264,Customer_1264,51,F,Central,Unemployed,77168.76,752,0.216,2450.06,30,81.66866666666667,4,123589.25,1.0,0.0,0.0,17.95,Low
CUST-01265,Customer_1265,46,F,South,Employed,89140.61,661,0.179,794.8100000000001,15,52.98733333333334,1,71647.36,0.0,0.0,0.0,16.17,Low
CUST-01266,Customer_1266,58,F,East,Employed,241189.08,637,0.323,8757.54,24,364.89750000000004,12,51533.659999999996,1.0,0.0,0.0,21.34,Low
CUST-01267,Customer_1267,45,M,West,Self-Employed,29839.7,842,0.456,946.6800000000001,50,18.933600000000002,0,0.0,0.0,0.0,0.0,14.3,Low
CUST-01268,Customer_1268,32,F,West,Employed,67246.96,559,0.243,2732.49,31,88.14483870967742,3,0.0,0.0,0.0,0.0,23.5,Low
CUST-01269,Customer_1269,45,M,Central,Self-Employed,82789.79,580,0.316,1530.31,15,102.02066666666666,3,9905.73,0.0,0.0,0.0,25.58,Medium
CUST-01270,Customer_1270,34,M,East,Unemployed,75121.83,580,0.116,6676.76,48,139.09916666666666,6,83826.1,1.0,0.0,0.0,25.32,Medium
CUST-01271,Customer_1271,39,F,West,Employed,94363.19,549,0.411,4583.3,50,91.666,12,119785.34,1.0,0.0,0.0,27.71,Medium
CUST-01272,Customer_1272,73,M,West,Unemployed,115171.78,610,0.379,2888.1,18,160.45,6,32554.22,0.0,0.0,1.0,35.48,Medium
CUST-01273,Customer_1273,40,F,West,Employed,93548.16,759,0.601,2148.06,26,82.61769230769231,4,71574.1,0.0,0.0,0.0,19.64,Low
CUST-01274,Customer_1274,47,F,West,Employed,66181.64,714,0.302,2218.74,43,51.59860465116279,2,181877.79,2.0,1.0,0.0,27.99,Medium
CUST-01275,Customer_1275,39,M,West,Employed,20000.0,834,0.065,459.54,23,19.98,0,0.0,0.0,0.0,0.0,5.89,Low
CUST-01276,Customer_1276,67,M,South,Unemployed,28891.31,758,0.179,1378.3,34,40.53823529411765,1,0.0,0.0,0.0,0.0,17.53,Low
CUST-01277,Customer_1277,43,M,West,Self-Employed,76600.73,714,0.128,4073.14,51,79.86549019607843,6,86290.29000000001,1.0,0.0,0.0,14.19,Low
CUST-01278,Customer_1278,36,F,East,Self-Employed,149228.62,648,0.112,7155.06,48,149.06375,10,66570.82,0.0,2.0,0.0,37.13,Medium
CUST-01279,Customer_1279,50,F,East,Employed,67368.71,669,0.579,4040.52,48,84.1775,3,60454.66,0.0,0.0,0.0,24.04,Low
CUST-01280,Customer_1280,27,F,Central,Employed,53364.68,844,0.591,1191.73,30,39.724333333333334,1,21884.15,0.0,0.0,0.0,14.87,Low
CUST-01281,Customer_1281,45,M,East,Employed,69446.87,673,0.572,6295.5,53,118.78301886792453,12,67109.88,1.0,0.0,0.0,24.47,Low
CUST-01282,Customer_1282,46,F,West,Retired,86826.19,539,0.113,3176.89,32,99.2778125,5,287257.87,1.0,0.0,0.0,23.98,Low
CUST-01283,Customer_1283,28,F,West,Self-Employed,76106.13,738,0.066,2914.84,40,72.87100000000001,6,68084.6,0.0,0.0,0.0,11.81,Low
CUST-01284,Customer_1284,23,M,East,Employed,57418.97,643,0.242,1383.53,25,55.3412,1,112664.93,2.0,0.0,0.0,18.8,Low
CUST-01285,Customer_1285,23,F,North,Employed,103669.59,703,0.209,4492.78,48,93.59958333333333,7,98370.45,1.0,0.0,0.0,14.69,Low
CUST-01286,Customer_1286,55,M,East,Employed,189352.88,597,0.322,6100.8,28,217.8857142857143,11,79290.71,0.0,1.0,0.0,35.25,Medium
CUST-01287,Customer_1287,33,F,Central,Self-Employed,56666.26,689,0.631,3008.83,36,83.57861111111112,3,51467.369999999995,2.0,0.0,0.0,25.8,Medium
CUST-01288,Customer_1288,56,F,East,Self-Employed,159965.83,661,0.027,3110.14,20,155.507,7,142516.59,1.0,0.0,0.0,15.35,Low
CUST-01289,Customer_1289,38,F,West,Employed,42896.38,628,0.361,1889.74,36,52.492777777777775,3,0.0,0.0,0.0,0.0,22.56,Low
CUST-01290,Customer_1290,52,M,South,Self-Employed,60036.07,778,0.571,991.91,20,49.5955,1,11347.81,1.0,0.0,0.0,19.51,Low
CUST-01291,Customer_1291,57,F,North,Employed,105714.36,638,0.312,10067.18,50,201.3436,10,113152.22,1.0,0.0,0.0,20.54,Low
CUST-01292,Customer_1292,56,M,North,Employed,40691.02,660,0.295,1656.7,27,61.35925925925926,2,183536.27000000002,1.0,0.0,0.0,19.51,Low
CUST-01293,Customer_1293,24,F,Central,Employed,153737.95,787,0.222,6097.45,40,152.43625,12,30701.280000000002,2.0,0.0,0.0,10.67,Low
CUST-01294,Customer_1294,53,F,Central,Unemployed,66346.61,599,0.493,4080.34,37,110.27945945945946,9,0.0,0.0,0.0,0.0,32.56,Medium
CUST-01295,Customer_1295,41,M,East,Self-Employed,74209.92,618,0.25,2858.77,40,71.46925,4,47106.4,1.0,0.0,0.0,21.82,Low
CUST-01296,Customer_1296,23,F,East,Employed,64632.51,656,0.159,3781.04,32,118.1575,5,12664.97,0.0,0.0,0.0,16.87,Low
CUST-01297,Customer_1297,42,F,West,Self-Employed,70819.29,755,0.493,3832.07,47,81.53340425531916,5,23868.74,1.0,0.0,0.0,19.29,Low
CUST-01298,Customer_1298,33,M,North,Employed,48242.09,709,0.777,2118.99,49,43.244693877551015,1,39205.9,1.0,0.0,0.0,26.01,Medium
CUST-01299,Customer_1299,42,F,West,Employed,41482.92,765,0.507,1717.28,16,107.33,3,132943.98,2.0,0.0,0.0,18.57,Low
CUST-01300,Customer_1300,48,F,Central,Employed,64289.54,617,0.574,2307.56,29,79.57103448275862,2,140238.24,0.0,1.0,0.0,38.87,Medium
CUST-01301,Customer_1301,47,M,Central,Self-Employed,119676.76,847,0.416,2847.47,36,79.09638888888888,4,158483.44,1.0,0.0,0.0,12.13,Low
CUST-01302,Customer_1302,30,F,Central,Self-Employed,63313.85,668,0.273,2840.08,49,57.96081632653061,3,29648.2,1.0,0.0,0.0,19.54,Low
CUST-01303,Customer_1303,22,F,East,Employed,50284.79,697,0.509,1343.74,31,43.34645161290322,2,0.0,0.0,0.0,0.0,21.47,Low
CUST-01304,Customer_1304,57,M,West,Employed,25122.72,648,0.12,759.83,29,26.201034482758622,1,20178.49,0.0,0.0,0.0,17.04,Low
CUST-01305,Customer_1305,47,F,South,Employed,111030.18,830,0.535,4331.63,51,84.93392156862745,5,0.0,0.0,0.0,0.0,13.96,Low
CUST-01306,Customer_1306,28,M,East,Employed,82204.46,850,0.241,2707.06,35,77.34457142857143,7,0.0,0.0,0.0,0.0,7.86,Low
CUST-01307,Customer_1307,61,M,West,Retired,80849.14,643,0.762,1370.16,24,57.09,3,21428.04,1.0,0.0,0.0,31.22,Medium
CUST-01308,Customer_1308,27,F,North,Unemployed,44419.01,652,0.369,1454.72,31,46.92645161290323,1,151127.24,1.0,1.0,0.0,38.61,Medium
CUST-01309,Customer_1309,55,F,Central,Employed,32043.43,570,0.245,1435.01,54,26.57425925925926,1,3762.15,1.0,0.0,0.0,23.43,Low
CUST-01310,Customer_1310,33,F,South,Employed,88332.17,659,0.351,2257.2599999999998,30,75.24199999999999,2,53540.25,1.0,0.0,0.0,19.73,Low
CUST-01311,Customer_1311,44,F,West,Employed,22409.8,850,0.467,898.74,45,19.972,0,163313.53000000003,1.0,0.0,0.0,12.93,Low
CUST-01312,Customer_1312,64,F,West,Employed,98145.1,645,0.109,2009.8799999999999,22,91.35818181818182,3,64344.79,1.0,0.0,0.0,15.87,Low
CUST-01313,Customer_1313,27,F,South,Employed,88300.75,677,0.158,1354.29,20,67.7145,3,0.0,0.0,0.0,0.0,15.3,Low
CUST-01314,Customer_1314,53,F,East,Self-Employed,68176.42,561,0.155,1733.24,21,82.5352380952381,3,0.0,0.0,0.0,0.0,23.34,Low
CUST-01315,Customer_1315,51,F,West,Employed,106912.91,716,0.481,2639.49,35,75.41399999999999,2,0.0,0.0,0.0,0.0,18.94,Low
CUST-01316,Customer_1316,29,M,South,Employed,96328.03,799,0.813,6398.68,48,133.30583333333334,10,150992.94,1.0,0.0,0.0,21.93,Low
CUST-01317,Customer_1317,51,F,Central,Employed,64969.54,727,0.295,3192.44,40,79.811,5,0.0,0.0,0.0,0.0,15.55,Low
CUST-01318,Customer_1318,44,F,South,Employed,62799.47,734,0.223,2971.82,42,70.75761904761904,4,0.0,0.0,0.0,0.0,13.62,Low
CUST-01319,Customer_1319,44,M,Central,Employed,62228.52,699,0.099,745.11,20,37.2555,1,16086.87,1.0,0.0,0.0,12.84,Low
CUST-01320,Customer_1320,40,F,East,Employed,143718.77,632,0.097,6496.87,51,127.38960784313726,8,0.0,0.0,0.0,0.0,15.99,Low
CUST-01321,Customer_1321,62,M,South,Employed,86247.71,703,0.558,2368.7799999999997,29,81.68206896551723,4,60283.25,2.0,0.0,0.0,21.85,Low
CUST-01322,Customer_1322,21,F,South,Employed,110111.26,735,0.395,4464.81,51,87.54529411764706,6,236874.59,1.0,1.0,0.0,28.45,Medium
CUST-01323,Customer_1323,38,F,East,Employed,66542.91,709,0.352,2531.32,40,63.283,4,11666.92,0.0,0.0,0.0,17.52,Low
CUST-01324,Customer_1324,18,M,East,Employed,75149.23,664,0.263,2054.8,29,70.85517241379311,3,0.0,0.0,0.0,0.0,18.07,Low
CUST-01325,Customer_1325,23,M,North,Employed,42180.56,703,0.403,2661.88,50,53.2376,3,0.0,0.0,0.0,0.0,19.21,Low
CUST-01326,Customer_1326,23,M,Central,Employed,39606.95,821,0.257,3239.15,53,61.116037735849055,3,0.0,0.0,0.0,0.0,9.91,Low
CUST-01327,Customer_1327,40,F,West,Unemployed,51542.67,509,0.226,1052.2,26,40.46923076923077,2,4261.15,0.0,1.0,0.0,43.6,Medium
CUST-01328,Customer_1328,51,M,West,Unemployed,84161.74,651,0.144,2928.33,36,81.3425,5,5388.55,1.0,0.0,0.0,21.94,Low
CUST-01329,Customer_1329,43,M,North,Employed,133778.99,772,0.071,2897.45,26,111.4403846153846,5,0.0,0.0,0.0,0.0,8.1,Low
CUST-01330,Customer_1330,20,M,Central,Self-Employed,61626.77,755,0.157,2263.7,34,66.57941176470588,4,205453.38,0.0,0.0,0.0,12.79,Low
CUST-01331,Customer_1331,59,F,West,Self-Employed,28070.86,654,0.435,358.6,25,14.344000000000001,0,28426.78,0.0,0.0,0.0,24.21,Low
CUST-01332,Customer_1332,48,F,South,Self-Employed,114800.6,580,0.139,6601.39,51,129.43901960784314,12,0.0,0.0,0.0,0.0,21.83,Low
CUST-01333,Customer_1333,50,M,East,Employed,40514.89,494,0.444,2326.75,55,42.304545454545455,2,207077.62,0.0,1.0,0.0,43.36,Medium
CUST-01334,Customer_1334,57,M,East,Retired,45127.68,765,0.373,1654.28,36,45.95222222222222,0,87742.66,0.0,0.0,1.0,22.85,Low
CUST-01335,Customer_1335,47,M,North,Employed,84906.42,721,0.072,821.5600000000001,16,51.347500000000004,0,18593.22,1.0,0.0,0.0,10.48,Low
CUST-01336,Customer_1336,24,F,North,Employed,78273.94,754,0.306,3990.16,49,81.43183673469387,8,0.0,0.0,0.0,0.0,14.27,Low
CUST-01337,Customer_1337,45,M,West,Unemployed,62078.54,660,0.252,1894.64,37,51.20648648648649,3,52603.48,2.0,0.0,0.0,23.68,Low
CUST-01338,Customer_1338,27,M,Central,Unemployed,100903.66,796,0.485,2535.65,36,70.43472222222222,4,81348.67,2.0,0.0,0.0,20.5,Low
CUST-01339,Customer_1339,27,M,East,Unemployed,89597.0,638,0.569,2346.7599999999998,31,75.70193548387095,5,67980.62,0.0,0.0,2.0,43.19,Medium
CUST-01340,Customer_1340,60,M,West,Employed,25317.8,718,0.435,479.7,23,20.856521739130436,0,88609.98,0.0,0.0,0.0,19.34,Low
CUST-01341,Customer_1341,50,F,North,Employed,34321.26,655,0.33,1996.37,39,51.188974358974356,3,0.0,0.0,0.0,0.0,20.7,Low
CUST-01342,Customer_1342,36,M,Central,Unemployed,25381.33,614,0.588,998.66,38,26.280526315789473,0,66751.43,0.0,0.0,0.0,33.57,Medium
CUST-01343,Customer_1343,34,F,South,Employed,54663.72,756,0.63,2525.14,54,46.76185185185185,4,88363.9,1.0,0.0,0.0,20.62,Low
CUST-01344,Customer_1344,58,F,West,Self-Employed,51285.29,605,0.349,2678.11,48,55.793958333333336,3,70323.93,0.0,0.0,0.0,24.76,Low
CUST-01345,Customer_1345,25,F,East,Self-Employed,56517.48,779,0.249,2173.84,46,47.25739130434783,1,82052.39,3.0,0.0,0.0,12.95,Low
CUST-01346,Customer_1346,26,M,West,Self-Employed,50586.37,671,0.428,2636.6,46,57.31739130434782,3,149201.19,0.0,0.0,0.0,22.77,Low
CUST-01347,Customer_1347,37,F,Central,Self-Employed,81094.97,712,0.22,3447.0299999999997,50,68.94059999999999,5,38295.71,1.0,0.0,0.0,15.98,Low
CUST-01348,Customer_1348,51,M,Central,Employed,51972.97,599,0.286,2186.17,32,68.3178125,3,0.0,0.0,0.0,0.0,22.46,Low
CUST-01349,Customer_1349,66,F,East,Unemployed,70986.33,748,0.259,3118.02,55,56.691272727272725,5,135947.38999999998,2.0,0.0,0.0,18.91,Low
CUST-01350,Customer_1350,29,M,North,Employed,34969.09,793,0.482,1847.05,48,38.48020833333333,1,218525.6,1.0,0.0,0.0,15.91,Low
CUST-01351,Customer_1351,32,F,East,Employed,39904.11,509,0.268,1395.68,44,31.720000000000002,2,80016.59,1.0,1.0,0.0,39.09,Medium
CUST-01352,Customer_1352,41,M,Central,Employed,51481.72,719,0.331,2538.06,33,76.91090909090909,3,184038.27000000002,4.0,0.0,0.0,16.82,Low
CUST-01353,Customer_1353,38,M,Central,Unemployed,76159.38,617,0.379,1348.02,16,84.25125,2,48879.78,2.0,0.0,0.0,28.54,Medium
CUST-01354,Customer_1354,58,M,East,Self-Employed,77810.88,671,0.335,940.97,19,49.52473684210526,0,53512.43,1.0,0.0,0.0,20.07,Low
CUST-01355,Customer_1355,40,F,South,Employed,72480.19,596,0.378,1063.12,15,70.87466666666666,1,20434.86,0.0,0.0,1.0,29.94,Medium
CUST-01356,Customer_1356,48,M,Central,Employed,35733.47,635,0.195,1584.62,34,46.60647058823529,1,159573.79,1.0,0.0,0.0,18.8,Low
CUST-01357,Customer_1357,53,F,North,Employed,50770.33,726,0.324,1028.9099999999999,17,60.524117647058816,1,111634.72,1.0,0.0,0.0,16.15,Low
CUST-01358,Customer_1358,38,M,North,Unemployed,86412.36,545,0.239,1274.74,17,74.98470588235294,1,7014.78,1.0,0.0,0.0,29.19,Medium
CUST-01359,Customer_1359,48,M,North,Employed,136097.11,649,0.688,6639.19,44,150.8906818181818,9,0.0,0.0,0.0,0.0,27.19,Medium
CUST-01360,Customer_1360,33,M,North,Employed,70889.07,680,0.434,1106.8,23,48.12173913043478,1,128367.25,3.0,1.0,0.0,32.39,Medium
CUST-01361,Customer_1361,38,F,West,Employed,127134.65,676,0.637,6687.1900000000005,43,155.5160465116279,8,0.0,0.0,0.0,0.0,24.68,Low
CUST-01362,Customer_1362,39,F,North,Employed,138480.45,644,0.444,8708.35,44,197.91704545454547,13,27583.07,1.0,0.0,0.0,23.01,Low
CUST-01363,Customer_1363,41,M,North,Retired,63316.2,790,0.448,2105.77,47,44.803617021276594,2,44253.05,1.0,0.0,0.0,16.8,Low
CUST-01364,Customer_1364,32,F,North,Employed,78769.37,510,0.429,1137.26,23,49.44608695652174,0,0.0,0.0,0.0,0.0,29.22,Medium
CUST-01365,Customer_1365,45,M,East,Self-Employed,112583.45,715,0.208,3592.65,42,85.53928571428571,5,0.0,0.0,0.0,0.0,15.28,Low
CUST-01366,Customer_1366,38,F,East,Unemployed,23497.63,618,0.232,728.17,37,19.68027027027027,0,0.0,0.0,0.0,0.0,26.32,Medium
CUST-01367,Customer_1367,29,F,Central,Employed,97205.48,689,0.514,1169.58,16,73.09875,0,0.0,0.0,0.0,0.0,20.9,Low
CUST-01368,Customer_1368,38,F,North,Retired,59479.49,663,0.538,1562.7,36,43.40833333333333,1,104178.99,0.0,0.0,0.0,25.52,Medium
CUST-01369,Customer_1369,42,M,North,Self-Employed,125595.0,754,0.393,1253.74,16,78.35875,1,226466.43,0.0,0.0,0.0,16.44,Low
CUST-01370,Customer_1370,53,F,South,Employed,50724.31,551,0.506,678.98,18,37.721111111111114,0,23099.29,1.0,0.0,0.0,29.04,Medium
CUST-01371,Customer_1371,47,M,Central,Self-Employed,32184.85,678,0.284,1199.9,44,27.270454545454548,0,199794.81,2.0,0.0,0.0,19.72,Low
CUST-01372,Customer_1372,31,F,North,Unemployed,54125.07,674,0.077,2904.58,49,59.277142857142856,1,56405.67,0.0,0.0,0.0,19.28,Low
CUST-01373,Customer_1373,46,F,West,Self-Employed,38814.85,726,0.149,1476.43,46,32.09630434782609,1,115210.17000000001,3.0,0.0,0.0,14.28,Low
CUST-01374,Customer_1374,35,M,South,Unemployed,136001.42,750,0.513,2119.19,25,84.7676,3,169131.33000000002,1.0,1.0,0.0,35.26,Medium
CUST-01375,Customer_1375,66,F,Central,Employed,139880.49,654,0.093,5237.9,35,149.6542857142857,10,27857.39,2.0,0.0,0.0,15.39,Low
CUST-01376,Customer_1376,35,F,East,Retired,55386.19,712,0.56,729.46,21,34.73619047619048,0,35535.75,1.0,0.0,0.0,23.24,Low
CUST-01377,Customer_1377,40,F,East,Employed,43580.11,747,0.221,1813.63,26,69.75500000000001,3,0.0,0.0,0.0,0.0,13.41,Low
CUST-01378,Customer_1378,18,F,East,Self-Employed,29894.34,574,0.388,467.40999999999997,22,21.24590909090909,0,23668.399999999998,1.0,1.0,0.0,39.56,Medium
CUST-01379,Customer_1379,50,M,West,Unemployed,127768.9,595,0.23,2651.36,20,132.568,4,192077.09,1.0,0.0,0.0,26.52,Medium
CUST-01380,Customer_1380,52,F,East,Retired,139080.64,722,0.294,8115.06,44,184.43318181818182,11,87493.08,1.0,0.0,0.0,17.53,Low
CUST-01381,Customer_1381,38,F,North,Self-Employed,247058.36,700,0.382,7703.03,35,220.08657142857143,17,7188.67,0.0,0.0,0.0,20.48,Low
CUST-01382,Customer_1382,18,M,Central,Employed,33363.85,714,0.399,1302.48,30,43.416000000000004,0,99719.89,2.0,0.0,0.0,18.51,Low
CUST-01383,Customer_1383,48,F,North,Employed,103458.72,794,0.604,3530.9700000000003,26,135.80653846153848,6,158648.48,1.0,0.0,1.0,24.05,Low
CUST-01384,Customer_1384,43,M,East,Employed,25906.65,637,0.206,1019.53,36,28.320277777777775,1,0.0,0.0,0.0,0.0,19.29,Low
CUST-01385,Customer_1385,41,F,Central,Employed,54315.1,707,0.348,1884.49,45,41.87755555555555,3,193529.3,2.0,0.0,0.0,17.63,Low
CUST-01386,Customer_1386,40,M,North,Employed,45080.74,722,0.388,2138.84,44,48.61000000000001,3,0.0,0.0,0.0,0.0,17.84,Low
CUST-01387,Customer_1387,38,M,South,Employed,46417.37,713,0.515,1272.3,24,53.012499999999996,1,0.0,0.0,0.0,0.0,20.7,Low
CUST-01388,Customer_1388,63,M,South,Employed,86600.41,781,0.46,2579.07,37,69.7045945945946,1,110347.96,0.0,0.0,0.0,15.08,Low
CUST-01389,Customer_1389,45,M,Central,Employed,72274.31,586,0.463,1560.79,23,67.86043478260869,2,66601.2,0.0,1.0,0.0,38.29,Medium
CUST-01390,Customer_1390,60,M,North,Self-Employed,119573.58,636,0.207,3673.42,46,79.85695652173914,3,0.0,0.0,0.0,0.0,19.23,Low
CUST-01391,Customer_1391,39,F,South,Employed,71946.7,669,0.292,1926.76,22,87.58,2,0.0,0.0,0.0,0.0,18.37,Low
CUST-01392,Customer_1392,28,M,Central,Self-Employed,57007.5,829,0.377,3374.6,55,61.35636363636363,4,42265.49,1.0,0.0,0.0,13.02,Low
CUST-01393,Customer_1393,49,F,North,Unemployed,72445.5,594,0.132,2600.4,26,100.01538461538462,2,0.0,0.0,0.0,0.0,24.68,Low
CUST-01394,Customer_1394,69,F,East,Retired,149537.97,642,0.272,5959.77,50,119.1954,12,43774.119999999995,1.0,0.0,0.0,21.31,Low
CUST-01395,Customer_1395,54,F,North,Unemployed,21728.6,707,0.364,621.86,31,20.06,0,29435.79,0.0,0.0,0.0,24.2,Low
CUST-01396,Customer_1396,36,M,West,Employed,116686.78,732,0.151,5564.92,42,132.49809523809523,6,190502.52000000002,0.0,0.0,0.0,11.79,Low
CUST-01397,Customer_1397,31,M,East,Employed,47696.02,710,0.365,905.7299999999999,21,43.129999999999995,1,164721.56,3.0,0.0,0.0,17.86,Low
CUST-01398,Customer_1398,29,F,Central,Self-Employed,26321.86,701,0.307,626.0,40,15.65,0,156407.43,1.0,0.0,0.0,19.16,Low
CUST-01399,Customer_1399,41,M,West,Retired,85769.05,691,0.452,2935.84,30,97.86133333333333,4,0.0,0.0,0.0,0.0,22.37,Low
CUST-01400,Customer_1400,52,M,South,Employed,37756.05,575,0.438,805.05,26,30.963461538461537,0,178301.1,0.0,0.0,0.0,26.73,Medium
CUST-01401,Customer_1401,41,F,South,Employed,32574.88,658,0.175,2269.41,52,43.6425,2,0.0,0.0,0.0,0.0,17.31,Low
CUST-01402,Customer_1402,43,F,Central,Self-Employed,124416.1,534,0.113,4610.4,49,94.08979591836734,10,0.0,0.0,0.0,0.0,23.56,Low
CUST-01403,Customer_1403,44,F,East,Employed,46098.43,609,0.166,1117.36,38,29.404210526315786,1,46783.48,0.0,1.0,0.0,31.32,Medium
CUST-01404,Customer_1404,55,F,South,Unemployed,20763.21,819,0.5,898.47,55,16.335818181818183,0,0.0,0.0,0.0,0.0,20.87,Low
CUST-01405,Customer_1405,30,M,West,Employed,86717.42,662,0.054,1857.82,30,61.92733333333333,2,28326.15,0.0,0.0,1.0,19.64,Low
CUST-01406,Customer_1406,59,M,Central,Self-Employed,34525.2,777,0.261,1497.25,36,41.59027777777778,2,27044.14,1.0,0.0,0.0,14.05,Low
CUST-01407,Customer_1407,46,M,South,Employed,62812.44,594,0.315,2783.08,38,73.23894736842105,5,25876.12,0.0,1.0,0.0,35.28,Medium
CUST-01408,Customer_1408,58,F,East,Self-Employed,61042.66,850,0.531,1649.23,46,35.85282608695652,0,162593.44,1.0,1.0,0.0,26.51,Medium
CUST-01409,Customer_1409,46,M,North,Self-Employed,28595.56,751,0.318,1056.5,27,39.129629629629626,1,0.0,0.0,0.0,0.0,16.74,Low
CUST-01410,Customer_1410,33,F,East,Employed,48434.22,786,0.287,3133.12,48,65.27333333333333,2,0.0,0.0,0.0,0.0,12.11,Low
CUST-01411,Customer_1411,20,M,East,Employed,97754.02,794,0.05,743.21,18,41.28944444444445,0,32096.36,2.0,0.0,0.0,5.89,Low
CUST-01412,Customer_1412,40,F,Central,Employed,28696.1,655,0.415,1909.25,41,46.56707317073171,2,0.0,0.0,0.0,0.0,22.47,Low
CUST-01413,Customer_1413,30,M,South,Self-Employed,28454.31,553,0.434,800.97,29,27.619655172413793,0,253834.28,1.0,0.0,0.0,29.68,Medium
CUST-01414,Customer_1414,36,M,North,Self-Employed,42260.41,850,0.503,2176.96,53,41.07471698113208,2,0.0,0.0,0.0,0.0,14.58,Low
CUST-01415,Customer_1415,54,M,East,Employed,38913.74,850,0.347,555.1899999999999,27,20.56259259259259,0,15928.19,1.0,0.0,0.0,9.87,Low
CUST-01416,Customer_1416,41,M,East,Employed,43676.58,740,0.532,2104.53,43,48.94255813953489,1,32285.79,1.0,0.0,0.0,19.55,Low
CUST-01417,Customer_1417,42,F,South,Self-Employed,53688.22,697,0.426,946.8199999999999,20,47.340999999999994,1,180894.37,1.0,0.0,0.0,21.16,Low
CUST-01418,Customer_1418,35,M,Central,Employed,101864.04,719,0.794,5645.75,45,125.46111111111111,10,55116.600000000006,0.0,1.0,1.0,43.92,Medium
CUST-01419,Customer_1419,47,F,Central,Self-Employed,70437.65,701,0.341,3900.48,41,95.13365853658537,4,57435.17,2.0,0.0,0.0,19.16,Low
CUST-01420,Customer_1420,22,M,West,Self-Employed,34504.42,785,0.417,481.90999999999997,20,24.095499999999998,0,0.0,0.0,0.0,0.0,16.46,Low
CUST-01421,Customer_1421,58,M,East,Employed,58873.08,789,0.28,2239.68,41,54.62634146341463,2,75529.16,3.0,0.0,0.0,11.61,Low
CUST-01422,Customer_1422,38,M,Central,Employed,46866.51,732,0.107,769.98,21,36.66571428571429,0,0.0,0.0,0.0,0.0,11.28,Low
CUST-01423,Customer_1423,43,M,North,Employed,20000.0,684,0.279,131.7,15,8.78,0,153865.68,2.0,1.0,0.0,30.36,Medium
CUST-01424,Customer_1424,62,F,North,Employed,40962.92,754,0.446,830.57,16,51.910625,0,7702.26,0.0,0.0,0.0,17.02,Low
CUST-01425,Customer_1425,41,F,South,Retired,29500.45,725,0.33,359.72,15,23.981333333333335,0,78523.19,1.0,0.0,0.0,18.68,Low
CUST-01426,Customer_1426,41,M,East,Employed,48020.71,754,0.272,2255.14,42,53.69380952380952,4,50816.73,0.0,0.0,0.0,13.83,Low
CUST-01427,Customer_1427,36,M,South,Employed,37624.23,669,0.193,2515.94,49,51.34571428571429,5,59785.25,2.0,0.0,0.0,17.21,Low
CUST-01428,Customer_1428,35,M,North,Employed,103527.06,718,0.092,1692.72,22,76.94181818181818,3,58631.100000000006,1.0,0.0,0.0,11.49,Low
CUST-01429,Customer_1429,39,F,East,Employed,77005.58,764,0.263,1430.49,21,68.11857142857143,3,98492.28,0.0,0.0,0.0,12.78,Low
CUST-01430,Customer_1430,36,M,North,Employed,95431.99,704,0.094,1570.8200000000002,19,82.67473684210528,3,15388.14,0.0,0.0,0.0,12.5,Low
CUST-01431,Customer_1431,32,F,East,Employed,34781.16,543,0.146,1225.5,42,29.178571428571427,0,149470.9,1.0,1.0,1.0,40.73,Medium
CUST-01432,Customer_1432,41,F,North,Self-Employed,95166.4,622,0.356,5227.65,43,121.57325581395348,10,147111.22,0.0,1.0,0.0,36.08,Medium
CUST-01433,Customer_1433,42,F,North,Retired,25032.77,741,0.466,694.42,25,27.776799999999998,0,120233.61,2.0,0.0,0.0,20.72,Low
CUST-01434,Customer_1434,46,F,South,Employed,54636.35,784,0.103,3330.36,38,87.64105263157894,5,46933.78,0.0,0.0,0.0,8.84,Low
CUST-01435,Customer_1435,33,F,South,Employed,55935.56,751,0.209,3039.85,53,57.35566037735849,7,139495.41,2.0,0.0,0.0,12.74,Low
CUST-01436,Customer_1436,51,M,West,Employed,49845.16,648,0.259,1200.05,25,48.001999999999995,0,24453.39,0.0,0.0,0.0,18.83,Low
CUST-01437,Customer_1437,19,F,East,Retired,58135.28,722,0.046,4002.7,46,87.01521739130435,5,0.0,0.0,0.0,0.0,12.9,Low
CUST-01438,Customer_1438,56,F,Central,Employed,39606.02,778,0.28,2489.4500000000003,52,47.87403846153847,1,0.0,0.0,0.0,0.0,12.53,Low
CUST-01439,Customer_1439,36,M,Central,Employed,79792.93,573,0.511,2995.83,35,85.59514285714286,5,23784.35,1.0,0.0,0.0,28.12,Medium
CUST-01440,Customer_1440,39,M,South,Employed,38099.02,640,0.134,2021.06,31,65.19548387096773,2,32287.08,1.0,0.0,0.0,17.41,Low
CUST-01441,Customer_1441,50,M,West,Retired,127727.09,688,0.185,6331.46,32,197.858125,12,170499.51,2.0,0.0,0.0,17.93,Low
CUST-01442,Customer_1442,46,M,Central,Retired,126868.62,737,0.391,3582.9700000000003,31,115.57967741935485,7,0.0,0.0,0.0,0.0,18.64,Low
CUST-01443,Customer_1443,51,M,Central,Employed,32529.49,660,0.256,1202.54,43,27.966046511627905,1,18112.69,1.0,0.0,0.0,18.74,Low
CUST-01444,Customer_1444,36,M,South,Employed,61273.78,725,0.547,2771.89,39,71.07410256410256,3,76768.74,1.0,0.0,0.0,20.53,Low
CUST-01445,Customer_1445,37,M,North,Unemployed,179656.93,791,0.083,9607.69,50,192.15380000000002,13,94106.06000000001,0.0,0.0,0.0,12.79,Low
CUST-01446,Customer_1446,46,F,West,Employed,106693.95,643,0.191,3562.55,45,79.16777777777779,5,23180.08,1.0,0.0,0.0,17.4,Low
CUST-01447,Customer_1447,56,F,South,Unemployed,42031.61,771,0.322,1377.58,26,52.98384615384615,4,0.0,0.0,0.0,0.0,19.86,Low
CUST-01448,Customer_1448,41,M,South,Employed,59307.79,598,0.312,4413.64,36,122.60111111111112,5,91179.16,2.0,0.0,0.0,23.11,Low
CUST-01449,Customer_1449,40,F,Central,Self-Employed,40376.72,796,0.178,1274.43,35,36.412285714285716,0,131485.90000000002,1.0,0.0,0.0,10.89,Low
CUST-01450,Customer_1450,46,M,South,Self-Employed,47252.69,850,0.091,1660.35,32,51.8859375,2,89766.24,2.0,0.0,0.0,6.33,Low
CUST-01451,Customer_1451,38,M,West,Employed,38488.36,736,0.479,524.06,15,34.93733333333333,0,72940.95999999999,1.0,1.0,0.0,30.74,Medium
CUST-01452,Customer_1452,54,F,East,Employed,34802.96,731,0.647,1719.54,42,40.941428571428574,2,0.0,0.0,0.0,0.0,22.73,Low
CUST-01453,Customer_1453,37,F,West,Employed,43976.07,640,0.017,1355.97,30,45.199,0,49413.72,2.0,0.0,0.0,14.58,Low
CUST-01454,Customer_1454,62,M,North,Employed,33020.71,654,0.696,610.19,31,19.683548387096774,0,78947.0,1.0,0.0,0.0,27.74,Medium
CUST-01455,Customer_1455,55,F,West,Employed,25187.73,721,0.578,752.05,43,17.48953488372093,0,59379.23,1.0,0.0,0.0,22.04,Low
CUST-01456,Customer_1456,25,M,South,Employed,119227.71,787,0.382,3979.86,33,120.60181818181819,9,17084.98,1.0,0.0,0.0,14.04,Low
CUST-01457,Customer_1457,48,F,Central,Employed,50096.31,487,0.392,1204.57,37,32.55594594594594,0,73759.77,0.0,0.0,0.0,30.27,Medium
CUST-01458,Customer_1458,54,F,South,Employed,20000.0,724,0.103,1363.8799999999999,55,24.79781818181818,0,173835.24,1.0,0.0,0.0,12.65,Low
CUST-01459,Customer_1459,36,M,Central,Self-Employed,21369.46,644,0.523,780.22,46,16.961304347826086,0,73457.1,1.0,0.0,0.0,26.84,Medium
CUST-01460,Customer_1460,55,F,West,Self-Employed,73082.74,639,0.263,1449.54,21,69.02571428571429,3,40114.979999999996,0.0,0.0,1.0,27.16,Medium
CUST-01461,Customer_1461,44,M,Central,Employed,224329.45,607,0.667,12647.91,54,234.22055555555556,25,87169.92,1.0,0.0,0.0,29.76,Medium
CUST-01462,Customer_1462,45,M,South,Employed,57669.78,558,0.191,966.1800000000001,27,35.784444444444446,1,254143.65000000002,0.0,1.0,0.0,34.39,Medium
CUST-01463,Customer_1463,21,M,Central,Employed,73550.99,708,0.341,2452.69,46,53.31934782608696,0,108677.98000000001,2.0,0.0,1.0,22.74,Low
CUST-01464,Customer_1464,24,M,South,Employed,71199.03,704,0.405,2939.02,39,75.35948717948718,3,138296.46000000002,2.0,0.0,0.0,18.66,Low
CUST-01465,Customer_1465,47,F,East,Employed,122728.45,739,0.048,2099.31,19,110.49,5,251920.61000000002,1.0,0.0,0.0,9.89,Low
CUST-01466,Customer_1466,36,F,Central,Retired,43237.7,799,0.34,1061.73,21,50.558571428571426,2,0.0,0.0,0.0,0.0,14.86,Low
CUST-01467,Customer_1467,44,M,West,Unemployed,74134.3,592,0.057,2104.61,26,80.94653846153847,4,0.0,0.0,0.0,0.0,23.64,Low
CUST-01468,Customer_1468,53,M,Central,Employed,69993.04,684,0.418,5617.48,43,130.63906976744184,5,0.0,0.0,0.0,0.0,20.23,Low
CUST-01469,Customer_1469,32,M,West,Employed,103317.23,515,0.109,1502.4,22,68.2909090909091,3,28086.87,0.0,0.0,0.0,22.9,Low
CUST-01470,Customer_1470,32,M,South,Employed,66979.91,735,0.201,3175.2200000000003,35,90.72057142857143,3,0.0,0.0,0.0,0.0,13.0,Low
CUST-01471,Customer_1471,24,M,West,Employed,61217.09,524,0.289,1278.97,30,42.632333333333335,0,136557.96,0.0,1.0,0.0,37.95,Medium
CUST-01472,Customer_1472,55,M,North,Employed,31928.13,649,0.108,1019.58,30,33.986000000000004,0,17662.24,0.0,0.0,0.0,16.29,Low
CUST-01473,Customer_1473,41,F,East,Employed,28962.08,719,0.343,1558.76,49,31.81142857142857,0,146733.29,3.0,0.0,0.0,17.29,Low
CUST-01474,Customer_1474,47,F,Central,Self-Employed,30464.89,674,0.369,382.5,15,25.5,0,32064.510000000002,1.0,1.0,0.0,33.7,Medium
CUST-01475,Customer_1475,25,F,Central,Employed,75663.24,601,0.266,648.61,18,36.03388888888889,0,27412.94,0.0,0.0,0.0,21.04,Low
CUST-01476,Customer_1476,37,M,East,Self-Employed,73170.27,735,0.229,3981.1,54,73.72407407407407,4,353631.68000000005,1.0,1.0,0.0,26.9,Medium
CUST-01477,Customer_1477,28,M,South,Unemployed,83027.38,635,0.209,5081.53,39,130.29564102564103,6,0.0,0.0,0.0,0.0,24.2,Low
CUST-01478,Customer_1478,56,M,West,Employed,27105.51,696,0.281,963.89,47,20.508297872340425,0,127137.92000000001,1.0,0.0,0.0,17.38,Low
CUST-01479,Customer_1479,54,F,East,Self-Employed,24251.64,567,0.416,504.77,21,24.036666666666665,0,650929.74,1.0,0.0,0.0,28.75,Medium
CUST-01480,Customer_1480,44,M,South,Employed,162521.83,658,0.379,2685.86,15,179.05733333333333,7,58258.26,1.0,0.0,0.0,21.62,Low
CUST-01481,Customer_1481,38,F,North,Employed,143353.71,720,0.328,1614.49,21,76.88047619047619,3,271134.32,4.0,0.0,0.0,15.74,Low
CUST-01482,Customer_1482,43,F,Central,Unemployed,32520.87,714,0.104,767.7,33,23.263636363636365,0,56333.04,2.0,0.0,0.0,18.14,Low
CUST-01483,Customer_1483,23,F,South,Employed,43023.94,759,0.241,1699.46,47,36.15872340425532,1,19272.98,1.0,0.0,0.0,12.7,Low
CUST-01484,Customer_1484,46,F,West,Employed,58201.71,718,0.44,1066.57,26,41.02192307692307,0,23788.4,1.0,0.0,0.0,18.45,Low
CUST-01485,Customer_1485,69,M,South,Retired,34249.6,759,0.092,762.36,24,31.765,0,0.0,0.0,0.0,0.0,11.88,Low
CUST-01486,Customer_1486,29,M,North,Employed,44610.82,744,0.255,1108.79,30,36.959666666666664,0,42799.18,1.0,0.0,0.0,13.65,Low
CUST-01487,Customer_1487,44,F,North,Employed,59989.67,665,0.467,1003.13,17,59.00764705882353,0,214948.06999999998,0.0,1.0,0.0,33.85,Medium
CUST-01488,Customer_1488,35,F,East,Retired,98778.81,647,0.437,1011.6899999999999,18,56.205,1,80630.23,0.0,0.0,1.0,29.91,Medium
CUST-01489,Customer_1489,34,M,West,Retired,40248.32,773,0.268,2100.72,53,39.636226415094335,1,19511.019999999997,1.0,0.0,0.0,14.54,Low
CUST-01490,Customer_1490,60,F,Central,Self-Employed,93077.36,579,0.602,4167.9400000000005,37,112.64702702702704,8,264000.86,1.0,1.0,1.0,49.29,Medium
CUST-01491,Customer_1491,58,M,West,Self-Employed,27491.64,614,0.218,484.3,23,21.056521739130435,0,29976.86,0.0,0.0,0.0,22.08,Low
CUST-01492,Customer_1492,36,M,North,Unemployed,29162.07,738,0.506,601.16,25,24.0464,0,0.0,0.0,0.0,0.0,25.0,Medium
CUST-01493,Customer_1493,37,F,West,Unemployed,140907.29,707,0.33,7133.5599999999995,32,222.92374999999998,11,281536.89,0.0,0.0,1.0,29.02,Medium
CUST-01494,Customer_1494,27,F,Central,Employed,136571.3,648,0.43,7441.36,53,140.40301886792452,17,176019.65,0.0,0.0,0.0,22.66,Low
CUST-01495,Customer_1495,27,M,North,Self-Employed,31262.88,460,0.288,3115.4900000000002,55,56.64527272727273,3,129947.31,1.0,1.0,0.0,44.0,Medium
CUST-01496,Customer_1496,47,F,Central,Employed,103431.03,664,0.454,1657.7,21,78.93809523809524,2,54881.56,0.0,1.0,0.0,33.47,Medium
CUST-01497,Customer_1497,47,M,Central,Employed,46617.79,699,0.233,2843.62,52,54.684999999999995,4,0.0,0.0,0.0,0.0,16.0,Low
CUST-01498,Customer_1498,30,M,West,Self-Employed,96333.38,741,0.348,2151.39,15,143.426,4,184414.16,3.0,0.0,0.0,17.59,Low
CUST-01499,Customer_1499,38,F,West,Self-Employed,109477.22,809,0.217,3454.69,36,95.9636111111111,4,61358.93,2.0,0.0,0.0,10.33,Low
CUST-01500,Customer_1500,55,F,Central,Self-Employed,142760.95,850,0.343,6837.99,29,235.79275862068965,9,197631.65000000002,1.0,0.0,0.0,11.29,Low
