customer_id,customer_name,age,gender,region,employment_status,annual_income,credit_score,debt_to_income_ratio,account_open_date
CUST-00001,Customer_1,47,M,North,Self-Employed,55489.81,743,0.499,2021-07-19
CUST-00002,Customer_2,54,M,South,Self-Employed,46248.72,733,0.294,2019-02-16
CUST-00003,Customer_3,21,M,Central,Employed,43947.1,593,0.446,2022-10-02
CUST-00004,Customer_4,18,M,South,Employed,62139.71,556,0.229,2019-07-19
CUST-00005,Customer_5,34,M,Central,Employed,50999.36,630,0.632,2019-04-12
CUST-00006,Customer_6,41,F,South,Employed,94126.95,575,0.611,2021-05-12
CUST-00007,Customer_7,50,M,South,Self-Employed,65791.94,674,0.211,2021-01-05
CUST-00008,Customer_8,35,F,South,Employed,72329.7,526,0.408,2018-08-22
CUST-00009,Customer_9,33,F,North,Employed,83819.58,777,0.476,2022-05-18
CUST-00010,Customer_10,34,F,East,Self-Employed,71839.87,772,0.264,2018-05-25
CUST-00011,Customer_11,51,M,West,Employed,126238.97,678,0.361,2017-10-01
CUST-00012,Customer_12,51,F,North,Self-Employed,58705.91,825,0.021,2018-04-09
CUST-00013,Customer_13,43,F,Central,Employed,50794.63,693,0.409,2022-07-13
CUST-00014,Customer_14,39,M,South,Unemployed,47345.27,730,0.547,2022-06-22
CUST-00015,Customer_15,48,M,North,Employed,127328.31,700,0.217,2020-05-18
CUST-00016,Customer_16,57,F,South,Employed,50992.1,446,0.407,2021-09-29
CUST-00017,Customer_17,32,F,North,Self-Employed,67387.6,502,0.111,2021-12-17
CUST-00018,Customer_18,41,M,South,Employed,23850.79,588,0.174,2021-05-29
CUST-00019,Customer_19,71,M,East,Unemployed,77867.56,661,0.272,2018-07-27
CUST-00020,Customer_20,51,M,South,Unemployed,31812.48,615,0.295,2018-05-29
CUST-00021,Customer_21,25,F,West,Employed,36888.22,691,0.179,2021-09-26
CUST-00022,Customer_22,62,F,South,Self-Employed,96806.96,685,0.38,2020-09-13
CUST-00023,Customer_23,47,F,South,Employed,84229.59,670,0.354,2021-07-15
CUST-00024,Customer_24,37,F,Central,Employed,81297.21,778,0.605,2019-08-25
CUST-00025,Customer_25,44,F,East,Employed,27118.66,792,0.608,2022-02-22
CUST-00026,Customer_26,49,F,North,Unemployed,116936.8,705,0.408,2018-02-03
CUST-00027,Customer_27,33,M,South,Self-Employed,65917.43,575,0.335,2018-06-24
CUST-00028,Customer_28,32,F,Central,Employed,32153.11,754,0.409,2020-10-12
CUST-00029,Customer_29,64,F,Central,Employed,28185.72,615,0.473,2019-10-26
CUST-00030,Customer_30,74,M,North,Self-Employed,63042.92,558,0.438,2019-11-29
CUST-00031,Customer_31,47,F,East,Employed,55922.79,751,0.193,2020-06-25
CUST-00032,Customer_32,30,M,West,Employed,45155.58,748,0.434,2018-11-15
CUST-00033,Customer_33,43,F,Central,Unemployed,107106.93,689,0.336,2020-01-28
CUST-00034,Customer_34,52,M,East,Unemployed,42952.61,712,0.304,2020-01-28
CUST-00035,Customer_35,85,M,South,Employed,124490.51,773,0.333,2022-01-06
CUST-00036,Customer_36,43,M,Central,Employed,37393.01,681,0.189,2022-10-24
CUST-00037,Customer_37,22,M,East,Retired,36635.9,654,0.52,2018-04-04
CUST-00038,Customer_38,70,F,South,Employed,165029.18,807,0.705,2017-12-30
CUST-00039,Customer_39,44,M,North,Self-Employed,46888.4,534,0.116,2018-05-06
CUST-00040,Customer_40,45,M,Central,Unemployed,24668.32,770,0.297,2022-03-15
CUST-00041,Customer_41,54,F,Central,Employed,40058.34,569,0.155,2019-12-18
CUST-00042,Customer_42,26,F,South,Retired,56510.67,505,0.168,2018-09-08
CUST-00043,Customer_43,43,M,East,Employed,61832.22,850,0.289,2019-02-26
CUST-00044,Customer_44,39,F,West,Retired,61913.48,743,0.208,2020-05-22
CUST-00045,Customer_45,27,M,South,Employed,87357.72,691,0.394,2021-01-09
CUST-00046,Customer_46,36,M,Central,Self-Employed,67116.09,764,0.307,2019-08-15
CUST-00047,Customer_47,52,M,North,Employed,101073.79,815,0.312,2019-05-20
CUST-00048,Customer_48,48,M,South,Employed,40515.08,524,0.121,2022-09-29
CUST-00049,Customer_49,39,F,North,Employed,140656.06,645,0.236,2021-05-11
CUST-00050,Customer_50,35,F,South,Employed,100914.47,663,0.405,2018-11-12
CUST-00051,Customer_51,40,F,South,Unemployed,171403.33,780,0.108,2018-05-24
CUST-00052,Customer_52,51,F,South,Employed,86411.92,622,0.233,2019-03-24
CUST-00053,Customer_53,40,F,East,Employed,83919.45,807,0.237,2020-04-20
CUST-00054,Customer_54,55,M,North,Employed,46048.02,625,0.474,2018-11-02
CUST-00055,Customer_55,59,F,North,Employed,50702.05,684,0.223,2021-11-08
CUST-00056,Customer_56,57,F,South,Employed,91489.06,729,0.267,2021-05-11
CUST-00057,Customer_57,37,F,South,Retired,62212.36,773,0.381,2022-07-01
CUST-00058,Customer_58,36,F,Central,Employed,166538.51,793,0.353,2019-04-07
CUST-00059,Customer_59,32,M,North,Retired,54899.08,563,0.713,2018-02-28
CUST-00060,Customer_60,46,M,South,Employed,36529.37,729,0.07,2020-03-22
CUST-00061,Customer_61,56,M,West,Retired,46256.32,530,0.478,2021-12-30
CUST-00062,Customer_62,45,F,North,Retired,24911.0,631,0.313,2021-06-07
CUST-00063,Customer_63,36,F,East,Employed,84336.28,588,0.462,2017-07-21
CUST-00064,Customer_64,48,F,South,Employed,25751.22,799,0.455,2021-09-13
CUST-00065,Customer_65,56,M,Central,Self-Employed,62139.38,850,0.679,2022-07-31
CUST-00066,Customer_66,38,F,North,Employed,85387.65,808,0.141,2020-03-31
CUST-00067,Customer_67,54,M,North,Retired,22758.48,578,0.643,2022-06-21
CUST-00068,Customer_68,53,M,North,Self-Employed,71817.63,683,0.391,2019-02-19
CUST-00069,Customer_69,41,M,West,Employed,111020.79,555,0.306,2017-12-05
CUST-00070,Customer_70,28,M,Central,Self-Employed,78293.53,752,0.383,2019-06-13
CUST-00071,Customer_71,48,M,West,Self-Employed,38233.81,634,0.135,2019-10-02
CUST-00072,Customer_72,40,F,East,Employed,61277.85,731,0.502,2018-11-27
CUST-00073,Customer_73,39,F,South,Employed,39933.6,737,0.37,2022-03-09
CUST-00074,Customer_74,34,F,West,Employed,20000.0,761,0.063,2018-09-15
CUST-00075,Customer_75,55,M,North,Employed,138424.88,463,0.284,2019-10-06
CUST-00076,Customer_76,29,M,North,Employed,41776.73,615,0.153,2020-01-31
CUST-00077,Customer_77,52,F,South,Retired,37023.73,684,0.522,2017-12-24
CUST-00078,Customer_78,37,M,South,Employed,41455.63,810,0.251,2022-01-13
CUST-00079,Customer_79,48,F,Central,Self-Employed,46538.7,628,0.301,2019-06-29
CUST-00080,Customer_80,18,M,Central,Employed,87251.78,720,0.367,2019-03-15
CUST-00081,Customer_81,51,M,South,Employed,80063.4,703,0.427,2017-12-06
CUST-00082,Customer_82,35,M,Central,Employed,34505.51,710,0.022,2021-05-04
CUST-00083,Customer_83,31,M,East,Employed,31999.39,709,0.826,2019-05-14
CUST-00084,Customer_84,34,F,Central,Employed,90956.63,784,0.761,2017-11-04
CUST-00085,Customer_85,32,M,North,Self-Employed,65732.65,693,0.248,2018-04-09
CUST-00086,Customer_86,34,F,North,Employed,82750.12,656,0.245,2018-08-06
CUST-00087,Customer_87,66,M,East,Employed,51605.74,770,0.184,2020-06-11
CUST-00088,Customer_88,54,F,Central,Employed,37648.57,542,0.246,2022-07-01
CUST-00089,Customer_89,18,M,Central,Employed,36803.61,710,0.287,2020-11-06
CUST-00090,Customer_90,48,M,West,Employed,118899.02,771,0.38,2021-03-11
CUST-00091,Customer_91,31,F,North,Retired,137361.89,721,0.202,2021-09-28
CUST-00092,Customer_92,57,M,North,Employed,46884.83,646,0.176,2019-10-13
CUST-00093,Customer_93,58,F,Central,Self-Employed,24398.58,710,0.207,2017-09-24
CUST-00094,Customer_94,31,M,South,Retired,20000.0,701,0.643,2018-05-17
CUST-00095,Customer_95,50,M,West,Employed,67458.88,724,0.495,2018-10-16
CUST-00096,Customer_96,44,F,West,Unemployed,63262.78,676,0.424,2018-01-28
CUST-00097,Customer_97,55,M,East,Employed,43327.91,672,0.542,2018-12-27
CUST-00098,Customer_98,52,M,West,Retired,20000.0,664,0.448,2018-02-08
CUST-00099,Customer_99,62,F,South,Employed,32241.82,671,0.478,2017-10-09
CUST-00100,Customer_100,54,F,East,Employed,21705.09,593,0.424,2018-06-18
CUST-00101,Customer_101,28,M,South,Employed,59897.17,699,0.208,2021-11-02
CUST-00102,Customer_102,40,F,East,Employed,65203.61,850,0.181,2022-07-13
CUST-00103,Customer_103,60,F,East,Self-Employed,20000.0,573,0.143,2020-09-05
CUST-00104,Customer_104,40,F,North,Employed,80039.11,759,0.096,2021-06-16
CUST-00105,Customer_105,57,M,Central,Retired,40641.36,619,0.345,2021-06-07
CUST-00106,Customer_106,37,M,North,Self-Employed,52782.3,758,0.212,2020-12-25
CUST-00107,Customer_107,55,F,West,Self-Employed,41711.06,600,0.051,2020-01-20
CUST-00108,Customer_108,27,M,West,Retired,38216.86,803,0.165,2021-11-08
CUST-00109,Customer_109,63,F,North,Self-Employed,22824.55,635,0.461,2022-11-29
CUST-00110,Customer_110,67,M,East,Employed,86659.46,628,0.255,2017-08-07
CUST-00111,Customer_111,46,F,Central,Employed,24433.83,734,0.51,2018-03-02
CUST-00112,Customer_112,61,M,East,Employed,142026.94,594,0.637,2019-03-08
CUST-00113,Customer_113,26,F,East,Employed,49443.84,702,0.099,2021-04-06
CUST-00114,Customer_114,58,M,South,Employed,36824.63,736,0.075,2017-08-25
CUST-00115,Customer_115,44,F,South,Self-Employed,83630.35,548,0.39,2021-03-26
CUST-00116,Customer_116,37,F,Central,Unemployed,68417.66,701,0.332,2021-03-20
CUST-00117,Customer_117,63,F,South,Employed,78814.77,732,0.117,2019-09-02
CUST-00118,Customer_118,26,F,West,Employed,52868.61,780,0.282,2019-02-18
CUST-00119,Customer_119,54,M,Central,Employed,46650.58,741,0.238,2017-11-13
CUST-00120,Customer_120,43,M,North,Employed,33038.17,779,0.251,2019-03-14
CUST-00121,Customer_121,53,F,North,Unemployed,45079.16,693,0.361,2018-09-16
CUST-00122,Customer_122,57,M,East,Employed,54025.99,645,0.498,2021-10-21
CUST-00123,Customer_123,45,M,North,Employed,97664.84,692,0.346,2020-04-03
CUST-00124,Customer_124,33,M,West,Employed,212011.11,652,0.155,2019-05-23
CUST-00125,Customer_125,36,M,West,Employed,51278.07,563,0.4,2021-07-21
CUST-00126,Customer_126,27,M,North,Retired,102886.05,665,0.25,2018-02-04
CUST-00127,Customer_127,43,M,West,Employed,78499.55,711,0.692,2018-05-31
CUST-00128,Customer_128,34,F,North,Self-Employed,42168.85,792,0.586,2017-10-11
CUST-00129,Customer_129,35,M,West,Employed,84805.23,703,0.166,2020-04-25
CUST-00130,Customer_130,43,F,West,Self-Employed,42743.24,650,0.325,2018-11-20
CUST-00131,Customer_131,39,F,Central,Employed,38597.26,560,0.29,2022-01-11
CUST-00132,Customer_132,41,F,West,Employed,45040.34,705,0.217,2021-07-14
CUST-00133,Customer_133,36,F,Central,Employed,106328.48,746,0.543,2021-07-31
CUST-00134,Customer_134,45,F,West,Employed,94020.23,730,0.351,2021-04-26
CUST-00135,Customer_135,39,M,East,Employed,64905.82,793,0.172,2017-11-30
CUST-00136,Customer_136,46,M,South,Employed,66509.79,689,0.1,2020-10-09
CUST-00137,Customer_137,38,M,South,Employed,67543.88,707,0.41,2020-08-20
CUST-00138,Customer_138,24,F,Central,Employed,46838.53,702,0.599,2022-07-28
CUST-00139,Customer_139,56,M,West,Employed,25906.45,634,0.387,2018-08-09
CUST-00140,Customer_140,18,M,Central,Employed,44118.76,850,0.328,2022-11-20
CUST-00141,Customer_141,29,F,East,Unemployed,88397.24,706,0.255,2018-02-19
CUST-00142,Customer_142,28,F,Central,Self-Employed,165322.0,588,0.238,2019-11-10
CUST-00143,Customer_143,46,M,West,Employed,62368.36,664,0.495,2020-06-23
CUST-00144,Customer_144,45,F,North,Employed,52757.91,748,0.355,2019-03-04
CUST-00145,Customer_145,57,F,South,Unemployed,119021.68,729,0.176,2017-10-06
CUST-00146,Customer_146,25,M,Central,Employed,50319.41,618,0.242,2017-11-01
CUST-00147,Customer_147,34,F,Central,Self-Employed,51416.05,682,0.366,2022-10-08
CUST-00148,Customer_148,54,M,West,Employed,32810.51,718,0.507,2020-05-01
CUST-00149,Customer_149,41,M,North,Employed,224384.07,682,0.239,2021-01-31
CUST-00150,Customer_150,31,M,West,Employed,61127.26,660,0.42,2018-08-27
CUST-00151,Customer_151,38,F,East,Unemployed,103144.43,741,0.287,2018-04-04
CUST-00152,Customer_152,63,F,East,Unemployed,72901.11,720,0.313,2020-04-13
CUST-00153,Customer_153,35,M,Central,Employed,63767.14,770,0.188,2017-08-01
CUST-00154,Customer_154,37,F,South,Self-Employed,67003.64,592,0.243,2018-07-17
CUST-00155,Customer_155,67,M,North,Retired,35836.87,752,0.13,2021-10-20
CUST-00156,Customer_156,55,M,Central,Employed,56336.43,768,0.599,2022-03-19
CUST-00157,Customer_157,24,F,North,Self-Employed,25361.97,850,0.172,2021-09-12
CUST-00158,Customer_158,22,F,East,Unemployed,43694.49,757,0.22,2021-12-24
CUST-00159,Customer_159,58,M,South,Retired,74674.51,623,0.397,2022-04-25
CUST-00160,Customer_160,40,M,East,Self-Employed,107400.58,483,0.392,2017-10-30
CUST-00161,Customer_161,28,F,West,Retired,93340.67,572,0.563,2021-10-22
CUST-00162,Customer_162,23,M,Central,Self-Employed,51543.54,496,0.556,2019-05-28
CUST-00163,Customer_163,36,M,North,Self-Employed,37755.52,731,0.319,2021-03-25
CUST-00164,Customer_164,46,M,Central,Unemployed,122309.03,657,0.381,2020-12-21
CUST-00165,Customer_165,41,F,East,Employed,55714.53,591,0.25,2019-04-16
CUST-00166,Customer_166,43,F,North,Unemployed,76794.95,672,0.28,2018-04-23
CUST-00167,Customer_167,40,F,North,Employed,35733.46,742,0.434,2020-11-21
CUST-00168,Customer_168,48,F,South,Employed,36154.7,682,0.565,2018-10-22
CUST-00169,Customer_169,54,F,Central,Unemployed,66746.78,725,0.13,2019-11-26
CUST-00170,Customer_170,32,F,West,Employed,70484.32,775,0.166,2018-10-27
CUST-00171,Customer_171,47,F,East,Unemployed,23703.26,600,0.406,2018-04-06
CUST-00172,Customer_172,57,M,East,Retired,51856.21,695,0.268,2021-07-21
CUST-00173,Customer_173,24,F,Central,Self-Employed,36796.58,824,0.128,2020-10-17
CUST-00174,Customer_174,44,F,North,Employed,40738.8,783,0.427,2021-02-05
CUST-00175,Customer_175,38,M,West,Employed,46637.75,683,0.295,2018-06-13
CUST-00176,Customer_176,69,F,East,Employed,89217.57,746,0.325,2019-07-31
CUST-00177,Customer_177,45,F,Central,Employed,53965.86,734,0.422,2017-08-09
CUST-00178,Customer_178,53,M,North,Employed,42633.87,512,0.497,2020-08-22
CUST-00179,Customer_179,53,F,Central,Unemployed,55611.9,670,0.147,2019-01-18
CUST-00180,Customer_180,43,F,West,Employed,35757.83,810,0.294,2022-10-28
CUST-00181,Customer_181,36,M,East,Employed,116236.75,719,0.241,2019-01-16
CUST-00182,Customer_182,55,M,East,Self-Employed,50741.67,660,0.514,2020-11-07
CUST-00183,Customer_183,52,F,Central,Employed,162879.38,610,0.444,2020-07-14
CUST-00184,Customer_184,48,F,East,Self-Employed,39966.6,653,0.379,2021-05-27
CUST-00185,Customer_185,40,F,East,Employed,25711.11,709,0.476,2018-11-16
CUST-00186,Customer_186,32,M,East,Employed,150653.15,635,0.254,2019-12-01
CUST-00187,Customer_187,35,M,South,Employed,34265.14,626,0.203,2020-03-16
CUST-00188,Customer_188,42,F,Central,Retired,68089.77,544,0.286,2019-12-24
CUST-00189,Customer_189,56,F,North,Unemployed,30782.37,835,0.368,2021-04-05
CUST-00190,Customer_190,33,M,East,Employed,80524.42,602,0.521,2022-11-04
CUST-00191,Customer_191,33,M,East,Employed,118166.66,783,0.47,2022-08-13
CUST-00192,Customer_192,25,F,South,Self-Employed,116681.55,697,0.58,2018-09-13
CUST-00193,Customer_193,43,F,North,Retired,55057.95,748,0.59,2019-09-14
CUST-00194,Customer_194,31,F,West,Employed,21809.2,730,0.397,2021-01-04
CUST-00195,Customer_195,41,M,North,Employed,94956.1,692,0.252,2018-02-02
CUST-00196,Customer_196,49,F,North,Unemployed,54381.11,616,0.506,2020-09-03
CUST-00197,Customer_197,55,F,North,Self-Employed,77736.8,682,0.515,2019-01-27
CUST-00198,Customer_198,48,M,South,Employed,33329.14,657,0.245,2019-10-07
CUST-00199,Customer_199,42,F,North,Retired,80124.02,678,0.789,2022-04-04
CUST-00200,Customer_200,45,F,Central,Self-Employed,30781.46,738,0.403,2019-06-15
CUST-00201,Customer_201,39,M,Central,Employed,135930.55,698,0.325,2017-10-29
CUST-00202,Customer_202,37,F,East,Unemployed,42728.8,657,0.246,2020-07-07
CUST-00203,Customer_203,47,F,Central,Self-Employed,115249.6,770,0.187,2019-07-03
CUST-00204,Customer_204,39,M,South,Self-Employed,28232.15,664,0.329,2021-06-09
CUST-00205,Customer_205,35,M,South,Employed,20000.0,635,0.497,2019-10-29
CUST-00206,Customer_206,41,M,South,Employed,115625.79,670,0.421,2020-05-24
CUST-00207,Customer_207,39,F,East,Employed,153497.52,561,0.094,2021-04-21
CUST-00208,Customer_208,44,F,West,Employed,41440.34,778,0.124,2021-08-11
CUST-00209,Customer_209,67,F,Central,Self-Employed,42909.85,751,0.436,2017-09-07
CUST-00210,Customer_210,44,M,West,Employed,77109.72,624,0.574,2021-08-29
CUST-00211,Customer_211,37,M,East,Unemployed,66275.41,563,0.14,2022-07-09
CUST-00212,Customer_212,55,M,South,Unemployed,114936.75,749,0.554,2019-08-02
CUST-00213,Customer_213,38,F,West,Employed,52158.47,804,0.468,2019-01-22
CUST-00214,Customer_214,42,F,West,Retired,42026.89,768,0.299,2020-02-12
CUST-00215,Customer_215,48,F,West,Employed,107999.19,652,0.248,2022-09-12
CUST-00216,Customer_216,26,F,East,Self-Employed,185519.25,585,0.312,2022-10-11
CUST-00217,Customer_217,52,M,South,Retired,43447.45,669,0.25,2018-03-26
CUST-00218,Customer_218,40,M,East,Self-Employed,86213.73,790,0.506,2018-08-23
CUST-00219,Customer_219,46,M,West,Employed,41846.09,637,0.351,2020-06-10
CUST-00220,Customer_220,50,F,South,Retired,68351.19,850,0.633,2020-06-23
CUST-00221,Customer_221,57,F,North,Employed,86703.52,672,0.109,2020-08-18
CUST-00222,Customer_222,30,F,East,Self-Employed,53371.77,608,0.19,2018-02-10
CUST-00223,Customer_223,27,M,East,Employed,76460.65,792,0.389,2020-02-22
CUST-00224,Customer_224,28,F,West,Unemployed,89081.75,651,0.602,2019-11-02
CUST-00225,Customer_225,24,M,West,Employed,22732.6,547,0.476,2021-07-04
CUST-00226,Customer_226,31,F,North,Retired,43899.75,701,0.337,2020-08-27
CUST-00227,Customer_227,54,M,Central,Employed,82941.42,755,0.162,2022-08-13
CUST-00228,Customer_228,34,M,Central,Employed,62857.39,817,0.172,2018-09-05
CUST-00229,Customer_229,41,F,West,Unemployed,55996.19,821,0.389,2021-10-12
CUST-00230,Customer_230,48,F,Central,Employed,117191.96,737,0.391,2021-04-22
CUST-00231,Customer_231,64,F,West,Employed,139914.1,641,0.199,2019-05-22
CUST-00232,Customer_232,51,M,South,Employed,71520.7,671,0.437,2022-11-04
CUST-00233,Customer_233,48,F,North,Employed,44668.08,579,0.018,2018-03-15
CUST-00234,Customer_234,37,M,West,Retired,149296.95,643,0.195,2019-04-16
CUST-00235,Customer_235,51,M,West,Retired,117572.83,675,0.256,2021-04-14
CUST-00236,Customer_236,39,F,West,Unemployed,98960.05,612,0.558,2020-04-09
CUST-00237,Customer_237,18,M,West,Self-Employed,97365.28,751,0.254,2020-10-08
CUST-00238,Customer_238,43,M,Central,Employed,25351.67,637,0.592,2017-12-28
CUST-00239,Customer_239,47,M,North,Employed,58711.87,539,0.535,2018-06-29
CUST-00240,Customer_240,35,F,East,Retired,66857.12,788,0.171,2020-01-28
CUST-00241,Customer_241,44,F,North,Employed,48929.45,610,0.486,2021-03-31
CUST-00242,Customer_242,41,F,South,Employed,76123.16,766,0.072,2020-03-16
CUST-00243,Customer_243,42,F,East,Self-Employed,40118.72,668,0.587,2019-11-16
CUST-00244,Customer_244,49,F,West,Retired,45912.43,599,0.205,2018-01-17
CUST-00245,Customer_245,38,M,South,Self-Employed,25342.68,764,0.418,2021-08-11
CUST-00246,Customer_246,41,F,North,Employed,47358.58,788,0.515,2020-04-08
CUST-00247,Customer_247,64,F,West,Retired,108448.04,644,0.651,2018-06-24
CUST-00248,Customer_248,43,M,West,Retired,42026.16,777,0.308,2022-03-19
CUST-00249,Customer_249,30,F,North,Retired,75582.46,850,0.156,2020-06-14
CUST-00250,Customer_250,44,M,Central,Retired,57308.1,725,0.144,2022-11-01
CUST-00251,Customer_251,56,M,West,Retired,248764.02,737,0.461,2022-01-20
CUST-00252,Customer_252,49,M,West,Unemployed,65686.82,803,0.116,2021-06-08
CUST-00253,Customer_253,18,F,Central,Self-Employed,42860.16,801,0.264,2019-04-12
CUST-00254,Customer_254,31,M,East,Unemployed,52500.99,651,0.358,2018-02-07
CUST-00255,Customer_255,56,F,East,Self-Employed,138236.85,774,0.251,2017-12-11
CUST-00256,Customer_256,43,F,Central,Employed,31304.84,791,0.233,2022-07-15
CUST-00257,Customer_257,49,M,East,Retired,46110.82,763,0.311,2018-09-25
CUST-00258,Customer_258,43,M,West,Retired,79431.42,701,0.319,2018-08-28
CUST-00259,Customer_259,46,M,West,Employed,52433.88,745,0.772,2021-03-29
CUST-00260,Customer_260,18,M,North,Employed,20000.0,761,0.247,2022-08-10
CUST-00261,Customer_261,50,F,East,Employed,47121.4,731,0.208,2022-02-07
CUST-00262,Customer_262,35,M,Central,Employed,73277.44,850,0.319,2019-02-05
CUST-00263,Customer_263,51,M,South,Employed,24612.98,590,0.143,2019-07-03
CUST-00264,Customer_264,52,F,Central,Self-Employed,56531.48,669,0.229,2020-02-17
CUST-00265,Customer_265,30,M,South,Employed,68261.62,772,0.325,2021-06-30
CUST-00266,Customer_266,74,F,East,Self-Employed,41783.57,520,0.266,2017-11-18
CUST-00267,Customer_267,61,F,East,Self-Employed,123402.04,832,0.546,2022-01-13
CUST-00268,Customer_268,42,M,West,Retired,197603.64,669,0.283,2019-08-17
CUST-00269,Customer_269,34,F,West,Self-Employed,66638.26,618,0.151,2020-05-11
CUST-00270,Customer_270,18,F,South,Retired,26170.91,753,0.513,2018-02-19
CUST-00271,Customer_271,38,F,North,Employed,39589.29,713,0.465,2019-09-18
CUST-00272,Customer_272,39,F,Central,Employed,67323.06,617,0.355,2018-12-31
CUST-00273,Customer_273,64,F,North,Retired,57909.49,621,0.084,2019-03-25
CUST-00274,Customer_274,39,F,East,Employed,25093.02,765,0.235,2018-01-26
CUST-00275,Customer_275,61,M,Central,Self-Employed,98052.82,660,0.269,2018-04-02
CUST-00276,Customer_276,38,F,South,Self-Employed,55704.08,691,0.353,2020-12-11
CUST-00277,Customer_277,28,M,South,Self-Employed,130094.03,676,0.3,2019-02-13
CUST-00278,Customer_278,51,M,North,Retired,42751.49,717,0.152,2019-04-19
CUST-00279,Customer_279,40,M,East,Unemployed,21268.51,635,0.593,2022-09-25
CUST-00280,Customer_280,50,F,South,Employed,102048.29,723,0.123,2021-04-07
CUST-00281,Customer_281,54,F,West,Employed,41405.08,810,0.512,2022-03-07
CUST-00282,Customer_282,33,F,Central,Employed,122686.44,535,0.35,2021-05-23
CUST-00283,Customer_283,28,M,East,Retired,53198.92,657,0.425,2017-08-17
CUST-00284,Customer_284,40,F,East,Self-Employed,43949.99,666,0.141,2021-01-08
CUST-00285,Customer_285,27,M,West,Retired,43223.72,682,0.363,2022-02-17
CUST-00286,Customer_286,28,M,West,Retired,80858.53,685,0.263,2018-05-30
CUST-00287,Customer_287,38,F,North,Unemployed,144243.19,735,0.283,2022-11-04
CUST-00288,Customer_288,44,F,Central,Employed,114144.28,718,0.261,2020-11-08
CUST-00289,Customer_289,27,F,Central,Employed,64771.35,840,0.637,2019-05-05
CUST-00290,Customer_290,56,F,North,Self-Employed,38821.09,629,0.341,2020-04-11
CUST-00291,Customer_291,18,M,Central,Retired,90341.36,588,0.375,2019-10-10
CUST-00292,Customer_292,70,F,Central,Employed,109702.54,850,0.123,2022-07-26
CUST-00293,Customer_293,73,F,East,Self-Employed,26196.11,707,0.427,2022-04-08
CUST-00294,Customer_294,45,M,North,Retired,84277.02,651,0.376,2021-03-19
CUST-00295,Customer_295,20,F,North,Employed,119857.26,603,0.205,2017-12-11
CUST-00296,Customer_296,18,M,West,Employed,107026.45,705,0.282,2019-02-28
CUST-00297,Customer_297,48,F,Central,Self-Employed,62897.98,667,0.203,2022-01-20
CUST-00298,Customer_298,39,F,North,Unemployed,82988.41,420,0.392,2019-06-21
CUST-00299,Customer_299,55,F,East,Employed,100824.79,615,0.271,2020-11-04
CUST-00300,Customer_300,35,M,West,Employed,101135.73,731,0.368,2021-08-06
CUST-00301,Customer_301,51,F,North,Retired,90658.98,792,0.514,2020-11-10
CUST-00302,Customer_302,44,F,North,Employed,54737.98,617,0.232,2021-11-09
CUST-00303,Customer_303,19,M,West,Employed,67326.66,685,0.215,2021-09-24
CUST-00304,Customer_304,42,M,North,Unemployed,24731.72,616,0.295,2021-07-22
CUST-00305,Customer_305,51,M,Central,Employed,53819.74,661,0.068,2018-04-08
CUST-00306,Customer_306,42,M,Central,Employed,126546.14,567,0.323,2018-01-16
CUST-00307,Customer_307,36,M,East,Unemployed,95211.4,735,0.234,2018-07-01
CUST-00308,Customer_308,33,M,East,Unemployed,97680.18,519,0.37,2022-02-09
CUST-00309,Customer_309,43,M,Central,Employed,42429.34,686,0.584,2021-12-10
CUST-00310,Customer_310,31,M,North,Employed,111198.62,660,0.246,2020-11-29
CUST-00311,Customer_311,52,M,Central,Employed,54842.62,770,0.222,2021-12-11
CUST-00312,Customer_312,41,F,North,Employed,178069.73,826,0.095,2020-07-23
CUST-00313,Customer_313,56,M,North,Employed,33507.92,780,0.378,2018-07-23
CUST-00314,Customer_314,46,F,Central,Self-Employed,55896.85,430,0.38,2020-05-21
CUST-00315,Customer_315,27,M,Central,Employed,118103.54,656,0.22,2018-07-12
CUST-00316,Customer_316,38,F,West,Self-Employed,73190.36,772,0.498,2022-09-30
CUST-00317,Customer_317,31,M,West,Unemployed,108157.82,561,0.625,2020-07-12
CUST-00318,Customer_318,31,M,West,Self-Employed,27532.03,528,0.359,2020-06-07
CUST-00319,Customer_319,30,M,North,Employed,91898.39,468,0.304,2022-02-02
CUST-00320,Customer_320,66,M,South,Employed,67438.7,779,0.182,2019-05-16
CUST-00321,Customer_321,42,F,West,Retired,52536.72,702,0.55,2019-12-12
CUST-00322,Customer_322,53,F,West,Employed,28472.81,745,0.625,2020-07-04
CUST-00323,Customer_323,32,M,North,Unemployed,39786.23,613,0.561,2019-04-09
CUST-00324,Customer_324,48,M,West,Employed,61598.61,666,0.256,2021-08-22
CUST-00325,Customer_325,38,F,East,Unemployed,74332.09,812,0.407,2020-09-07
CUST-00326,Customer_326,27,F,North,Employed,95483.54,742,0.205,2021-03-02
CUST-00327,Customer_327,41,F,East,Retired,32892.7,670,0.269,2019-01-26
CUST-00328,Customer_328,35,F,North,Employed,67747.59,760,0.508,2022-06-11
CUST-00329,Customer_329,60,M,West,Employed,53615.2,574,0.344,2018-10-11
CUST-00330,Customer_330,42,F,South,Self-Employed,71862.81,646,0.098,2019-08-19
CUST-00331,Customer_331,34,F,North,Employed,80966.4,632,0.268,2018-01-08
CUST-00332,Customer_332,40,F,North,Retired,30217.36,598,0.557,2019-07-22
CUST-00333,Customer_333,47,F,East,Employed,59665.34,825,0.431,2020-01-28
CUST-00334,Customer_334,33,M,South,Self-Employed,32981.26,727,0.473,2021-08-30
CUST-00335,Customer_335,41,M,East,Unemployed,38642.43,715,0.346,2020-11-10
CUST-00336,Customer_336,22,M,East,Self-Employed,21448.35,775,0.165,2018-05-24
CUST-00337,Customer_337,27,F,Central,Retired,89493.41,686,0.169,2018-05-01
CUST-00338,Customer_338,39,M,Central,Retired,63464.88,737,0.763,2018-04-09
CUST-00339,Customer_339,31,F,North,Employed,28805.67,667,0.493,2018-12-24
CUST-00340,Customer_340,18,F,East,Employed,30067.0,717,0.496,2021-11-26
CUST-00341,Customer_341,18,M,Central,Self-Employed,66797.54,724,0.279,2022-07-13
CUST-00342,Customer_342,50,M,North,Employed,22511.39,713,0.251,2019-12-12
CUST-00343,Customer_343,33,M,West,Employed,61009.44,587,0.106,2021-01-03
CUST-00344,Customer_344,51,M,East,Employed,23174.46,624,0.609,2021-02-06
CUST-00345,Customer_345,51,M,North,Employed,52138.22,631,0.589,2018-09-09
CUST-00346,Customer_346,44,M,North,Employed,37920.82,732,0.253,2019-03-18
CUST-00347,Customer_347,49,F,West,Self-Employed,26194.53,779,0.175,2020-08-06
CUST-00348,Customer_348,30,F,South,Unemployed,83591.55,668,0.308,2022-04-13
CUST-00349,Customer_349,44,F,West,Employed,78728.36,744,0.442,2019-02-13
CUST-00350,Customer_350,48,F,Central,Self-Employed,76246.41,755,0.239,2022-08-31
CUST-00351,Customer_351,28,M,West,Retired,48392.26,747,0.447,2022-08-12
CUST-00352,Customer_352,47,M,South,Employed,97705.27,736,0.385,2021-09-26
CUST-00353,Customer_353,50,M,East,Employed,75473.37,729,0.344,2022-04-01
CUST-00354,Customer_354,38,M,West,Self-Employed,46011.17,607,0.464,2021-12-08
CUST-00355,Customer_355,50,M,West,Employed,28246.49,794,0.348,2021-08-18
CUST-00356,Customer_356,34,F,North,Employed,33990.82,563,0.075,2018-10-05
CUST-00357,Customer_357,35,M,West,Employed,23410.81,584,0.434,2017-10-03
CUST-00358,Customer_358,40,M,East,Self-Employed,110698.92,815,0.417,2019-09-15
CUST-00359,Customer_359,30,F,West,Employed,35368.15,715,0.472,2020-08-25
CUST-00360,Customer_360,42,M,East,Employed,52747.92,601,0.341,2017-08-10
CUST-00361,Customer_361,24,F,East,Employed,41876.78,677,0.085,2018-03-09
CUST-00362,Customer_362,26,M,South,Employed,40257.21,700,0.262,2020-09-03
CUST-00363,Customer_363,26,M,West,Retired,94499.78,758,0.303,2018-09-27
CUST-00364,Customer_364,53,F,South,Employed,104790.02,709,0.362,2021-12-23
CUST-00365,Customer_365,54,M,Central,Self-Employed,113922.59,664,0.345,2019-12-12
CUST-00366,Customer_366,22,M,East,Employed,111123.15,654,0.527,2017-07-19
CUST-00367,Customer_367,41,M,South,Employed,54399.22,705,0.456,2021-06-26
CUST-00368,Customer_368,36,M,South,Self-Employed,156728.63,809,0.108,2018-08-29
CUST-00369,Customer_369,45,M,South,Retired,52631.8,614,0.122,2019-05-26
CUST-00370,Customer_370,38,F,West,Unemployed,43519.78,706,0.342,2018-08-29
CUST-00371,Customer_371,47,F,Central,Self-Employed,30311.6,763,0.467,2019-06-02
CUST-00372,Customer_372,34,F,East,Employed,108027.16,850,0.346,2022-07-16
CUST-00373,Customer_373,39,F,West,Self-Employed,133158.23,564,0.63,2018-06-16
CUST-00374,Customer_374,18,F,Central,Employed,44255.88,762,0.265,2020-01-28
CUST-00375,Customer_375,41,M,East,Employed,40972.23,640,0.604,2022-09-16
CUST-00376,Customer_376,36,M,East,Unemployed,92476.01,715,0.306,2022-06-28
CUST-00377,Customer_377,28,M,Central,Self-Employed,38025.95,850,0.384,2020-10-06
CUST-00378,Customer_378,36,F,Central,Self-Employed,80974.22,662,0.269,2018-06-25
CUST-00379,Customer_379,39,M,West,Retired,37486.14,700,0.644,2019-09-19
CUST-00380,Customer_380,52,M,East,Self-Employed,75436.91,739,0.722,2020-02-10
CUST-00381,Customer_381,48,M,North,Employed,36124.35,647,0.264,2018-05-17
CUST-00382,Customer_382,62,F,North,Employed,40527.3,571,0.316,2021-12-14
CUST-00383,Customer_383,25,M,South,Self-Employed,43887.04,776,0.458,2020-06-16
CUST-00384,Customer_384,18,M,East,Employed,37139.6,733,0.437,2021-05-02
CUST-00385,Customer_385,43,F,West,Unemployed,49778.97,613,0.478,2019-02-11
CUST-00386,Customer_386,40,M,East,Employed,65987.14,443,0.166,2022-05-23
CUST-00387,Customer_387,28,F,East,Employed,32760.49,760,0.479,2018-02-22
CUST-00388,Customer_388,18,M,East,Employed,54026.06,663,0.615,2019-03-14
CUST-00389,Customer_389,41,M,East,Employed,51449.9,769,0.385,2019-03-30
CUST-00390,Customer_390,39,F,South,Self-Employed,41572.02,658,0.063,2017-08-29
CUST-00391,Customer_391,34,M,East,Self-Employed,54095.76,630,0.033,2019-04-25
CUST-00392,Customer_392,53,F,South,Self-Employed,85676.78,582,0.288,2018-04-10
CUST-00393,Customer_393,33,M,West,Employed,62636.13,726,0.44,2022-10-26
CUST-00394,Customer_394,49,F,East,Employed,75009.46,607,0.439,2021-09-20
CUST-00395,Customer_395,45,F,West,Employed,77246.09,702,0.288,2022-02-24
CUST-00396,Customer_396,45,M,North,Employed,33931.93,720,0.59,2018-07-02
CUST-00397,Customer_397,28,M,Central,Unemployed,38885.66,651,0.231,2018-03-28
CUST-00398,Customer_398,42,M,East,Retired,36342.17,821,0.293,2019-06-16
CUST-00399,Customer_399,28,M,Central,Employed,97697.98,700,0.498,2022-01-04
CUST-00400,Customer_400,34,M,Central,Unemployed,77247.01,561,0.597,2021-12-28
CUST-00401,Customer_401,33,F,North,Employed,82463.79,708,0.282,2019-02-16
CUST-00402,Customer_402,41,M,West,Self-Employed,72570.05,544,0.359,2018-09-14
CUST-00403,Customer_403,38,F,South,Employed,89547.89,715,0.447,2021-03-09
CUST-00404,Customer_404,43,F,South,Employed,90783.59,740,0.192,2017-08-11
CUST-00405,Customer_405,46,F,West,Unemployed,131564.4,782,0.084,2018-07-23
CUST-00406,Customer_406,49,F,Central,Employed,74068.43,783,0.48,2022-01-05
CUST-00407,Customer_407,43,M,Central,Employed,60666.48,653,0.7,2021-07-08
CUST-00408,Customer_408,35,M,West,Retired,73292.03,495,0.32,2019-10-24
CUST-00409,Customer_409,65,M,Central,Unemployed,45335.21,589,0.525,2021-04-28
CUST-00410,Customer_410,26,M,South,Employed,104433.38,805,0.252,2017-11-04
CUST-00411,Customer_411,48,M,West,Employed,36904.99,850,0.2,2017-10-25
CUST-00412,Customer_412,57,M,West,Retired,75220.27,726,0.272,2017-09-14
CUST-00413,Customer_413,44,M,West,Employed,31791.12,719,0.507,2020-02-08
CUST-00414,Customer_414,55,F,South,Employed,57487.85,644,0.434,2022-06-18
CUST-00415,Customer_415,28,F,South,Employed,84329.85,741,0.182,2017-09-13
CUST-00416,Customer_416,42,M,East,Unemployed,45069.62,667,0.367,2022-02-24
CUST-00417,Customer_417,39,M,East,Retired,25546.61,640,0.487,2020-04-09
CUST-00418,Customer_418,36,M,West,Employed,30891.6,591,0.279,2022-11-22
CUST-00419,Customer_419,36,M,North,Employed,66156.91,738,0.174,2018-03-28
CUST-00420,Customer_420,37,M,Central,Retired,58847.73,608,0.638,2019-07-05
CUST-00421,Customer_421,44,F,North,Unemployed,263331.38,716,0.246,2021-08-03
CUST-00422,Customer_422,41,F,North,Employed,99058.38,635,0.369,2020-07-26
CUST-00423,Customer_423,63,F,North,Employed,93693.44,728,0.26,2017-11-05
CUST-00424,Customer_424,43,F,Central,Employed,51359.96,761,0.483,2019-05-18
CUST-00425,Customer_425,56,M,South,Employed,57866.72,770,0.316,2022-11-29
CUST-00426,Customer_426,18,F,South,Self-Employed,52372.6,658,0.41,2021-11-14
CUST-00427,Customer_427,45,M,Central,Retired,25999.86,817,0.265,2022-07-17
CUST-00428,Customer_428,45,M,West,Retired,42858.9,636,0.178,2022-09-04
CUST-00429,Customer_429,28,F,East,Employed,67595.57,794,0.233,2022-10-30
CUST-00430,Customer_430,31,F,North,Employed,44704.62,728,0.127,2018-10-23
CUST-00431,Customer_431,31,M,Central,Self-Employed,36765.88,733,0.509,2021-01-21
CUST-00432,Customer_432,27,M,North,Employed,58860.03,603,0.239,2021-01-08
CUST-00433,Customer_433,18,M,West,Retired,20000.0,630,0.564,2020-03-27
CUST-00434,Customer_434,56,M,South,Employed,48975.0,631,0.122,2018-07-27
CUST-00435,Customer_435,44,F,North,Employed,41858.16,685,0.382,2022-09-04
CUST-00436,Customer_436,23,M,North,Employed,50725.12,707,0.223,2021-03-07
CUST-00437,Customer_437,28,F,Central,Employed,131401.7,629,0.416,2022-09-19
CUST-00438,Customer_438,50,M,East,Employed,63743.86,627,0.283,2018-07-17
CUST-00439,Customer_439,57,M,East,Employed,40680.31,576,0.37,2018-06-09
CUST-00440,Customer_440,27,F,West,Retired,112508.44,714,0.309,2018-10-02
CUST-00441,Customer_441,59,F,West,Employed,32906.46,569,0.39,2021-11-15
CUST-00442,Customer_442,36,F,West,Employed,31726.83,586,0.352,2018-06-14
CUST-00443,Customer_443,18,F,North,Self-Employed,187512.47,651,0.352,2022-06-24
CUST-00444,Customer_444,48,F,Central,Retired,87944.17,742,0.114,2021-11-28
CUST-00445,Customer_445,39,F,East,Employed,51606.97,738,0.116,2021-01-30
CUST-00446,Customer_446,31,F,East,Employed,21234.18,705,0.78,2018-11-24
CUST-00447,Customer_447,41,F,South,Self-Employed,30792.64,663,0.456,2020-12-13
CUST-00448,Customer_448,52,F,North,Self-Employed,119169.37,850,0.651,2017-10-23
CUST-00449,Customer_449,30,F,Central,Retired,77396.27,730,0.452,2021-05-19
CUST-00450,Customer_450,43,M,North,Self-Employed,41204.7,723,0.568,2020-08-23
CUST-00451,Customer_451,27,F,Central,Unemployed,57740.49,725,0.268,2019-02-10
CUST-00452,Customer_452,23,M,North,Employed,52646.06,557,0.306,2019-07-07
CUST-00453,Customer_453,36,F,North,Employed,20000.0,655,0.545,2021-08-06
CUST-00454,Customer_454,41,F,East,Employed,37486.88,796,0.211,2019-09-28
CUST-00455,Customer_455,36,M,Central,Employed,38726.72,483,0.398,2020-05-25
CUST-00456,Customer_456,46,F,East,Employed,175684.67,682,0.207,2022-06-28
CUST-00457,Customer_457,30,M,Central,Employed,154493.29,729,0.374,2021-02-27
CUST-00458,Customer_458,44,F,South,Retired,78282.37,665,0.152,2022-10-10
CUST-00459,Customer_459,37,M,West,Employed,25368.31,809,0.276,2017-10-19
CUST-00460,Customer_460,55,M,East,Unemployed,121495.02,670,0.196,2018-12-22
CUST-00461,Customer_461,38,F,South,Retired,30948.42,658,0.249,2021-04-27
CUST-00462,Customer_462,46,F,South,Employed,52012.44,808,0.495,2018-02-20
CUST-00463,Customer_463,61,M,West,Employed,146460.23,639,0.249,2018-12-03
CUST-00464,Customer_464,39,F,North,Unemployed,113611.3,750,0.291,2018-03-07
CUST-00465,Customer_465,56,F,East,Self-Employed,86692.16,526,0.292,2019-11-02
CUST-00466,Customer_466,60,F,East,Unemployed,40917.63,802,0.163,2018-12-06
CUST-00467,Customer_467,48,M,East,Employed,62341.9,654,0.385,2022-03-29
CUST-00468,Customer_468,47,M,South,Employed,31776.18,620,0.275,2020-02-25
CUST-00469,Customer_469,38,M,East,Self-Employed,136333.07,642,0.215,2020-11-07
CUST-00470,Customer_470,28,F,Central,Employed,72359.04,651,0.256,2017-12-18
CUST-00471,Customer_471,50,M,North,Employed,62687.33,638,0.272,2018-11-25
CUST-00472,Customer_472,33,F,Central,Employed,104039.52,693,0.241,2020-08-16
CUST-00473,Customer_473,47,M,South,Retired,34175.75,769,0.218,2019-04-27
CUST-00474,Customer_474,56,M,West,Employed,51639.43,631,0.425,2020-01-08
CUST-00475,Customer_475,31,F,South,Retired,86902.99,615,0.388,2018-07-19
CUST-00476,Customer_476,50,M,South,Employed,20000.0,707,0.196,2017-10-24
CUST-00477,Customer_477,47,M,North,Employed,38426.42,563,0.654,2021-03-20
CUST-00478,Customer_478,60,M,South,Employed,37319.64,732,0.239,2018-12-11
CUST-00479,Customer_479,32,M,East,Retired,91009.4,581,0.298,2020-01-05
CUST-00480,Customer_480,47,F,North,Employed,40834.24,811,0.114,2019-05-12
CUST-00481,Customer_481,63,F,South,Self-Employed,51320.83,520,0.072,2019-06-23
CUST-00482,Customer_482,55,M,Central,Self-Employed,67194.21,768,0.514,2019-08-08
CUST-00483,Customer_483,33,M,South,Self-Employed,82659.34,649,0.185,2018-11-18
CUST-00484,Customer_484,61,F,Central,Employed,99163.31,530,0.653,2018-01-28
CUST-00485,Customer_485,50,M,North,Employed,84140.77,566,0.156,2019-04-29
CUST-00486,Customer_486,54,F,South,Unemployed,71610.02,659,0.515,2020-08-01
CUST-00487,Customer_487,29,M,West,Retired,171318.64,569,0.323,2019-11-11
CUST-00488,Customer_488,42,F,East,Employed,66276.51,769,0.135,2018-05-29
CUST-00489,Customer_489,21,F,East,Employed,107183.83,669,0.554,2019-01-22
CUST-00490,Customer_490,54,M,South,Employed,83431.91,711,0.307,2020-03-16
CUST-00491,Customer_491,31,F,South,Employed,40468.48,791,0.397,2022-02-11
CUST-00492,Customer_492,27,F,East,Self-Employed,36935.27,650,0.289,2018-02-04
CUST-00493,Customer_493,52,F,West,Employed,89020.72,602,0.506,2020-11-04
CUST-00494,Customer_494,38,M,East,Employed,62553.58,734,0.193,2022-03-27
CUST-00495,Customer_495,23,F,West,Employed,136882.87,655,0.289,2022-05-18
CUST-00496,Customer_496,45,M,East,Retired,120853.09,715,0.235,2018-01-28
CUST-00497,Customer_497,28,F,South,Retired,111918.14,715,0.1,2017-11-11
CUST-00498,Customer_498,50,M,East,Retired,80226.04,717,0.56,2018-11-17
CUST-00499,Customer_499,67,F,South,Unemployed,34265.09,652,0.183,2020-02-16
CUST-00500,Customer_500,34,F,West,Retired,66694.14,603,0.102,2020-02-18
CUST-00501,Customer_501,41,M,North,Retired,43299.68,586,0.352,2020-02-01
CUST-00502,Customer_502,44,F,South,Employed,143546.09,736,0.68,2020-12-10
CUST-00503,Customer_503,48,M,North,Employed,160813.16,748,0.319,2019-07-28
CUST-00504,Customer_504,40,F,East,Employed,34046.99,795,0.102,2018-03-03
CUST-00505,Customer_505,50,M,West,Employed,55528.54,638,0.275,2021-06-09
CUST-00506,Customer_506,46,F,West,Employed,62518.47,493,0.505,2020-09-03
CUST-00507,Customer_507,28,M,Central,Self-Employed,23669.93,523,0.065,2020-11-20
CUST-00508,Customer_508,32,F,North,Employed,74627.53,696,0.448,2020-05-24
CUST-00509,Customer_509,21,F,Central,Self-Employed,34090.85,659,0.252,2022-04-03
CUST-00510,Customer_510,50,M,North,Employed,196964.9,792,0.256,2018-06-19
CUST-00511,Customer_511,32,F,Central,Retired,62503.55,762,0.427,2018-09-08
CUST-00512,Customer_512,36,M,South,Self-Employed,177175.88,560,0.257,2020-09-01
CUST-00513,Customer_513,69,M,North,Employed,47934.05,729,0.343,2018-12-02
CUST-00514,Customer_514,32,F,West,Employed,76098.7,457,0.403,2022-01-31
CUST-00515,Customer_515,33,M,East,Retired,47968.9,850,0.189,2021-02-18
CUST-00516,Customer_516,34,M,West,Retired,29409.0,637,0.236,2018-10-10
CUST-00517,Customer_517,20,F,Central,Employed,107491.55,707,0.383,2018-04-11
CUST-00518,Customer_518,48,F,Central,Employed,79796.73,676,0.523,2018-05-07
CUST-00519,Customer_519,26,M,East,Employed,70332.8,698,0.401,2022-04-22
CUST-00520,Customer_520,43,F,Central,Employed,56312.41,612,0.3,2017-11-18
CUST-00521,Customer_521,40,M,Central,Employed,43987.72,421,0.616,2019-03-31
CUST-00522,Customer_522,44,M,North,Self-Employed,152153.87,850,0.249,2021-12-18
CUST-00523,Customer_523,44,F,South,Unemployed,28704.27,647,0.391,2021-07-24
CUST-00524,Customer_524,51,M,Central,Retired,56938.68,677,0.451,2022-04-21
CUST-00525,Customer_525,53,M,North,Employed,20000.0,788,0.835,2020-07-28
CUST-00526,Customer_526,38,M,West,Self-Employed,34343.6,638,0.458,2020-08-14
CUST-00527,Customer_527,38,F,North,Self-Employed,53241.78,729,0.396,2020-01-05
CUST-00528,Customer_528,73,M,Central,Employed,54136.68,652,0.562,2019-03-17
CUST-00529,Customer_529,42,F,Central,Employed,61584.09,639,0.169,2017-07-22
CUST-00530,Customer_530,54,M,West,Retired,153525.53,527,0.332,2020-12-31
CUST-00531,Customer_531,32,F,East,Self-Employed,75615.51,800,0.051,2021-11-04
CUST-00532,Customer_532,42,M,East,Self-Employed,35202.92,831,0.356,2021-08-29
CUST-00533,Customer_533,20,F,East,Self-Employed,33583.14,819,0.328,2019-01-19
CUST-00534,Customer_534,25,F,East,Employed,86978.9,611,0.326,2019-10-12
CUST-00535,Customer_535,52,F,East,Employed,33105.12,808,0.392,2019-02-16
CUST-00536,Customer_536,71,F,West,Unemployed,44698.71,543,0.179,2017-07-26
CUST-00537,Customer_537,19,M,East,Employed,58820.5,742,0.44,2017-07-25
CUST-00538,Customer_538,41,M,East,Retired,20000.0,792,0.45,2019-03-30
CUST-00539,Customer_539,44,F,West,Employed,108106.8,705,0.298,2018-04-12
CUST-00540,Customer_540,36,F,Central,Self-Employed,29776.25,710,0.253,2022-02-24
CUST-00541,Customer_541,67,M,Central,Self-Employed,124521.85,850,0.278,2021-07-30
CUST-00542,Customer_542,43,M,North,Self-Employed,118393.75,649,0.405,2019-12-11
CUST-00543,Customer_543,69,M,South,Employed,26537.28,798,0.411,2020-08-08
CUST-00544,Customer_544,37,F,West,Employed,72033.01,664,0.262,2018-08-07
CUST-00545,Customer_545,66,M,North,Retired,59896.63,755,0.277,2017-09-17
CUST-00546,Customer_546,21,M,West,Self-Employed,61005.24,695,0.256,2017-12-25
CUST-00547,Customer_547,30,F,West,Self-Employed,51211.26,792,0.444,2018-09-06
CUST-00548,Customer_548,24,F,East,Employed,170037.09,599,0.151,2022-08-03
CUST-00549,Customer_549,49,M,Central,Employed,42240.84,663,0.621,2018-10-12
CUST-00550,Customer_550,28,M,South,Employed,34735.7,681,0.308,2018-03-23
CUST-00551,Customer_551,51,M,North,Retired,47234.55,721,0.363,2020-09-10
CUST-00552,Customer_552,43,F,South,Retired,60111.0,497,0.176,2017-07-11
CUST-00553,Customer_553,46,F,North,Employed,71097.54,792,0.106,2019-09-26
CUST-00554,Customer_554,36,M,East,Employed,105472.09,763,0.117,2019-04-29
CUST-00555,Customer_555,42,F,South,Unemployed,55125.43,792,0.273,2020-04-18
CUST-00556,Customer_556,37,F,South,Unemployed,83424.9,608,0.611,2021-01-24
CUST-00557,Customer_557,48,M,West,Self-Employed,95007.17,794,0.429,2018-11-22
CUST-00558,Customer_558,49,M,North,Self-Employed,100029.5,664,0.326,2018-06-27
CUST-00559,Customer_559,40,F,Central,Self-Employed,70911.43,637,0.506,2021-11-02
CUST-00560,Customer_560,38,M,Central,Unemployed,27180.36,566,0.649,2017-11-21
CUST-00561,Customer_561,80,F,West,Employed,213065.29,668,0.495,2022-06-08
CUST-00562,Customer_562,62,F,North,Employed,42526.42,737,0.288,2022-02-18
CUST-00563,Customer_563,52,F,East,Retired,37967.74,503,0.339,2022-11-19
CUST-00564,Customer_564,42,F,West,Employed,46545.4,670,0.418,2018-09-11
CUST-00565,Customer_565,33,F,East,Employed,79754.14,713,0.338,2018-11-13
CUST-00566,Customer_566,29,M,East,Self-Employed,131382.97,552,0.207,2019-01-14
CUST-00567,Customer_567,57,M,North,Self-Employed,46792.42,622,0.046,2020-04-23
CUST-00568,Customer_568,42,F,South,Employed,69741.24,682,0.366,2020-02-07
CUST-00569,Customer_569,44,F,North,Self-Employed,60456.98,597,0.679,2017-08-24
CUST-00570,Customer_570,35,F,East,Self-Employed,103881.25,640,0.273,2021-09-10
CUST-00571,Customer_571,20,M,West,Employed,77601.99,520,0.15,2018-09-23
CUST-00572,Customer_572,52,F,West,Self-Employed,55123.08,655,0.274,2017-10-20
CUST-00573,Customer_573,45,F,Central,Unemployed,36794.85,701,0.526,2018-04-17
CUST-00574,Customer_574,44,M,South,Self-Employed,60134.21,655,0.273,2019-07-31
CUST-00575,Customer_575,25,M,Central,Employed,24831.07,575,0.398,2018-12-22
CUST-00576,Customer_576,31,F,North,Retired,85839.67,757,0.152,2022-04-17
CUST-00577,Customer_577,26,M,Central,Retired,22332.35,650,0.25,2021-10-14
CUST-00578,Customer_578,40,M,South,Employed,48052.79,709,0.293,2020-01-02
CUST-00579,Customer_579,27,F,North,Self-Employed,78288.67,791,0.546,2018-11-25
CUST-00580,Customer_580,28,F,North,Retired,35116.69,649,0.451,2020-06-03
CUST-00581,Customer_581,34,M,West,Employed,40522.64,773,0.2,2020-08-04
CUST-00582,Customer_582,58,F,Central,Employed,55134.59,556,0.203,2020-04-30
CUST-00583,Customer_583,57,F,North,Employed,32567.29,652,0.359,2018-05-05
CUST-00584,Customer_584,25,M,South,Self-Employed,46696.66,613,0.338,2022-09-01
CUST-00585,Customer_585,45,F,East,Self-Employed,148670.76,697,0.517,2019-11-20
CUST-00586,Customer_586,36,M,North,Retired,32743.1,552,0.139,2020-04-10
CUST-00587,Customer_587,53,M,East,Employed,68435.88,547,0.302,2018-08-11
CUST-00588,Customer_588,51,M,West,Employed,57800.76,733,0.234,2017-12-03
CUST-00589,Customer_589,48,F,West,Unemployed,112771.75,665,0.555,2017-11-01
CUST-00590,Customer_590,51,F,West,Employed,84274.7,655,0.312,2019-03-18
CUST-00591,Customer_591,30,M,East,Employed,39811.42,801,0.133,2019-11-28
CUST-00592,Customer_592,34,F,Central,Employed,35887.15,674,0.558,2021-09-02
CUST-00593,Customer_593,48,M,North,Retired,61875.05,770,0.128,2020-04-28
CUST-00594,Customer_594,51,F,Central,Employed,31160.11,701,0.417,2021-08-19
CUST-00595,Customer_595,60,M,West,Employed,21520.34,762,0.219,2021-05-17
CUST-00596,Customer_596,54,M,North,Employed,44254.73,536,0.577,2019-03-21
CUST-00597,Customer_597,52,F,Central,Unemployed,63154.13,672,0.238,2017-12-19
CUST-00598,Customer_598,45,M,South,Employed,164547.64,579,0.404,2022-05-10
CUST-00599,Customer_599,39,M,West,Self-Employed,75041.2,764,0.413,2018-12-23
CUST-00600,Customer_600,21,M,South,Self-Employed,66591.1,651,0.109,2020-08-31
CUST-00601,Customer_601,57,F,South,Employed,133507.63,550,0.316,2018-09-10
CUST-00602,Customer_602,55,M,South,Employed,137231.72,662,0.615,2021-04-19
CUST-00603,Customer_603,18,M,Central,Employed,44934.06,730,0.39,2019-07-27
CUST-00604,Customer_604,47,F,South,Employed,23478.24,734,0.562,2022-02-12
CUST-00605,Customer_605,42,M,West,Employed,58902.69,635,0.431,2022-07-31
CUST-00606,Customer_606,40,M,West,Self-Employed,152902.85,850,0.75,2022-08-28
CUST-00607,Customer_607,34,F,West,Unemployed,40405.26,630,0.534,2021-02-18
CUST-00608,Customer_608,56,F,West,Employed,53267.5,638,0.049,2020-10-23
CUST-00609,Customer_609,24,M,Central,Employed,30351.33,584,0.364,2018-02-27
CUST-00610,Customer_610,45,M,East,Unemployed,104699.69,589,0.606,2022-02-10
CUST-00611,Customer_611,18,F,North,Self-Employed,35243.24,581,0.447,2020-08-01
CUST-00612,Customer_612,32,M,West,Employed,30437.3,702,0.493,2021-10-12
CUST-00613,Customer_613,46,F,North,Retired,68147.17,636,0.27,2018-03-04
CUST-00614,Customer_614,35,F,North,Employed,131219.42,714,0.558,2018-04-09
CUST-00615,Customer_615,45,M,North,Employed,91129.22,786,0.234,2019-02-22
CUST-00616,Customer_616,48,M,North,Employed,28904.49,676,0.32,2018-08-26
CUST-00617,Customer_617,38,M,West,Employed,47855.45,817,0.26,2017-11-01
CUST-00618,Customer_618,42,F,East,Retired,62065.33,692,0.13,2022-11-01
CUST-00619,Customer_619,37,M,South,Retired,65635.39,722,0.419,2022-04-06
CUST-00620,Customer_620,54,F,South,Self-Employed,91458.24,743,0.629,2018-12-22
CUST-00621,Customer_621,32,M,West,Retired,116621.31,640,0.491,2019-10-29
CUST-00622,Customer_622,33,F,East,Employed,32797.23,632,0.353,2019-12-06
CUST-00623,Customer_623,37,F,East,Employed,55276.98,656,0.149,2020-01-17
CUST-00624,Customer_624,43,F,West,Employed,42214.43,836,0.551,2018-11-14
CUST-00625,Customer_625,61,F,East,Retired,51277.57,693,0.344,2020-11-03
CUST-00626,Customer_626,45,F,West,Employed,78111.45,805,0.568,2018-01-28
CUST-00627,Customer_627,18,M,South,Employed,39293.11,681,0.479,2019-10-26
CUST-00628,Customer_628,57,F,East,Employed,60298.09,728,0.511,2021-01-26
CUST-00629,Customer_629,38,M,West,Self-Employed,52286.27,773,0.268,2021-07-17
CUST-00630,Customer_630,36,F,Central,Self-Employed,54368.59,729,0.287,2019-01-30
CUST-00631,Customer_631,63,F,East,Unemployed,49583.66,710,0.252,2020-03-07
CUST-00632,Customer_632,28,F,West,Employed,47612.76,679,0.348,2018-06-18
CUST-00633,Customer_633,18,F,South,Employed,45581.95,783,0.11,2019-11-09
CUST-00634,Customer_634,48,F,South,Retired,68460.45,586,0.171,2019-11-18
CUST-00635,Customer_635,34,M,Central,Employed,53483.28,579,0.094,2018-03-04
CUST-00636,Customer_636,40,M,North,Unemployed,75851.76,761,0.334,2020-08-10
CUST-00637,Customer_637,48,M,South,Employed,49683.08,537,0.267,2022-01-27
CUST-00638,Customer_638,69,M,South,Employed,59691.32,791,0.108,2020-10-29
CUST-00639,Customer_639,45,M,Central,Self-Employed,60156.56,543,0.556,2017-09-07
CUST-00640,Customer_640,28,F,West,Employed,131833.9,653,0.531,2019-12-09
CUST-00641,Customer_641,34,F,North,Employed,87928.46,687,0.09,2018-11-14
CUST-00642,Customer_642,54,F,Central,Retired,66791.9,831,0.418,2022-10-28
CUST-00643,Customer_643,31,F,South,Employed,48554.98,734,0.335,2022-05-19
CUST-00644,Customer_644,19,M,South,Employed,43129.84,850,0.371,2019-12-20
CUST-00645,Customer_645,35,F,East,Employed,56759.48,505,0.221,2020-09-11
CUST-00646,Customer_646,26,M,East,Retired,20000.0,711,0.226,2020-05-06
CUST-00647,Customer_647,53,M,South,Employed,69162.78,630,0.414,2018-04-12
CUST-00648,Customer_648,40,M,North,Employed,116169.15,645,0.179,2020-10-17
CUST-00649,Customer_649,23,F,Central,Employed,48522.12,623,0.271,2019-05-08
CUST-00650,Customer_650,34,M,South,Employed,30266.75,711,0.376,2018-03-07
CUST-00651,Customer_651,50,F,East,Self-Employed,32033.95,604,0.528,2018-02-09
CUST-00652,Customer_652,58,M,Central,Retired,33695.92,649,0.294,2021-08-19
CUST-00653,Customer_653,40,M,Central,Employed,106475.6,753,0.524,2022-08-29
CUST-00654,Customer_654,53,M,East,Retired,109442.96,782,0.488,2019-10-05
CUST-00655,Customer_655,34,M,South,Retired,53623.3,525,0.678,2021-02-26
CUST-00656,Customer_656,45,M,South,Self-Employed,209616.24,508,0.576,2018-09-14
CUST-00657,Customer_657,42,F,North,Employed,32702.08,675,0.206,2019-10-05
CUST-00658,Customer_658,37,M,Central,Unemployed,70014.78,778,0.453,2020-09-27
CUST-00659,Customer_659,67,F,West,Unemployed,63143.92,655,0.388,2022-02-19
CUST-00660,Customer_660,46,M,Central,Self-Employed,39165.79,639,0.708,2020-12-24
CUST-00661,Customer_661,66,M,North,Employed,97618.78,717,0.276,2018-03-21
CUST-00662,Customer_662,37,M,East,Self-Employed,42648.31,736,0.25,2019-06-24
CUST-00663,Customer_663,51,F,East,Employed,36443.38,770,0.455,2021-05-22
CUST-00664,Customer_664,40,F,West,Employed,108448.52,769,0.287,2019-10-27
CUST-00665,Customer_665,40,F,West,Employed,95395.35,674,0.297,2019-08-21
CUST-00666,Customer_666,64,F,North,Unemployed,33451.69,460,0.288,2021-04-07
CUST-00667,Customer_667,37,M,North,Employed,20000.0,808,0.247,2022-01-21
CUST-00668,Customer_668,53,F,South,Self-Employed,72598.8,609,0.386,2021-02-22
CUST-00669,Customer_669,20,F,North,Employed,20000.0,705,0.279,2017-08-19
CUST-00670,Customer_670,23,F,West,Employed,49645.88,730,0.122,2021-05-29
CUST-00671,Customer_671,48,M,South,Employed,87040.31,510,0.194,2020-07-03
CUST-00672,Customer_672,38,F,Central,Self-Employed,45604.83,640,0.448,2020-08-19
CUST-00673,Customer_673,57,M,North,Employed,70178.72,580,0.102,2019-10-24
CUST-00674,Customer_674,58,M,Central,Self-Employed,95197.4,789,0.354,2021-02-06
CUST-00675,Customer_675,52,F,North,Employed,75336.83,694,0.218,2020-09-29
CUST-00676,Customer_676,56,M,Central,Retired,95338.75,731,0.193,2021-07-23
CUST-00677,Customer_677,27,M,West,Employed,70065.92,608,0.312,2021-05-31
CUST-00678,Customer_678,41,F,East,Employed,75462.02,632,0.445,2022-07-26
CUST-00679,Customer_679,34,M,West,Employed,46525.17,762,0.609,2021-03-29
CUST-00680,Customer_680,19,F,North,Employed,35336.51,563,0.092,2017-08-17
CUST-00681,Customer_681,50,M,West,Self-Employed,69292.32,744,0.413,2021-10-28
CUST-00682,Customer_682,34,F,North,Employed,54292.71,602,0.228,2022-11-19
CUST-00683,Customer_683,36,F,East,Unemployed,108107.69,729,0.486,2020-10-15
CUST-00684,Customer_684,59,F,West,Employed,58150.59,635,0.257,2018-05-07
CUST-00685,Customer_685,48,M,East,Employed,36932.21,751,0.215,2017-08-10
CUST-00686,Customer_686,43,M,West,Employed,33789.1,850,0.112,2020-09-08
CUST-00687,Customer_687,46,F,East,Self-Employed,82567.61,675,0.287,2019-05-16
CUST-00688,Customer_688,50,F,Central,Unemployed,96766.23,598,0.336,2021-02-03
CUST-00689,Customer_689,35,F,East,Unemployed,85859.89,588,0.583,2020-09-19
CUST-00690,Customer_690,47,F,North,Retired,95688.92,574,0.52,2021-10-19
CUST-00691,Customer_691,34,M,Central,Employed,50789.76,757,0.255,2018-11-04
CUST-00692,Customer_692,34,F,South,Employed,31340.64,848,0.176,2021-04-15
CUST-00693,Customer_693,44,M,West,Self-Employed,34839.47,684,0.268,2022-02-20
CUST-00694,Customer_694,36,F,South,Employed,46499.13,587,0.213,2022-01-21
CUST-00695,Customer_695,41,F,West,Employed,65313.18,660,0.402,2019-07-27
CUST-00696,Customer_696,44,F,Central,Employed,147161.59,803,0.182,2020-01-30
CUST-00697,Customer_697,37,F,Central,Employed,78361.66,746,0.32,2020-11-26
CUST-00698,Customer_698,42,M,North,Unemployed,132332.07,638,0.358,2019-03-27
CUST-00699,Customer_699,41,F,South,Self-Employed,56488.91,644,0.482,2022-09-03
CUST-00700,Customer_700,35,F,East,Retired,41483.29,619,0.427,2020-07-04
CUST-00701,Customer_701,46,M,North,Employed,94918.16,623,0.01,2021-09-04
CUST-00702,Customer_702,75,M,West,Employed,43199.75,842,0.421,2020-04-28
CUST-00703,Customer_703,41,M,East,Retired,69916.39,669,0.386,2020-03-19
CUST-00704,Customer_704,29,M,East,Employed,64119.3,613,0.174,2017-07-12
CUST-00705,Customer_705,38,M,North,Unemployed,50115.53,580,0.307,2018-10-29
CUST-00706,Customer_706,27,M,East,Employed,101382.43,601,0.3,2020-05-14
CUST-00707,Customer_707,29,M,Central,Employed,99927.31,750,0.313,2020-04-01
CUST-00708,Customer_708,27,M,West,Self-Employed,38802.13,765,0.577,2020-05-20
CUST-00709,Customer_709,30,F,North,Employed,29754.15,572,0.25,2018-05-18
CUST-00710,Customer_710,36,M,North,Unemployed,64088.09,550,0.384,2019-04-15
CUST-00711,Customer_711,48,M,South,Retired,55956.04,737,0.186,2018-10-08
CUST-00712,Customer_712,47,M,Central,Employed,80919.55,735,0.23,2022-01-09
CUST-00713,Customer_713,41,F,Central,Employed,64185.14,579,0.468,2020-04-30
CUST-00714,Customer_714,42,M,West,Self-Employed,51512.23,702,0.39,2021-11-16
CUST-00715,Customer_715,38,F,West,Employed,38776.27,684,0.175,2019-06-24
CUST-00716,Customer_716,46,M,West,Self-Employed,35276.18,697,0.387,2020-09-27
CUST-00717,Customer_717,42,M,South,Employed,91361.89,628,0.184,2018-09-14
CUST-00718,Customer_718,66,M,Central,Employed,109882.12,661,0.324,2018-01-12
CUST-00719,Customer_719,35,M,East,Employed,70420.12,550,0.427,2020-05-09
CUST-00720,Customer_720,26,M,East,Self-Employed,86644.56,719,0.162,2020-03-05
CUST-00721,Customer_721,54,F,Central,Employed,92798.53,686,0.179,2020-09-20
CUST-00722,Customer_722,50,M,East,Employed,20000.0,755,0.215,2020-05-09
CUST-00723,Customer_723,45,M,East,Retired,70288.26,532,0.326,2019-08-12
CUST-00724,Customer_724,47,M,South,Employed,20000.0,669,0.318,2021-08-01
CUST-00725,Customer_725,40,F,North,Employed,29875.58,728,0.105,2019-01-12
CUST-00726,Customer_726,18,M,Central,Employed,27792.0,621,0.474,2019-07-30
CUST-00727,Customer_727,59,M,Central,Employed,47539.25,753,0.091,2021-11-17
CUST-00728,Customer_728,46,F,Central,Self-Employed,123775.87,606,0.441,2019-04-21
CUST-00729,Customer_729,31,M,Central,Employed,59411.65,679,0.577,2021-04-20
CUST-00730,Customer_730,45,M,South,Employed,96550.83,578,0.339,2020-05-23
CUST-00731,Customer_731,36,M,East,Retired,39445.65,806,0.24,2020-03-15
CUST-00732,Customer_732,31,M,South,Unemployed,113721.05,732,0.072,2019-10-09
CUST-00733,Customer_733,35,F,West,Self-Employed,77936.41,448,0.634,2020-08-03
CUST-00734,Customer_734,49,F,West,Employed,96655.72,770,0.351,2019-10-02
CUST-00735,Customer_735,33,M,South,Employed,28486.75,678,0.124,2021-05-19
CUST-00736,Customer_736,43,M,Central,Employed,325225.22,807,0.134,2018-07-18
CUST-00737,Customer_737,25,F,Central,Self-Employed,75941.55,623,0.408,2018-08-17
CUST-00738,Customer_738,32,F,Central,Employed,37465.93,727,0.466,2019-09-17
CUST-00739,Customer_739,32,M,East,Unemployed,145108.41,705,0.537,2018-04-21
CUST-00740,Customer_740,21,F,Central,Unemployed,33345.53,684,0.162,2022-09-08
CUST-00741,Customer_741,37,F,Central,Employed,34208.51,592,0.358,2020-07-15
CUST-00742,Customer_742,49,M,South,Employed,69377.23,610,0.154,2022-09-27
CUST-00743,Customer_743,26,F,East,Employed,67256.44,780,0.195,2018-05-05
CUST-00744,Customer_744,46,M,West,Unemployed,149500.21,712,0.272,2022-04-06
CUST-00745,Customer_745,36,M,South,Unemployed,68268.6,568,0.301,2019-08-16
CUST-00746,Customer_746,39,F,Central,Self-Employed,139241.51,786,0.208,2021-12-28
CUST-00747,Customer_747,42,M,South,Unemployed,117770.69,773,0.058,2018-05-28
CUST-00748,Customer_748,56,M,Central,Employed,39859.89,564,0.225,2021-05-06
CUST-00749,Customer_749,51,M,East,Retired,102054.57,714,0.108,2021-04-12
CUST-00750,Customer_750,41,F,Central,Employed,50246.11,592,0.271,2018-02-09
CUST-00751,Customer_751,34,M,South,Retired,52594.08,600,0.566,2018-07-07
CUST-00752,Customer_752,18,F,North,Retired,34384.23,497,0.219,2018-01-22
CUST-00753,Customer_753,46,M,South,Employed,20000.0,577,0.429,2018-12-07
CUST-00754,Customer_754,45,F,South,Unemployed,53020.11,691,0.171,2019-02-17
CUST-00755,Customer_755,40,F,West,Employed,81774.8,625,0.28,2019-05-17
CUST-00756,Customer_756,63,F,West,Employed,93378.83,608,0.299,2022-07-01
CUST-00757,Customer_757,50,M,West,Employed,29708.02,779,0.408,2021-05-12
CUST-00758,Customer_758,38,F,West,Retired,144217.38,751,0.343,2021-01-31
CUST-00759,Customer_759,18,M,North,Self-Employed,184093.28,698,0.584,2020-05-08
CUST-00760,Customer_760,39,F,North,Unemployed,209482.94,573,0.205,2020-09-09
CUST-00761,Customer_761,27,M,West,Unemployed,119358.41,750,0.371,2020-02-23
CUST-00762,Customer_762,52,F,East,Unemployed,199147.73,623,0.5,2021-01-10
CUST-00763,Customer_763,39,M,Central,Unemployed,38290.11,759,0.473,2018-07-02
CUST-00764,Customer_764,20,F,North,Employed,110970.96,668,0.385,2019-05-30
CUST-00765,Customer_765,27,F,North,Employed,32310.85,748,0.239,2018-02-10
CUST-00766,Customer_766,37,M,West,Employed,49792.31,564,0.449,2017-07-19
CUST-00767,Customer_767,41,F,South,Retired,70196.31,578,0.368,2017-10-27
CUST-00768,Customer_768,52,M,East,Employed,66867.26,694,0.234,2017-09-09
CUST-00769,Customer_769,30,F,North,Self-Employed,64521.81,692,0.163,2021-07-08
CUST-00770,Customer_770,36,M,East,Self-Employed,59316.73,730,0.411,2019-04-14
CUST-00771,Customer_771,20,M,North,Employed,40612.23,559,0.705,2021-03-17
CUST-00772,Customer_772,32,M,West,Self-Employed,39270.34,691,0.41,2018-12-22
CUST-00773,Customer_773,46,M,North,Employed,66896.98,592,0.3,2022-06-26
CUST-00774,Customer_774,30,M,Central,Employed,58574.7,558,0.251,2019-02-09
CUST-00775,Customer_775,23,F,North,Employed,93831.92,560,0.284,2020-12-29
CUST-00776,Customer_776,30,M,West,Self-Employed,87469.06,623,0.278,2020-03-29
CUST-00777,Customer_777,43,M,South,Employed,63183.91,724,0.384,2018-10-28
CUST-00778,Customer_778,47,M,North,Employed,25078.78,689,0.315,2017-12-24
CUST-00779,Customer_779,33,F,South,Employed,41669.65,633,0.445,2018-05-12
CUST-00780,Customer_780,54,M,South,Employed,98654.51,696,0.32,2019-10-06
CUST-00781,Customer_781,69,M,Central,Self-Employed,37469.27,731,0.244,2020-06-14
CUST-00782,Customer_782,20,F,South,Self-Employed,64572.5,850,0.421,2022-01-26
CUST-00783,Customer_783,40,F,Central,Self-Employed,60404.2,756,0.581,2018-02-05
CUST-00784,Customer_784,35,M,North,Retired,47665.12,595,0.24,2022-02-19
CUST-00785,Customer_785,40,M,Central,Self-Employed,60393.32,704,0.332,2020-12-13
CUST-00786,Customer_786,25,F,East,Unemployed,48878.03,704,0.102,2021-07-13
CUST-00787,Customer_787,48,F,North,Employed,43251.77,518,0.219,2019-07-21
CUST-00788,Customer_788,49,F,North,Unemployed,49914.85,639,0.268,2019-03-25
CUST-00789,Customer_789,55,F,South,Employed,45329.74,592,0.261,2020-01-24
CUST-00790,Customer_790,42,M,West,Employed,73000.12,730,0.418,2022-08-13
CUST-00791,Customer_791,63,M,West,Employed,60318.72,664,0.116,2021-07-27
CUST-00792,Customer_792,44,F,Central,Employed,83292.78,771,0.509,2017-12-08
CUST-00793,Customer_793,45,M,East,Retired,186749.67,559,0.586,2022-03-07
CUST-00794,Customer_794,44,F,Central,Employed,90488.68,743,0.459,2019-11-10
CUST-00795,Customer_795,51,M,West,Retired,75594.53,598,0.413,2018-08-08
CUST-00796,Customer_796,35,M,North,Self-Employed,47721.46,618,0.049,2022-11-04
CUST-00797,Customer_797,45,F,South,Employed,75327.9,792,0.23,2022-08-01
CUST-00798,Customer_798,31,F,Central,Employed,28717.89,750,0.268,2018-12-04
CUST-00799,Customer_799,37,F,West,Self-Employed,92119.99,552,0.111,2022-06-17
CUST-00800,Customer_800,29,M,East,Employed,145849.89,722,0.091,2022-06-24
CUST-00801,Customer_801,60,M,South,Employed,76970.57,550,0.093,2020-09-23
CUST-00802,Customer_802,48,M,East,Self-Employed,53382.19,656,0.382,2018-10-30
CUST-00803,Customer_803,40,M,North,Employed,37480.86,616,0.092,2017-09-26
CUST-00804,Customer_804,24,F,North,Employed,41723.54,661,0.128,2019-07-05
CUST-00805,Customer_805,44,M,East,Self-Employed,30973.41,782,0.557,2019-03-26
CUST-00806,Customer_806,33,M,North,Employed,44519.45,662,0.249,2022-02-24
CUST-00807,Customer_807,32,M,South,Employed,45529.74,638,0.173,2020-12-22
CUST-00808,Customer_808,38,F,South,Employed,33536.53,723,0.124,2018-09-19
CUST-00809,Customer_809,38,F,North,Unemployed,20000.0,505,0.283,2022-10-03
CUST-00810,Customer_810,46,F,West,Employed,44499.13,765,0.154,2022-07-25
CUST-00811,Customer_811,41,F,Central,Self-Employed,63752.0,690,0.204,2020-02-20
CUST-00812,Customer_812,38,F,Central,Employed,126725.16,657,0.145,2020-02-13
CUST-00813,Customer_813,28,M,East,Employed,57680.29,723,0.377,2018-08-02
CUST-00814,Customer_814,42,M,Central,Self-Employed,83684.13,634,0.29,2022-04-10
CUST-00815,Customer_815,52,M,Central,Employed,60642.9,806,0.135,2018-02-08
CUST-00816,Customer_816,26,M,South,Employed,40754.52,699,0.317,2020-11-17
CUST-00817,Customer_817,25,F,South,Employed,93128.46,706,0.417,2017-07-15
CUST-00818,Customer_818,32,M,Central,Unemployed,31154.97,649,0.385,2018-12-01
CUST-00819,Customer_819,23,F,South,Employed,112718.3,666,0.413,2020-08-02
CUST-00820,Customer_820,33,F,East,Unemployed,40530.61,743,0.513,2019-09-19
CUST-00821,Customer_821,35,F,North,Employed,31303.67,688,0.164,2017-11-11
CUST-00822,Customer_822,18,M,South,Employed,39176.79,525,0.274,2020-01-11
CUST-00823,Customer_823,50,M,West,Employed,42738.66,679,0.571,2020-04-24
CUST-00824,Customer_824,30,F,East,Employed,90727.54,665,0.07,2019-10-27
CUST-00825,Customer_825,45,F,North,Employed,27616.84,645,0.222,2021-04-14
CUST-00826,Customer_826,54,F,Central,Employed,42371.88,660,0.186,2020-11-08
CUST-00827,Customer_827,55,F,South,Self-Employed,39677.8,507,0.278,2019-11-09
CUST-00828,Customer_828,51,M,South,Employed,137791.18,719,0.312,2020-08-15
CUST-00829,Customer_829,39,M,South,Employed,147297.11,668,0.258,2019-05-10
CUST-00830,Customer_830,18,M,East,Employed,62662.92,688,0.512,2019-03-27
CUST-00831,Customer_831,37,F,East,Employed,129829.39,576,0.135,2019-12-13
CUST-00832,Customer_832,56,M,West,Employed,20000.0,827,0.244,2022-08-02
CUST-00833,Customer_833,25,M,East,Employed,70442.94,711,0.43,2017-10-03
CUST-00834,Customer_834,32,M,Central,Employed,38891.35,846,0.323,2017-11-24
CUST-00835,Customer_835,23,F,West,Retired,76335.68,647,0.143,2022-06-12
CUST-00836,Customer_836,33,M,Central,Employed,38960.36,629,0.33,2018-04-28
CUST-00837,Customer_837,42,F,North,Self-Employed,53060.88,626,0.228,2022-07-28
CUST-00838,Customer_838,47,F,South,Employed,122457.32,633,0.44,2021-06-16
CUST-00839,Customer_839,37,F,West,Self-Employed,85479.6,538,0.063,2018-10-18
CUST-00840,Customer_840,62,F,East,Employed,20000.0,786,0.533,2021-08-11
CUST-00841,Customer_841,46,M,South,Employed,133011.39,618,0.473,2018-08-08
CUST-00842,Customer_842,19,M,South,Employed,20000.0,703,0.276,2020-05-26
CUST-00843,Customer_843,50,F,East,Employed,46825.29,715,0.247,2019-12-01
CUST-00844,Customer_844,36,F,South,Employed,32289.42,850,0.287,2020-04-28
CUST-00845,Customer_845,42,F,North,Employed,95053.6,850,0.128,2018-05-24
CUST-00846,Customer_846,68,F,Central,Employed,52652.14,548,0.547,2018-03-27
CUST-00847,Customer_847,46,F,South,Employed,113344.99,713,0.095,2021-07-12
CUST-00848,Customer_848,47,F,West,Employed,50065.41,830,0.362,2019-02-15
CUST-00849,Customer_849,37,F,East,Unemployed,66243.3,647,0.424,2021-12-11
CUST-00850,Customer_850,39,M,West,Unemployed,102084.44,615,0.276,2019-10-21
CUST-00851,Customer_851,40,M,North,Employed,179265.75,644,0.46,2018-05-31
CUST-00852,Customer_852,59,M,North,Employed,110347.77,716,0.236,2018-04-07
CUST-00853,Customer_853,45,M,South,Employed,50867.09,553,0.442,2020-09-03
CUST-00854,Customer_854,38,F,North,Self-Employed,80706.98,691,0.422,2021-06-20
CUST-00855,Customer_855,21,M,North,Retired,158725.83,575,0.366,2021-10-24
CUST-00856,Customer_856,21,F,South,Employed,50892.65,675,0.062,2018-03-03
CUST-00857,Customer_857,33,F,North,Employed,68675.9,683,0.171,2020-05-02
CUST-00858,Customer_858,58,M,South,Retired,46814.33,619,0.65,2020-06-28
CUST-00859,Customer_859,58,F,West,Employed,114571.27,850,0.634,2019-02-02
CUST-00860,Customer_860,43,F,South,Employed,35484.41,654,0.173,2017-10-29
CUST-00861,Customer_861,35,M,East,Employed,26325.13,797,0.296,2017-12-19
CUST-00862,Customer_862,32,M,North,Self-Employed,71855.05,590,0.495,2019-06-18
CUST-00863,Customer_863,37,M,East,Employed,39741.76,675,0.477,2017-12-21
CUST-00864,Customer_864,41,F,North,Employed,49574.74,497,0.424,2020-10-09
CUST-00865,Customer_865,43,M,West,Employed,33864.45,762,0.338,2017-12-17
CUST-00866,Customer_866,45,M,Central,Unemployed,76708.87,661,0.653,2020-10-10
CUST-00867,Customer_867,36,F,West,Employed,154382.0,615,0.258,2020-03-15
CUST-00868,Customer_868,18,F,Central,Employed,64519.49,680,0.292,2020-09-28
CUST-00869,Customer_869,35,F,South,Employed,51296.66,737,0.669,2019-07-29
CUST-00870,Customer_870,48,M,North,Retired,22629.79,718,0.244,2018-07-22
CUST-00871,Customer_871,41,F,North,Unemployed,30387.73,810,0.272,2020-04-10
CUST-00872,Customer_872,35,F,Central,Retired,45014.2,761,0.273,2022-01-10
CUST-00873,Customer_873,43,M,South,Self-Employed,50243.4,741,0.501,2021-06-05
CUST-00874,Customer_874,76,M,South,Self-Employed,87875.19,609,0.527,2018-06-13
CUST-00875,Customer_875,42,F,East,Retired,87893.9,574,0.162,2018-03-07
CUST-00876,Customer_876,26,M,South,Employed,55495.36,738,0.164,2021-02-19
CUST-00877,Customer_877,22,F,Central,Employed,20000.0,711,0.338,2018-12-29
CUST-00878,Customer_878,34,F,Central,Self-Employed,79266.3,626,0.387,2019-10-06
CUST-00879,Customer_879,56,M,West,Employed,64550.99,477,0.412,2021-12-08
CUST-00880,Customer_880,45,F,North,Employed,109838.86,814,0.449,2021-08-13
CUST-00881,Customer_881,18,M,North,Employed,87228.79,611,0.198,2022-12-01
CUST-00882,Customer_882,49,F,Central,Employed,43118.52,534,0.298,2022-03-10
CUST-00883,Customer_883,39,F,South,Retired,56061.76,585,0.365,2018-03-09
CUST-00884,Customer_884,63,F,North,Employed,30478.48,631,0.52,2019-08-19
CUST-00885,Customer_885,50,M,North,Unemployed,44362.4,850,0.252,2018-02-04
CUST-00886,Customer_886,49,F,North,Employed,28004.61,523,0.068,2017-08-21
CUST-00887,Customer_887,56,F,Central,Employed,117643.79,654,0.095,2021-03-24
CUST-00888,Customer_888,44,F,South,Retired,41797.65,650,0.209,2018-10-25
CUST-00889,Customer_889,57,F,West,Self-Employed,34925.26,539,0.363,2021-12-11
CUST-00890,Customer_890,29,F,South,Self-Employed,86661.19,549,0.064,2018-05-09
CUST-00891,Customer_891,18,M,West,Employed,49368.7,664,0.313,2019-01-22
CUST-00892,Customer_892,37,F,South,Employed,25231.95,782,0.23,2022-11-29
CUST-00893,Customer_893,40,F,Central,Employed,107267.3,604,0.615,2019-07-18
CUST-00894,Customer_894,40,F,Central,Employed,79075.19,677,0.451,2019-10-01
CUST-00895,Customer_895,51,M,West,Employed,21367.09,743,0.154,2018-09-28
CUST-00896,Customer_896,29,M,South,Employed,22838.26,607,0.397,2021-02-16
CUST-00897,Customer_897,56,M,North,Unemployed,74742.27,597,0.216,2019-03-01
CUST-00898,Customer_898,35,F,West,Employed,150300.67,724,0.691,2021-09-29
CUST-00899,Customer_899,26,M,North,Employed,91516.17,685,0.077,2018-07-05
CUST-00900,Customer_900,50,M,North,Employed,23939.38,550,0.335,2020-06-18
CUST-00901,Customer_901,33,F,South,Retired,93458.89,732,0.28,2020-02-27
CUST-00902,Customer_902,30,F,East,Employed,38295.97,850,0.493,2022-05-09
CUST-00903,Customer_903,52,F,Central,Self-Employed,117374.01,715,0.241,2019-01-25
CUST-00904,Customer_904,37,M,South,Employed,76560.76,627,0.478,2018-06-10
CUST-00905,Customer_905,30,M,East,Employed,146208.82,850,0.357,2021-06-16
CUST-00906,Customer_906,62,M,North,Employed,76055.42,649,0.363,2017-12-10
CUST-00907,Customer_907,30,F,South,Self-Employed,79645.13,762,0.466,2019-11-08
CUST-00908,Customer_908,48,M,East,Self-Employed,32443.5,628,0.228,2019-06-25
CUST-00909,Customer_909,38,F,North,Employed,25031.89,787,0.134,2019-04-04
CUST-00910,Customer_910,39,M,Central,Retired,77921.07,607,0.586,2022-01-15
CUST-00911,Customer_911,44,M,North,Employed,74576.11,850,0.287,2021-11-08
CUST-00912,Customer_912,38,F,Central,Self-Employed,20311.54,632,0.125,2018-10-30
CUST-00913,Customer_913,24,F,East,Employed,62201.56,762,0.077,2022-05-20
CUST-00914,Customer_914,50,M,West,Self-Employed,101189.15,794,0.649,2018-03-18
CUST-00915,Customer_915,42,F,South,Employed,139118.36,563,0.148,2022-11-25
CUST-00916,Customer_916,46,F,North,Employed,72234.19,820,0.239,2019-03-18
CUST-00917,Customer_917,42,F,South,Employed,89084.96,652,0.549,2021-10-05
CUST-00918,Customer_918,51,M,East,Retired,96466.69,640,0.598,2020-04-07
CUST-00919,Customer_919,62,M,East,Unemployed,39185.01,569,0.145,2020-04-12
CUST-00920,Customer_920,57,F,East,Employed,140329.94,713,0.476,2019-11-14
CUST-00921,Customer_921,38,F,South,Employed,25558.09,708,0.274,2020-10-12
CUST-00922,Customer_922,44,F,South,Employed,54748.92,606,0.261,2021-06-11
CUST-00923,Customer_923,44,F,West,Employed,40338.61,632,0.301,2018-03-24
CUST-00924,Customer_924,33,F,Central,Employed,216599.49,607,0.483,2018-09-14
CUST-00925,Customer_925,47,M,North,Self-Employed,37043.79,666,0.241,2018-05-22
CUST-00926,Customer_926,52,F,Central,Employed,56220.69,698,0.193,2022-07-31
CUST-00927,Customer_927,56,F,Central,Employed,136482.78,611,0.121,2019-12-02
CUST-00928,Customer_928,63,F,Central,Retired,38514.51,581,0.543,2020-04-01
CUST-00929,Customer_929,36,F,North,Employed,58380.61,683,0.29,2018-02-18
CUST-00930,Customer_930,68,M,Central,Self-Employed,169516.49,605,0.287,2020-01-09
CUST-00931,Customer_931,50,M,North,Retired,76624.11,670,0.362,2020-05-27
CUST-00932,Customer_932,43,M,South,Retired,64788.58,763,0.277,2018-05-22
CUST-00933,Customer_933,55,M,South,Employed,55011.71,670,0.553,2022-06-25
CUST-00934,Customer_934,37,F,South,Retired,54920.19,576,0.444,2019-05-28
CUST-00935,Customer_935,21,M,Central,Employed,175273.79,679,0.141,2017-10-24
CUST-00936,Customer_936,46,M,North,Employed,108624.25,588,0.157,2020-09-10
CUST-00937,Customer_937,24,F,East,Employed,46068.99,658,0.439,2017-10-11
CUST-00938,Customer_938,54,M,Central,Self-Employed,44190.11,586,0.432,2018-07-16
CUST-00939,Customer_939,37,F,North,Employed,64283.17,679,0.267,2022-02-02
CUST-00940,Customer_940,48,M,North,Self-Employed,36626.33,537,0.463,2022-05-10
CUST-00941,Customer_941,56,F,Central,Retired,58820.62,677,0.552,2017-12-31
CUST-00942,Customer_942,53,F,East,Employed,94478.55,628,0.401,2020-03-13
CUST-00943,Customer_943,39,F,North,Employed,102043.36,628,0.254,2020-08-29
CUST-00944,Customer_944,28,M,Central,Self-Employed,53152.07,600,0.407,2019-01-12
CUST-00945,Customer_945,34,F,North,Employed,78730.32,733,0.567,2017-12-28
CUST-00946,Customer_946,31,F,South,Employed,255463.54,712,0.551,2020-04-03
CUST-00947,Customer_947,29,F,East,Employed,49899.0,812,0.413,2018-05-03
CUST-00948,Customer_948,34,F,East,Employed,62338.54,772,0.403,2020-03-01
CUST-00949,Customer_949,37,M,South,Employed,90039.37,676,0.172,2018-10-01
CUST-00950,Customer_950,36,F,East,Employed,30789.86,690,0.315,2020-08-01
CUST-00951,Customer_951,34,M,South,Employed,42664.44,591,0.349,2017-10-19
CUST-00952,Customer_952,49,F,West,Unemployed,79067.47,724,0.118,2018-01-21
CUST-00953,Customer_953,37,F,North,Employed,43382.61,665,0.11,2022-01-11
CUST-00954,Customer_954,35,M,East,Self-Employed,20516.03,773,0.148,2020-08-28
CUST-00955,Customer_955,39,M,Central,Retired,116619.42,573,0.423,2022-10-04
CUST-00956,Customer_956,60,M,South,Retired,101368.5,675,0.494,2021-10-17
CUST-00957,Customer_957,36,M,South,Employed,27529.15,638,0.472,2022-08-21
CUST-00958,Customer_958,55,F,South,Employed,46920.27,659,0.292,2018-04-21
CUST-00959,Customer_959,43,F,Central,Employed,58406.5,601,0.22,2017-09-29
CUST-00960,Customer_960,49,M,North,Employed,31469.86,620,0.772,2020-03-06
CUST-00961,Customer_961,18,F,South,Retired,52606.73,850,0.062,2020-04-05
CUST-00962,Customer_962,35,F,East,Employed,45164.93,746,0.337,2017-11-27
CUST-00963,Customer_963,32,F,North,Employed,47346.95,661,0.254,2020-10-02
CUST-00964,Customer_964,43,M,South,Unemployed,54479.49,783,0.363,2018-07-19
CUST-00965,Customer_965,66,M,South,Self-Employed,27142.98,638,0.45,2019-02-14
CUST-00966,Customer_966,47,M,East,Self-Employed,95166.44,752,0.519,2020-01-16
CUST-00967,Customer_967,34,M,North,Employed,41458.66,637,0.076,2022-03-07
CUST-00968,Customer_968,26,M,Central,Unemployed,99474.57,751,0.222,2021-08-31
CUST-00969,Customer_969,45,F,Central,Unemployed,55063.16,627,0.274,2021-03-17
CUST-00970,Customer_970,53,F,West,Retired,126314.31,729,0.253,2018-02-22
CUST-00971,Customer_971,39,F,West,Employed,67864.74,536,0.506,2020-04-21
CUST-00972,Customer_972,39,F,Central,Unemployed,34231.84,475,0.253,2020-09-10
CUST-00973,Customer_973,38,M,North,Employed,79581.39,640,0.197,2019-03-17
CUST-00974,Customer_974,30,F,Central,Self-Employed,38948.06,645,0.52,2019-07-04
CUST-00975,Customer_975,46,F,East,Self-Employed,24365.38,591,0.377,2020-03-21
CUST-00976,Customer_976,49,M,East,Retired,23741.17,744,0.439,2019-05-01
CUST-00977,Customer_977,51,F,East,Employed,55057.04,653,0.303,2018-12-07
CUST-00978,Customer_978,18,F,South,Employed,103397.28,850,0.266,2018-08-18
CUST-00979,Customer_979,31,M,North,Unemployed,51207.46,752,0.048,2018-06-03
CUST-00980,Customer_980,24,F,East,Self-Employed,64005.87,811,0.274,2018-11-16
CUST-00981,Customer_981,31,M,West,Retired,80553.04,795,0.481,2021-06-19
CUST-00982,Customer_982,21,F,West,Employed,36065.46,585,0.309,2022-09-21
CUST-00983,Customer_983,38,M,East,Self-Employed,61520.68,703,0.484,2021-09-03
CUST-00984,Customer_984,57,F,East,Employed,25116.29,591,0.484,2018-03-07
CUST-00985,Customer_985,33,M,Central,Employed,62167.82,838,0.159,2022-05-17
CUST-00986,Customer_986,52,F,South,Self-Employed,22989.61,667,0.482,2018-11-08
CUST-00987,Customer_987,32,M,East,Self-Employed,46769.7,703,0.481,2021-09-03
CUST-00988,Customer_988,39,F,South,Self-Employed,62160.04,728,0.515,2021-03-14
CUST-00989,Customer_989,50,F,East,Employed,44761.01,640,0.382,2019-08-21
CUST-00990,Customer_990,23,F,West,Unemployed,141715.96,751,0.259,2020-04-13
CUST-00991,Customer_991,55,M,Central,Self-Employed,34929.56,743,0.222,2019-06-10
CUST-00992,Customer_992,61,M,West,Retired,52442.45,794,0.409,2020-02-12
CUST-00993,Customer_993,59,M,West,Employed,20000.0,586,0.349,2020-08-08
CUST-00994,Customer_994,48,M,South,Employed,58743.39,750,0.223,2021-10-18
CUST-00995,Customer_995,36,F,West,Retired,28007.06,704,0.233,2017-11-30
CUST-00996,Customer_996,46,F,South,Employed,47814.39,652,0.143,2018-11-28
CUST-00997,Customer_997,43,M,North,Employed,79576.69,799,0.121,2019-05-20
CUST-00998,Customer_998,28,M,East,Self-Employed,48374.64,721,0.214,2022-11-23
CUST-00999,Customer_999,42,F,East,Employed,46808.57,743,0.384,2018-08-01
CUST-01000,Customer_1000,44,M,Central,Unemployed,38770.17,767,0.573,2020-03-05
CUST-01001,Customer_1001,68,M,South,Self-Employed,59832.4,739,0.272,2019-05-15
CUST-01002,Customer_1002,42,F,West,Employed,24529.8,602,0.473,2020-03-30
CUST-01003,Customer_1003,46,F,North,Employed,133317.52,631,0.481,2021-10-20
CUST-01004,Customer_1004,33,F,North,Retired,48225.33,616,0.241,2018-09-04
CUST-01005,Customer_1005,37,M,North,Self-Employed,58523.9,586,0.498,2019-05-29
CUST-01006,Customer_1006,28,M,South,Self-Employed,81153.51,600,0.453,2020-12-27
CUST-01007,Customer_1007,33,F,South,Employed,72097.26,635,0.524,2020-02-06
CUST-01008,Customer_1008,30,F,South,Employed,56318.29,711,0.515,2022-08-31
CUST-01009,Customer_1009,52,F,East,Employed,20000.0,620,0.179,2020-01-02
CUST-01010,Customer_1010,40,F,West,Retired,68355.84,625,0.358,2022-03-03
CUST-01011,Customer_1011,53,F,West,Employed,91795.19,687,0.16,2021-11-12
CUST-01012,Customer_1012,36,M,West,Employed,88729.34,680,0.305,2021-08-30
CUST-01013,Customer_1013,20,M,South,Self-Employed,40850.24,727,0.164,2019-08-13
CUST-01014,Customer_1014,44,M,North,Employed,79728.25,587,0.346,2019-04-10
CUST-01015,Customer_1015,56,M,West,Retired,55228.29,485,0.081,2021-06-27
CUST-01016,Customer_1016,18,M,Central,Retired,133818.55,658,0.329,2019-03-18
CUST-01017,Customer_1017,59,M,North,Employed,70025.52,508,0.393,2022-04-09
CUST-01018,Customer_1018,54,F,West,Employed,156298.22,762,0.295,2019-11-08
CUST-01019,Customer_1019,36,F,West,Self-Employed,115663.73,612,0.261,2021-10-08
CUST-01020,Customer_1020,33,M,East,Employed,150967.65,605,0.417,2022-05-10
CUST-01021,Customer_1021,51,F,Central,Self-Employed,71865.76,850,0.181,2022-02-25
CUST-01022,Customer_1022,53,F,North,Employed,25275.9,550,0.254,2019-06-16
CUST-01023,Customer_1023,30,M,East,Employed,79619.99,639,0.254,2022-04-29
CUST-01024,Customer_1024,45,F,South,Self-Employed,20581.29,470,0.319,2018-07-23
CUST-01025,Customer_1025,51,F,Central,Retired,53771.03,711,0.516,2020-11-29
CUST-01026,Customer_1026,18,F,East,Employed,148422.04,628,0.309,2019-11-06
CUST-01027,Customer_1027,28,F,South,Self-Employed,94102.17,763,0.392,2020-03-23
CUST-01028,Customer_1028,37,F,South,Employed,115967.17,685,0.354,2019-02-26
CUST-01029,Customer_1029,53,M,North,Unemployed,32122.69,586,0.63,2019-03-03
CUST-01030,Customer_1030,33,F,South,Retired,53631.36,810,0.372,2018-07-20
CUST-01031,Customer_1031,30,M,North,Retired,36359.23,473,0.52,2019-04-23
CUST-01032,Customer_1032,36,M,West,Retired,48698.4,567,0.567,2021-04-05
CUST-01033,Customer_1033,24,F,West,Employed,66051.57,508,0.042,2018-05-12
CUST-01034,Customer_1034,40,M,North,Unemployed,37147.16,735,0.498,2020-11-25
CUST-01035,Customer_1035,24,F,West,Self-Employed,59470.51,669,0.229,2022-05-22
CUST-01036,Customer_1036,63,M,North,Unemployed,74034.28,579,0.682,2019-03-15
CUST-01037,Customer_1037,34,M,East,Employed,43880.12,850,0.195,2020-06-19
CUST-01038,Customer_1038,38,F,North,Employed,62983.64,727,0.276,2020-12-31
CUST-01039,Customer_1039,32,M,North,Employed,151953.39,687,0.208,2017-07-11
CUST-01040,Customer_1040,53,F,East,Unemployed,30113.96,770,0.158,2019-01-20
CUST-01041,Customer_1041,45,F,West,Self-Employed,20106.57,680,0.159,2018-06-14
CUST-01042,Customer_1042,33,M,North,Employed,140922.51,630,0.124,2018-11-06
CUST-01043,Customer_1043,33,M,South,Employed,20000.0,605,0.29,2017-10-23
CUST-01044,Customer_1044,62,F,Central,Self-Employed,140067.64,540,0.052,2021-11-26
CUST-01045,Customer_1045,84,F,East,Self-Employed,67974.2,609,0.3,2018-01-31
CUST-01046,Customer_1046,37,M,West,Retired,80643.56,587,0.162,2022-04-15
CUST-01047,Customer_1047,42,F,West,Employed,82015.96,738,0.386,2021-06-15
CUST-01048,Customer_1048,46,F,North,Self-Employed,24144.1,738,0.375,2019-02-13
CUST-01049,Customer_1049,55,M,East,Employed,47246.93,757,0.261,2019-01-23
CUST-01050,Customer_1050,37,M,West,Self-Employed,67972.73,749,0.318,2021-07-11
CUST-01051,Customer_1051,33,F,East,Self-Employed,33909.32,660,0.166,2019-04-29
CUST-01052,Customer_1052,40,F,South,Unemployed,23558.0,659,0.533,2019-10-16
CUST-01053,Customer_1053,26,M,North,Self-Employed,121860.17,569,0.265,2022-01-15
CUST-01054,Customer_1054,34,F,West,Unemployed,52413.88,775,0.254,2022-07-02
CUST-01055,Customer_1055,33,F,East,Employed,144184.39,626,0.416,2021-05-12
CUST-01056,Customer_1056,51,M,Central,Employed,65178.79,693,0.194,2019-04-25
CUST-01057,Customer_1057,37,F,West,Unemployed,67950.22,696,0.108,2022-06-24
CUST-01058,Customer_1058,36,F,West,Unemployed,58886.14,668,0.391,2020-05-29
CUST-01059,Customer_1059,55,M,West,Employed,70603.33,708,0.119,2022-04-03
CUST-01060,Customer_1060,49,F,North,Employed,52621.45,720,0.22,2020-08-10
CUST-01061,Customer_1061,33,M,Central,Employed,75047.06,560,0.25,2018-04-16
CUST-01062,Customer_1062,55,M,Central,Retired,100361.85,588,0.396,2019-05-07
CUST-01063,Customer_1063,35,F,Central,Self-Employed,51346.69,684,0.344,2019-04-02
CUST-01064,Customer_1064,40,F,East,Employed,80019.08,689,0.201,2022-08-13
CUST-01065,Customer_1065,58,M,West,Employed,96639.91,850,0.347,2018-08-14
CUST-01066,Customer_1066,68,F,East,Self-Employed,20000.0,665,0.563,2022-04-13
CUST-01067,Customer_1067,42,M,South,Employed,49878.9,713,0.377,2020-12-05
CUST-01068,Customer_1068,41,F,Central,Employed,68813.46,629,0.142,2018-12-26
CUST-01069,Customer_1069,56,M,North,Retired,52381.41,762,0.504,2020-02-28
CUST-01070,Customer_1070,39,M,West,Employed,76082.48,716,0.337,2019-06-30
CUST-01071,Customer_1071,23,M,South,Employed,20952.62,754,0.651,2018-02-21
CUST-01072,Customer_1072,36,F,South,Employed,86725.22,434,0.291,2018-07-16
CUST-01073,Customer_1073,50,M,East,Employed,78209.29,829,0.086,2020-08-06
CUST-01074,Customer_1074,18,M,Central,Employed,83824.69,763,0.427,2017-12-02
CUST-01075,Customer_1075,57,F,West,Self-Employed,51896.61,687,0.109,2017-07-23
CUST-01076,Customer_1076,23,M,West,Employed,80356.95,631,0.155,2018-10-17
CUST-01077,Customer_1077,19,M,Central,Retired,158440.68,702,0.7,2018-03-21
CUST-01078,Customer_1078,41,F,Central,Unemployed,267699.88,535,0.433,2017-10-25
CUST-01079,Customer_1079,40,M,Central,Employed,29974.1,764,0.221,2018-05-08
CUST-01080,Customer_1080,55,M,North,Employed,20000.0,516,0.128,2019-07-22
CUST-01081,Customer_1081,36,F,Central,Retired,43811.23,713,0.317,2020-07-28
CUST-01082,Customer_1082,38,M,East,Employed,24129.08,677,0.259,2020-12-30
CUST-01083,Customer_1083,49,F,West,Unemployed,43949.08,690,0.656,2022-02-23
CUST-01084,Customer_1084,33,F,Central,Self-Employed,40872.09,721,0.837,2018-09-22
CUST-01085,Customer_1085,46,F,Central,Unemployed,45441.99,685,0.149,2018-12-06
CUST-01086,Customer_1086,51,M,South,Employed,88066.38,755,0.498,2018-11-30
CUST-01087,Customer_1087,18,F,East,Retired,39040.58,789,0.389,2022-03-06
CUST-01088,Customer_1088,27,M,Central,Employed,178769.23,683,0.14,2019-05-08
CUST-01089,Customer_1089,42,F,North,Unemployed,114984.61,514,0.156,2019-10-08
CUST-01090,Customer_1090,32,F,Central,Self-Employed,46861.25,633,0.405,2019-03-07
CUST-01091,Customer_1091,50,F,Central,Employed,20137.04,645,0.117,2018-03-03
CUST-01092,Customer_1092,36,F,North,Employed,76694.52,675,0.736,2022-10-12
CUST-01093,Customer_1093,51,F,South,Employed,37642.17,528,0.188,2022-08-09
CUST-01094,Customer_1094,49,M,East,Unemployed,220152.97,651,0.167,2022-01-07
CUST-01095,Customer_1095,34,F,East,Employed,140837.1,584,0.044,2022-07-28
CUST-01096,Customer_1096,66,F,South,Unemployed,59478.85,584,0.314,2022-09-27
CUST-01097,Customer_1097,29,F,West,Employed,151471.3,707,0.38,2018-01-20
CUST-01098,Customer_1098,40,M,Central,Employed,51980.36,709,0.273,2020-01-21
CUST-01099,Customer_1099,31,F,North,Retired,42034.63,747,0.227,2020-09-30
CUST-01100,Customer_1100,41,F,East,Retired,72038.27,618,0.368,2022-08-14
CUST-01101,Customer_1101,50,M,East,Employed,162897.18,677,0.335,2018-01-18
CUST-01102,Customer_1102,41,F,South,Retired,178260.01,686,0.252,2018-12-20
CUST-01103,Customer_1103,40,F,Central,Employed,41725.04,763,0.251,2019-07-16
CUST-01104,Customer_1104,71,M,South,Employed,98491.85,664,0.604,2021-12-04
CUST-01105,Customer_1105,41,M,South,Retired,91444.07,615,0.512,2018-10-19
CUST-01106,Customer_1106,30,M,West,Employed,119054.99,589,0.363,2021-05-10
CUST-01107,Customer_1107,18,F,South,Employed,42068.31,628,0.303,2018-03-06
CUST-01108,Customer_1108,50,F,North,Employed,40395.27,785,0.268,2018-12-10
CUST-01109,Customer_1109,47,M,North,Employed,20000.0,776,0.524,2021-02-10
CUST-01110,Customer_1110,40,M,Central,Unemployed,46740.24,616,0.611,2021-03-26
CUST-01111,Customer_1111,30,F,Central,Self-Employed,118644.34,716,0.093,2022-07-06
CUST-01112,Customer_1112,32,F,Central,Employed,46606.4,707,0.316,2021-11-21
CUST-01113,Customer_1113,25,M,Central,Employed,46142.74,850,0.358,2019-11-16
CUST-01114,Customer_1114,43,F,North,Employed,68390.63,712,0.536,2017-12-19
CUST-01115,Customer_1115,34,M,East,Employed,75099.87,761,0.312,2021-04-10
CUST-01116,Customer_1116,32,M,Central,Employed,36488.53,812,0.179,2019-10-10
CUST-01117,Customer_1117,57,M,North,Self-Employed,96301.43,712,0.433,2020-06-03
CUST-01118,Customer_1118,38,M,Central,Retired,39425.96,744,0.537,2021-07-21
CUST-01119,Customer_1119,62,M,East,Employed,46251.97,569,0.126,2018-06-16
CUST-01120,Customer_1120,36,M,West,Employed,77291.42,739,0.359,2018-11-11
CUST-01121,Customer_1121,38,F,North,Retired,38646.29,662,0.311,2018-04-24
CUST-01122,Customer_1122,47,F,Central,Unemployed,76231.69,759,0.49,2020-06-03
CUST-01123,Customer_1123,42,F,North,Employed,21814.43,809,0.221,2019-04-08
CUST-01124,Customer_1124,46,M,East,Employed,56363.37,668,0.116,2017-08-09
CUST-01125,Customer_1125,19,M,South,Retired,114576.01,779,0.361,2018-08-02
CUST-01126,Customer_1126,21,M,North,Employed,92052.57,602,0.34,2019-05-23
CUST-01127,Customer_1127,28,M,West,Unemployed,105456.02,523,0.58,2021-10-07
CUST-01128,Customer_1128,36,F,North,Self-Employed,61196.34,556,0.498,2022-01-22
CUST-01129,Customer_1129,32,M,West,Self-Employed,57995.45,548,0.328,2022-09-16
CUST-01130,Customer_1130,42,M,North,Employed,22486.17,820,0.488,2018-06-20
CUST-01131,Customer_1131,36,F,Central,Employed,77764.03,589,0.356,2018-04-25
CUST-01132,Customer_1132,30,M,East,Employed,42649.62,563,0.232,2020-05-23
CUST-01133,Customer_1133,27,F,West,Employed,31779.46,850,0.172,2020-09-26
CUST-01134,Customer_1134,38,M,Central,Employed,100858.98,657,0.092,2018-11-18
CUST-01135,Customer_1135,40,M,Central,Employed,155076.99,482,0.279,2018-03-01
CUST-01136,Customer_1136,46,M,East,Retired,44031.58,656,0.332,2022-04-29
CUST-01137,Customer_1137,45,F,East,Self-Employed,93406.3,661,0.216,2021-05-05
CUST-01138,Customer_1138,37,F,West,Employed,45077.38,850,0.168,2019-03-20
CUST-01139,Customer_1139,43,M,West,Employed,54084.23,743,0.199,2021-09-08
CUST-01140,Customer_1140,43,M,West,Unemployed,30619.5,612,0.469,2018-02-27
CUST-01141,Customer_1141,47,F,South,Employed,68265.23,845,0.159,2017-12-12
CUST-01142,Customer_1142,35,F,North,Self-Employed,67579.68,772,0.219,2019-10-23
CUST-01143,Customer_1143,37,M,North,Employed,182536.75,604,0.126,2019-09-17
CUST-01144,Customer_1144,18,F,Central,Employed,48521.45,682,0.184,2022-06-11
CUST-01145,Customer_1145,58,F,South,Self-Employed,172968.4,689,0.452,2017-11-08
CUST-01146,Customer_1146,18,F,South,Employed,85008.82,788,0.07,2019-04-20
CUST-01147,Customer_1147,41,M,South,Employed,55428.23,637,0.61,2019-06-18
CUST-01148,Customer_1148,33,F,South,Employed,36587.05,582,0.379,2019-02-27
CUST-01149,Customer_1149,27,M,Central,Employed,61597.0,817,0.442,2019-11-03
CUST-01150,Customer_1150,41,M,East,Self-Employed,20000.0,575,0.139,2021-07-07
CUST-01151,Customer_1151,50,M,South,Self-Employed,26914.24,682,0.339,2020-03-10
CUST-01152,Customer_1152,47,F,East,Employed,93365.33,695,0.439,2019-03-31
CUST-01153,Customer_1153,40,M,North,Employed,41329.97,814,0.674,2022-07-13
CUST-01154,Customer_1154,28,M,East,Employed,49022.8,627,0.472,2021-01-29
CUST-01155,Customer_1155,34,F,Central,Employed,58442.4,654,0.36,2019-09-29
CUST-01156,Customer_1156,38,F,East,Retired,35420.59,783,0.583,2021-12-22
CUST-01157,Customer_1157,46,M,East,Employed,45621.39,625,0.53,2021-09-05
CUST-01158,Customer_1158,48,F,East,Unemployed,31911.43,707,0.389,2022-03-02
CUST-01159,Customer_1159,31,F,West,Employed,88572.49,597,0.176,2020-11-28
CUST-01160,Customer_1160,37,F,West,Self-Employed,32316.7,739,0.613,2021-12-08
CUST-01161,Customer_1161,43,M,East,Unemployed,67529.55,801,0.109,2022-02-19
CUST-01162,Customer_1162,18,M,East,Self-Employed,31273.93,663,0.4,2019-05-29
CUST-01163,Customer_1163,31,M,North,Retired,81966.61,741,0.534,2018-02-27
CUST-01164,Customer_1164,18,M,Central,Self-Employed,41139.7,565,0.451,2018-08-10
CUST-01165,Customer_1165,33,M,North,Self-Employed,26240.85,684,0.252,2019-11-15
CUST-01166,Customer_1166,63,F,South,Employed,50312.83,627,0.437,2021-09-01
CUST-01167,Customer_1167,48,F,South,Employed,53575.34,833,0.337,2020-01-22
CUST-01168,Customer_1168,28,M,West,Employed,97544.14,776,0.505,2022-11-11
CUST-01169,Customer_1169,38,M,Central,Self-Employed,40082.76,748,0.258,2018-09-04
CUST-01170,Customer_1170,51,M,West,Employed,64446.07,736,0.199,2019-09-30
CUST-01171,Customer_1171,56,M,West,Retired,126644.06,652,0.137,2022-09-11
CUST-01172,Customer_1172,57,M,West,Employed,73493.81,699,0.505,2021-06-09
CUST-01173,Customer_1173,37,F,South,Employed,59933.28,695,0.096,2021-10-05
CUST-01174,Customer_1174,21,F,West,Employed,67205.11,740,0.437,2020-05-15
CUST-01175,Customer_1175,46,M,North,Retired,38351.94,812,0.482,2021-02-07
CUST-01176,Customer_1176,43,M,Central,Self-Employed,93481.14,619,0.313,2021-05-21
CUST-01177,Customer_1177,25,F,Central,Employed,29320.52,803,0.424,2021-12-11
CUST-01178,Customer_1178,24,F,West,Employed,250034.1,529,0.304,2019-04-04
CUST-01179,Customer_1179,38,M,Central,Employed,76441.41,758,0.482,2017-10-31
CUST-01180,Customer_1180,46,M,Central,Employed,48418.53,776,0.322,2018-05-04
CUST-01181,Customer_1181,34,F,West,Unemployed,38065.46,681,0.059,2017-12-12
CUST-01182,Customer_1182,51,M,Central,Retired,61122.65,739,0.627,2020-06-15
CUST-01183,Customer_1183,38,M,South,Employed,44263.89,609,0.091,2019-04-25
CUST-01184,Customer_1184,59,F,South,Employed,38090.32,495,0.463,2022-01-14
CUST-01185,Customer_1185,39,F,Central,Self-Employed,89019.95,713,0.203,2022-04-04
CUST-01186,Customer_1186,53,M,West,Unemployed,99905.6,711,0.244,2018-11-18
CUST-01187,Customer_1187,39,M,West,Self-Employed,93946.45,695,0.514,2020-03-26
CUST-01188,Customer_1188,30,M,Central,Employed,200081.78,533,0.143,2018-04-01
CUST-01189,Customer_1189,59,F,North,Employed,56124.11,606,0.317,2022-03-16
CUST-01190,Customer_1190,41,M,South,Self-Employed,34878.7,755,0.494,2022-09-13
CUST-01191,Customer_1191,31,M,North,Employed,62820.13,526,0.792,2017-09-30
CUST-01192,Customer_1192,33,M,Central,Retired,45189.87,799,0.316,2019-07-24
CUST-01193,Customer_1193,50,M,East,Retired,42950.68,850,0.095,2021-09-15
CUST-01194,Customer_1194,45,F,Central,Retired,46367.18,676,0.14,2018-01-21
CUST-01195,Customer_1195,41,F,South,Employed,27483.08,802,0.075,2020-08-13
CUST-01196,Customer_1196,19,M,Central,Unemployed,84651.72,666,0.368,2021-11-25
CUST-01197,Customer_1197,40,F,South,Self-Employed,55682.0,736,0.371,2020-12-31
CUST-01198,Customer_1198,35,F,Central,Self-Employed,224890.14,797,0.381,2021-08-19
CUST-01199,Customer_1199,48,F,West,Employed,61209.98,496,0.286,2022-10-30
CUST-01200,Customer_1200,45,M,Central,Unemployed,91324.52,711,0.463,2020-02-04
CUST-01201,Customer_1201,49,F,South,Self-Employed,48466.16,639,0.493,2021-12-04
CUST-01202,Customer_1202,52,F,Central,Self-Employed,56993.06,747,0.02,2017-12-31
CUST-01203,Customer_1203,38,M,North,Employed,32223.93,608,0.384,2022-03-11
CUST-01204,Customer_1204,57,M,West,Employed,110621.96,687,0.716,2020-11-04
CUST-01205,Customer_1205,53,M,Central,Employed,37298.16,626,0.229,2017-08-29
CUST-01206,Customer_1206,65,F,West,Employed,89027.71,638,0.386,2018-05-30
CUST-01207,Customer_1207,61,M,West,Employed,40480.92,622,0.374,2020-03-30
CUST-01208,Customer_1208,58,M,North,Employed,22739.43,600,0.425,2018-01-02
CUST-01209,Customer_1209,45,F,East,Employed,119984.71,594,0.291,2018-12-11
CUST-01210,Customer_1210,35,M,Central,Employed,40010.79,602,0.292,2020-01-03
CUST-01211,Customer_1211,31,M,West,Self-Employed,77076.14,658,0.248,2019-01-24
CUST-01212,Customer_1212,45,F,West,Employed,109378.79,739,0.121,2022-01-20
CUST-01213,Customer_1213,31,F,Central,Employed,45877.0,689,0.44,2018-02-16
CUST-01214,Customer_1214,50,F,Central,Employed,86466.93,788,0.357,2021-05-17
CUST-01215,Customer_1215,47,F,South,Employed,27098.37,645,0.386,2018-07-11
CUST-01216,Customer_1216,35,F,South,Employed,216893.79,752,0.52,2019-10-23
CUST-01217,Customer_1217,30,F,East,Retired,119452.18,431,0.461,2019-09-06
CUST-01218,Customer_1218,65,F,West,Self-Employed,32637.33,767,0.68,2018-02-15
CUST-01219,Customer_1219,25,M,South,Employed,115734.24,683,0.301,2018-12-31
CUST-01220,Customer_1220,38,M,North,Employed,73411.0,700,0.442,2020-09-03
CUST-01221,Customer_1221,33,F,Central,Self-Employed,44700.75,604,0.226,2019-01-31
CUST-01222,Customer_1222,44,M,South,Employed,61922.53,614,0.257,2019-05-10
CUST-01223,Customer_1223,43,M,North,Unemployed,76055.25,512,0.428,2020-04-11
CUST-01224,Customer_1224,63,F,North,Employed,74577.8,631,0.679,2021-09-04
CUST-01225,Customer_1225,43,F,North,Self-Employed,130788.93,673,0.472,2018-11-10
CUST-01226,Customer_1226,46,F,West,Self-Employed,23169.01,673,0.1,2019-12-31
CUST-01227,Customer_1227,35,F,Central,Employed,86097.14,671,0.34,2018-08-01
CUST-01228,Customer_1228,44,M,West,Employed,43754.98,788,0.794,2021-10-15
CUST-01229,Customer_1229,33,F,South,Employed,20000.0,603,0.375,2019-07-24
CUST-01230,Customer_1230,69,M,Central,Employed,48821.15,644,0.696,2022-09-20
CUST-01231,Customer_1231,26,F,South,Self-Employed,54454.85,600,0.448,2022-01-14
CUST-01232,Customer_1232,39,M,East,Unemployed,182349.04,646,0.224,2020-12-09
CUST-01233,Customer_1233,30,F,West,Self-Employed,69816.36,668,0.355,2020-01-07
CUST-01234,Customer_1234,50,M,North,Retired,34939.54,705,0.175,2019-11-03
CUST-01235,Customer_1235,33,F,Central,Retired,58212.09,542,0.307,2020-12-20
CUST-01236,Customer_1236,31,F,East,Employed,79336.38,623,0.337,2021-10-30
CUST-01237,Customer_1237,37,F,West,Self-Employed,32537.58,703,0.368,2021-06-16
CUST-01238,Customer_1238,42,M,West,Employed,92357.94,850,0.332,2019-10-15
CUST-01239,Customer_1239,40,M,Central,Employed,38387.85,662,0.41,2017-08-11
CUST-01240,Customer_1240,55,M,Central,Retired,47093.42,798,0.075,2018-01-03
CUST-01241,Customer_1241,38,F,West,Retired,63241.06,684,0.138,2019-10-06
CUST-01242,Customer_1242,50,F,South,Unemployed,85811.27,593,0.45,2017-07-13
CUST-01243,Customer_1243,43,F,West,Retired,189801.17,738,0.22,2018-02-01
CUST-01244,Customer_1244,42,M,West,Employed,201672.28,568,0.355,2022-07-17
CUST-01245,Customer_1245,36,F,South,Self-Employed,46156.04,620,0.408,2021-08-19
CUST-01246,Customer_1246,33,F,West,Retired,90038.7,712,0.349,2020-01-10
CUST-01247,Customer_1247,44,M,East,Employed,28951.76,707,0.73,2022-05-26
CUST-01248,Customer_1248,36,F,East,Employed,99032.95,662,0.402,2017-09-12
CUST-01249,Customer_1249,68,M,West,Employed,27898.25,604,0.011,2021-09-11
CUST-01250,Customer_1250,49,F,South,Retired,75872.69,617,0.508,2019-02-02
CUST-01251,Customer_1251,41,M,West,Self-Employed,24352.18,660,0.299,2021-08-09
CUST-01252,Customer_1252,47,M,East,Employed,60677.74,586,0.076,2021-10-13
CUST-01253,Customer_1253,59,M,Central,Employed,72247.84,720,0.459,2018-07-21
CUST-01254,Customer_1254,41,M,North,Retired,41927.64,569,0.278,2019-02-17
CUST-01255,Customer_1255,51,F,Central,Employed,65793.44,737,0.22,2018-02-11
CUST-01256,Customer_1256,45,M,West,Employed,34458.82,694,0.206,2021-02-25
CUST-01257,Customer_1257,55,F,Central,Unemployed,25945.3,486,0.557,2020-03-02
CUST-01258,Customer_1258,19,M,Central,Employed,84199.49,850,0.154,2021-09-04
CUST-01259,Customer_1259,68,M,North,Employed,70853.68,850,0.39,2020-07-19
CUST-01260,Customer_1260,47,F,Central,Employed,134226.08,696,0.292,2020-12-21
CUST-01261,Customer_1261,38,F,South,Employed,35226.52,680,0.446,2022-03-31
CUST-01262,Customer_1262,48,F,East,Self-Employed,56355.08,648,0.692,2022-11-08
CUST-01263,Customer_1263,26,M,West,Self-Employed,138009.47,730,0.179,2021-02-04
CUST-01264,Customer_1264,51,F,Central,Unemployed,77168.76,752,0.216,2021-11-14
CUST-01265,Customer_1265,46,F,South,Employed,89140.61,661,0.179,2017-07-18
CUST-01266,Customer_1266,58,F,East,Employed,241189.08,637,0.323,2020-07-17
CUST-01267,Customer_1267,45,M,West,Self-Employed,29839.7,842,0.456,2020-10-31
CUST-01268,Customer_1268,32,F,West,Employed,67246.96,559,0.243,2021-11-29
CUST-01269,Customer_1269,45,M,Central,Self-Employed,82789.79,580,0.316,2018-05-10
CUST-01270,Customer_1270,34,M,East,Unemployed,75121.83,580,0.116,2019-10-22
CUST-01271,Customer_1271,39,F,West,Employed,94363.19,549,0.411,2018-06-08
CUST-01272,Customer_1272,73,M,West,Unemployed,115171.78,610,0.379,2021-12-06
CUST-01273,Customer_1273,40,F,West,Employed,93548.16,759,0.601,2017-11-29
CUST-01274,Customer_1274,47,F,West,Employed,66181.64,714,0.302,2019-10-08
CUST-01275,Customer_1275,39,M,West,Employed,20000.0,834,0.065,2022-01-02
CUST-01276,Customer_1276,67,M,South,Unemployed,28891.31,758,0.179,2020-04-01
CUST-01277,Customer_1277,43,M,West,Self-Employed,76600.73,714,0.128,2021-06-18
CUST-01278,Customer_1278,36,F,East,Self-Employed,149228.62,648,0.112,2017-09-11
CUST-01279,Customer_1279,50,F,East,Employed,67368.71,669,0.579,2022-03-29
CUST-01280,Customer_1280,27,F,Central,Employed,53364.68,844,0.591,2019-09-10
CUST-01281,Customer_1281,45,M,East,Employed,69446.87,673,0.572,2019-02-23
CUST-01282,Customer_1282,46,F,West,Retired,86826.19,539,0.113,2020-10-13
CUST-01283,Customer_1283,28,F,West,Self-Employed,76106.13,738,0.066,2022-02-09
CUST-01284,Customer_1284,23,M,East,Employed,57418.97,643,0.242,2019-06-27
CUST-01285,Customer_1285,23,F,North,Employed,103669.59,703,0.209,2020-12-29
CUST-01286,Customer_1286,55,M,East,Employed,189352.88,597,0.322,2021-04-15
CUST-01287,Customer_1287,33,F,Central,Self-Employed,56666.26,689,0.631,2021-05-26
CUST-01288,Customer_1288,56,F,East,Self-Employed,159965.83,661,0.027,2020-01-01
CUST-01289,Customer_1289,38,F,West,Employed,42896.38,628,0.361,2018-02-17
CUST-01290,Customer_1290,52,M,South,Self-Employed,60036.07,778,0.571,2019-03-18
CUST-01291,Customer_1291,57,F,North,Employed,105714.36,638,0.312,2020-09-10
CUST-01292,Customer_1292,56,M,North,Employed,40691.02,660,0.295,2017-12-29
CUST-01293,Customer_1293,24,F,Central,Employed,153737.95,787,0.222,2018-08-07
CUST-01294,Customer_1294,53,F,Central,Unemployed,66346.61,599,0.493,2022-06-15
CUST-01295,Customer_1295,41,M,East,Self-Employed,74209.92,618,0.25,2022-06-13
CUST-01296,Customer_1296,23,F,East,Employed,64632.51,656,0.159,2018-10-14
CUST-01297,Customer_1297,42,F,West,Self-Employed,70819.29,755,0.493,2022-03-09
CUST-01298,Customer_1298,33,M,North,Employed,48242.09,709,0.777,2020-12-02
CUST-01299,Customer_1299,42,F,West,Employed,41482.92,765,0.507,2018-01-14
CUST-01300,Customer_1300,48,F,Central,Employed,64289.54,617,0.574,2017-08-08
CUST-01301,Customer_1301,47,M,Central,Self-Employed,119676.76,847,0.416,2019-05-20
CUST-01302,Customer_1302,30,F,Central,Self-Employed,63313.85,668,0.273,2019-12-05
CUST-01303,Customer_1303,22,F,East,Employed,50284.79,697,0.509,2021-08-24
CUST-01304,Customer_1304,57,M,West,Employed,25122.72,648,0.12,2020-08-10
CUST-01305,Customer_1305,47,F,South,Employed,111030.18,830,0.535,2022-12-02
CUST-01306,Customer_1306,28,M,East,Employed,82204.46,850,0.241,2019-12-03
CUST-01307,Customer_1307,61,M,West,Retired,80849.14,643,0.762,2020-03-30
CUST-01308,Customer_1308,27,F,North,Unemployed,44419.01,652,0.369,2018-06-12
CUST-01309,Customer_1309,55,F,Central,Employed,32043.43,570,0.245,2022-11-18
CUST-01310,Customer_1310,33,F,South,Employed,88332.17,659,0.351,2019-10-11
CUST-01311,Customer_1311,44,F,West,Employed,22409.8,850,0.467,2018-11-29
CUST-01312,Customer_1312,64,F,West,Employed,98145.1,645,0.109,2022-06-23
CUST-01313,Customer_1313,27,F,South,Employed,88300.75,677,0.158,2018-06-08
CUST-01314,Customer_1314,53,F,East,Self-Employed,68176.42,561,0.155,2019-12-09
CUST-01315,Customer_1315,51,F,West,Employed,106912.91,716,0.481,2022-07-15
CUST-01316,Customer_1316,29,M,South,Employed,96328.03,799,0.813,2019-05-08
CUST-01317,Customer_1317,51,F,Central,Employed,64969.54,727,0.295,2018-12-29
CUST-01318,Customer_1318,44,F,South,Employed,62799.47,734,0.223,2022-01-25
CUST-01319,Customer_1319,44,M,Central,Employed,62228.52,699,0.099,2022-05-07
CUST-01320,Customer_1320,40,F,East,Employed,143718.77,632,0.097,2020-06-18
CUST-01321,Customer_1321,62,M,South,Employed,86247.71,703,0.558,2022-11-02
CUST-01322,Customer_1322,21,F,South,Employed,110111.26,735,0.395,2021-03-04
CUST-01323,Customer_1323,38,F,East,Employed,66542.91,709,0.352,2018-06-26
CUST-01324,Customer_1324,18,M,East,Employed,75149.23,664,0.263,2018-09-17
CUST-01325,Customer_1325,23,M,North,Employed,42180.56,703,0.403,2020-09-20
CUST-01326,Customer_1326,23,M,Central,Employed,39606.95,821,0.257,2021-11-04
CUST-01327,Customer_1327,40,F,West,Unemployed,51542.67,509,0.226,2022-03-28
CUST-01328,Customer_1328,51,M,West,Unemployed,84161.74,651,0.144,2020-06-08
CUST-01329,Customer_1329,43,M,North,Employed,133778.99,772,0.071,2018-10-19
CUST-01330,Customer_1330,20,M,Central,Self-Employed,61626.77,755,0.157,2021-10-02
CUST-01331,Customer_1331,59,F,West,Self-Employed,28070.86,654,0.435,2021-03-03
CUST-01332,Customer_1332,48,F,South,Self-Employed,114800.6,580,0.139,2022-09-07
CUST-01333,Customer_1333,50,M,East,Employed,40514.89,494,0.444,2021-03-31
CUST-01334,Customer_1334,57,M,East,Retired,45127.68,765,0.373,2018-01-29
CUST-01335,Customer_1335,47,M,North,Employed,84906.42,721,0.072,2020-06-26
CUST-01336,Customer_1336,24,F,North,Employed,78273.94,754,0.306,2021-05-16
CUST-01337,Customer_1337,45,M,West,Unemployed,62078.54,660,0.252,2022-11-14
CUST-01338,Customer_1338,27,M,Central,Unemployed,100903.66,796,0.485,2020-04-03
CUST-01339,Customer_1339,27,M,East,Unemployed,89597.0,638,0.569,2021-07-11
CUST-01340,Customer_1340,60,M,West,Employed,25317.8,718,0.435,2019-06-15
CUST-01341,Customer_1341,50,F,North,Employed,34321.26,655,0.33,2019-04-22
CUST-01342,Customer_1342,36,M,Central,Unemployed,25381.33,614,0.588,2022-03-20
CUST-01343,Customer_1343,34,F,South,Employed,54663.72,756,0.63,2019-10-16
CUST-01344,Customer_1344,58,F,West,Self-Employed,51285.29,605,0.349,2022-10-20
CUST-01345,Customer_1345,25,F,East,Self-Employed,56517.48,779,0.249,2021-07-07
CUST-01346,Customer_1346,26,M,West,Self-Employed,50586.37,671,0.428,2019-10-15
CUST-01347,Customer_1347,37,F,Central,Self-Employed,81094.97,712,0.22,2021-11-09
CUST-01348,Customer_1348,51,M,Central,Employed,51972.97,599,0.286,2018-10-25
CUST-01349,Customer_1349,66,F,East,Unemployed,70986.33,748,0.259,2019-07-25
CUST-01350,Customer_1350,29,M,North,Employed,34969.09,793,0.482,2020-05-26
CUST-01351,Customer_1351,32,F,East,Employed,39904.11,509,0.268,2020-05-17
CUST-01352,Customer_1352,41,M,Central,Employed,51481.72,719,0.331,2021-11-18
CUST-01353,Customer_1353,38,M,Central,Unemployed,76159.38,617,0.379,2018-07-27
CUST-01354,Customer_1354,58,M,East,Self-Employed,77810.88,671,0.335,2019-03-25
CUST-01355,Customer_1355,40,F,South,Employed,72480.19,596,0.378,2020-02-18
CUST-01356,Customer_1356,48,M,Central,Employed,35733.47,635,0.195,2020-08-15
CUST-01357,Customer_1357,53,F,North,Employed,50770.33,726,0.324,2019-03-24
CUST-01358,Customer_1358,38,M,North,Unemployed,86412.36,545,0.239,2022-03-12
CUST-01359,Customer_1359,48,M,North,Employed,136097.11,649,0.688,2020-03-13
CUST-01360,Customer_1360,33,M,North,Employed,70889.07,680,0.434,2019-04-28
CUST-01361,Customer_1361,38,F,West,Employed,127134.65,676,0.637,2018-12-27
CUST-01362,Customer_1362,39,F,North,Employed,138480.45,644,0.444,2019-07-11
CUST-01363,Customer_1363,41,M,North,Retired,63316.2,790,0.448,2021-10-01
CUST-01364,Customer_1364,32,F,North,Employed,78769.37,510,0.429,2019-05-04
CUST-01365,Customer_1365,45,M,East,Self-Employed,112583.45,715,0.208,2017-08-29
CUST-01366,Customer_1366,38,F,East,Unemployed,23497.63,618,0.232,2022-08-05
CUST-01367,Customer_1367,29,F,Central,Employed,97205.48,689,0.514,2022-07-11
CUST-01368,Customer_1368,38,F,North,Retired,59479.49,663,0.538,2017-07-14
CUST-01369,Customer_1369,42,M,North,Self-Employed,125595.0,754,0.393,2019-12-10
CUST-01370,Customer_1370,53,F,South,Employed,50724.31,551,0.506,2019-03-28
CUST-01371,Customer_1371,47,M,Central,Self-Employed,32184.85,678,0.284,2021-12-01
CUST-01372,Customer_1372,31,F,North,Unemployed,54125.07,674,0.077,2019-09-09
CUST-01373,Customer_1373,46,F,West,Self-Employed,38814.85,726,0.149,2020-07-11
CUST-01374,Customer_1374,35,M,South,Unemployed,136001.42,750,0.513,2019-11-02
CUST-01375,Customer_1375,66,F,Central,Employed,139880.49,654,0.093,2022-01-13
CUST-01376,Customer_1376,35,F,East,Retired,55386.19,712,0.56,2019-11-02
CUST-01377,Customer_1377,40,F,East,Employed,43580.11,747,0.221,2019-05-16
CUST-01378,Customer_1378,18,F,East,Self-Employed,29894.34,574,0.388,2019-10-06
CUST-01379,Customer_1379,50,M,West,Unemployed,127768.9,595,0.23,2017-09-23
CUST-01380,Customer_1380,52,F,East,Retired,139080.64,722,0.294,2020-05-30
CUST-01381,Customer_1381,38,F,North,Self-Employed,247058.36,700,0.382,2021-04-29
CUST-01382,Customer_1382,18,M,Central,Employed,33363.85,714,0.399,2017-12-05
CUST-01383,Customer_1383,48,F,North,Employed,103458.72,794,0.604,2021-09-04
CUST-01384,Customer_1384,43,M,East,Employed,25906.65,637,0.206,2018-04-24
CUST-01385,Customer_1385,41,F,Central,Employed,54315.1,707,0.348,2019-09-21
CUST-01386,Customer_1386,40,M,North,Employed,45080.74,722,0.388,2020-12-04
CUST-01387,Customer_1387,38,M,South,Employed,46417.37,713,0.515,2017-12-07
CUST-01388,Customer_1388,63,M,South,Employed,86600.41,781,0.46,2021-03-27
CUST-01389,Customer_1389,45,M,Central,Employed,72274.31,586,0.463,2017-10-10
CUST-01390,Customer_1390,60,M,North,Self-Employed,119573.58,636,0.207,2018-06-23
CUST-01391,Customer_1391,39,F,South,Employed,71946.7,669,0.292,2017-11-17
CUST-01392,Customer_1392,28,M,Central,Self-Employed,57007.5,829,0.377,2022-09-17
CUST-01393,Customer_1393,49,F,North,Unemployed,72445.5,594,0.132,2017-10-02
CUST-01394,Customer_1394,69,F,East,Retired,149537.97,642,0.272,2020-06-26
CUST-01395,Customer_1395,54,F,North,Unemployed,21728.6,707,0.364,2021-08-25
CUST-01396,Customer_1396,36,M,West,Employed,116686.78,732,0.151,2019-12-25
CUST-01397,Customer_1397,31,M,East,Employed,47696.02,710,0.365,2022-01-30
CUST-01398,Customer_1398,29,F,Central,Self-Employed,26321.86,701,0.307,2022-01-23
CUST-01399,Customer_1399,41,M,West,Retired,85769.05,691,0.452,2018-09-13
CUST-01400,Customer_1400,52,M,South,Employed,37756.05,575,0.438,2018-07-06
CUST-01401,Customer_1401,41,F,South,Employed,32574.88,658,0.175,2022-06-16
CUST-01402,Customer_1402,43,F,Central,Self-Employed,124416.1,534,0.113,2019-11-06
CUST-01403,Customer_1403,44,F,East,Employed,46098.43,609,0.166,2020-02-09
CUST-01404,Customer_1404,55,F,South,Unemployed,20763.21,819,0.5,2020-03-23
CUST-01405,Customer_1405,30,M,West,Employed,86717.42,662,0.054,2019-09-19
CUST-01406,Customer_1406,59,M,Central,Self-Employed,34525.2,777,0.261,2018-10-18
CUST-01407,Customer_1407,46,M,South,Employed,62812.44,594,0.315,2018-07-26
CUST-01408,Customer_1408,58,F,East,Self-Employed,61042.66,850,0.531,2019-09-10
CUST-01409,Customer_1409,46,M,North,Self-Employed,28595.56,751,0.318,2020-07-18
CUST-01410,Customer_1410,33,F,East,Employed,48434.22,786,0.287,2020-12-27
CUST-01411,Customer_1411,20,M,East,Employed,97754.02,794,0.05,2020-12-16
CUST-01412,Customer_1412,40,F,Central,Employed,28696.1,655,0.415,2022-09-02
CUST-01413,Customer_1413,30,M,South,Self-Employed,28454.31,553,0.434,2022-01-17
CUST-01414,Customer_1414,36,M,North,Self-Employed,42260.41,850,0.503,2021-07-23
CUST-01415,Customer_1415,54,M,East,Employed,38913.74,850,0.347,2019-01-12
CUST-01416,Customer_1416,41,M,East,Employed,43676.58,740,0.532,2022-10-17
CUST-01417,Customer_1417,42,F,South,Self-Employed,53688.22,697,0.426,2021-09-25
CUST-01418,Customer_1418,35,M,Central,Employed,101864.04,719,0.794,2021-06-21
CUST-01419,Customer_1419,47,F,Central,Self-Employed,70437.65,701,0.341,2022-02-16
CUST-01420,Customer_1420,22,M,West,Self-Employed,34504.42,785,0.417,2019-03-15
CUST-01421,Customer_1421,58,M,East,Employed,58873.08,789,0.28,2021-04-30
CUST-01422,Customer_1422,38,M,Central,Employed,46866.51,732,0.107,2020-04-24
CUST-01423,Customer_1423,43,M,North,Employed,20000.0,684,0.279,2021-05-26
CUST-01424,Customer_1424,62,F,North,Employed,40962.92,754,0.446,2018-01-21
CUST-01425,Customer_1425,41,F,South,Retired,29500.45,725,0.33,2020-01-26
CUST-01426,Customer_1426,41,M,East,Employed,48020.71,754,0.272,2019-07-29
CUST-01427,Customer_1427,36,M,South,Employed,37624.23,669,0.193,2020-05-09
CUST-01428,Customer_1428,35,M,North,Employed,103527.06,718,0.092,2019-12-14
CUST-01429,Customer_1429,39,F,East,Employed,77005.58,764,0.263,2018-09-30
CUST-01430,Customer_1430,36,M,North,Employed,95431.99,704,0.094,2020-12-12
CUST-01431,Customer_1431,32,F,East,Employed,34781.16,543,0.146,2020-02-10
CUST-01432,Customer_1432,41,F,North,Self-Employed,95166.4,622,0.356,2017-12-29
CUST-01433,Customer_1433,42,F,North,Retired,25032.77,741,0.466,2017-08-07
CUST-01434,Customer_1434,46,F,South,Employed,54636.35,784,0.103,2017-11-21
CUST-01435,Customer_1435,33,F,South,Employed,55935.56,751,0.209,2020-10-11
CUST-01436,Customer_1436,51,M,West,Employed,49845.16,648,0.259,2022-01-24
CUST-01437,Customer_1437,19,F,East,Retired,58135.28,722,0.046,2021-01-27
CUST-01438,Customer_1438,56,F,Central,Employed,39606.02,778,0.28,2019-04-06
CUST-01439,Customer_1439,36,M,Central,Employed,79792.93,573,0.511,2018-06-08
CUST-01440,Customer_1440,39,M,South,Employed,38099.02,640,0.134,2018-12-19
CUST-01441,Customer_1441,50,M,West,Retired,127727.09,688,0.185,2018-08-08
CUST-01442,Customer_1442,46,M,Central,Retired,126868.62,737,0.391,2021-02-20
CUST-01443,Customer_1443,51,M,Central,Employed,32529.49,660,0.256,2018-11-20
CUST-01444,Customer_1444,36,M,South,Employed,61273.78,725,0.547,2017-12-27
CUST-01445,Customer_1445,37,M,North,Unemployed,179656.93,791,0.083,2017-12-26
CUST-01446,Customer_1446,46,F,West,Employed,106693.95,643,0.191,2018-09-27
CUST-01447,Customer_1447,56,F,South,Unemployed,42031.61,771,0.322,2022-04-28
CUST-01448,Customer_1448,41,M,South,Employed,59307.79,598,0.312,2019-06-28
CUST-01449,Customer_1449,40,F,Central,Self-Employed,40376.72,796,0.178,2021-08-17
CUST-01450,Customer_1450,46,M,South,Self-Employed,47252.69,850,0.091,2020-11-27
CUST-01451,Customer_1451,38,M,West,Employed,38488.36,736,0.479,2018-03-06
CUST-01452,Customer_1452,54,F,East,Employed,34802.96,731,0.647,2020-09-30
CUST-01453,Customer_1453,37,F,West,Employed,43976.07,640,0.017,2021-11-02
CUST-01454,Customer_1454,62,M,North,Employed,33020.71,654,0.696,2022-11-02
CUST-01455,Customer_1455,55,F,West,Employed,25187.73,721,0.578,2019-02-27
CUST-01456,Customer_1456,25,M,South,Employed,119227.71,787,0.382,2017-09-21
CUST-01457,Customer_1457,48,F,Central,Employed,50096.31,487,0.392,2021-02-05
CUST-01458,Customer_1458,54,F,South,Employed,20000.0,724,0.103,2018-07-27
CUST-01459,Customer_1459,36,M,Central,Self-Employed,21369.46,644,0.523,2020-10-14
CUST-01460,Customer_1460,55,F,West,Self-Employed,73082.74,639,0.263,2018-10-04
CUST-01461,Customer_1461,44,M,Central,Employed,224329.45,607,0.667,2020-05-11
CUST-01462,Customer_1462,45,M,South,Employed,57669.78,558,0.191,2020-09-13
CUST-01463,Customer_1463,21,M,Central,Employed,73550.99,708,0.341,2018-08-18
CUST-01464,Customer_1464,24,M,South,Employed,71199.03,704,0.405,2020-09-08
CUST-01465,Customer_1465,47,F,East,Employed,122728.45,739,0.048,2020-07-20
CUST-01466,Customer_1466,36,F,Central,Retired,43237.7,799,0.34,2019-01-19
CUST-01467,Customer_1467,44,M,West,Unemployed,74134.3,592,0.057,2020-05-21
CUST-01468,Customer_1468,53,M,Central,Employed,69993.04,684,0.418,2018-07-22
CUST-01469,Customer_1469,32,M,West,Employed,103317.23,515,0.109,2020-05-23
CUST-01470,Customer_1470,32,M,South,Employed,66979.91,735,0.201,2017-11-22
CUST-01471,Customer_1471,24,M,West,Employed,61217.09,524,0.289,2021-02-07
CUST-01472,Customer_1472,55,M,North,Employed,31928.13,649,0.108,2018-12-17
CUST-01473,Customer_1473,41,F,East,Employed,28962.08,719,0.343,2018-12-15
CUST-01474,Customer_1474,47,F,Central,Self-Employed,30464.89,674,0.369,2022-01-09
CUST-01475,Customer_1475,25,F,Central,Employed,75663.24,601,0.266,2018-08-12
CUST-01476,Customer_1476,37,M,East,Self-Employed,73170.27,735,0.229,2019-03-23
CUST-01477,Customer_1477,28,M,South,Unemployed,83027.38,635,0.209,2021-12-01
CUST-01478,Customer_1478,56,M,West,Employed,27105.51,696,0.281,2018-10-29
CUST-01479,Customer_1479,54,F,East,Self-Employed,24251.64,567,0.416,2022-04-06
CUST-01480,Customer_1480,44,M,South,Employed,162521.83,658,0.379,2018-08-18
CUST-01481,Customer_1481,38,F,North,Employed,143353.71,720,0.328,2018-02-15
CUST-01482,Customer_1482,43,F,Central,Unemployed,32520.87,714,0.104,2019-07-06
CUST-01483,Customer_1483,23,F,South,Employed,43023.94,759,0.241,2019-03-23
CUST-01484,Customer_1484,46,F,West,Employed,58201.71,718,0.44,2022-06-23
CUST-01485,Customer_1485,69,M,South,Retired,34249.6,759,0.092,2021-05-12
CUST-01486,Customer_1486,29,M,North,Employed,44610.82,744,0.255,2022-08-12
CUST-01487,Customer_1487,44,F,North,Employed,59989.67,665,0.467,2022-09-27
CUST-01488,Customer_1488,35,F,East,Retired,98778.81,647,0.437,2022-08-24
CUST-01489,Customer_1489,34,M,West,Retired,40248.32,773,0.268,2022-01-06
CUST-01490,Customer_1490,60,F,Central,Self-Employed,93077.36,579,0.602,2018-12-30
CUST-01491,Customer_1491,58,M,West,Self-Employed,27491.64,614,0.218,2020-11-25
CUST-01492,Customer_1492,36,M,North,Unemployed,29162.07,738,0.506,2021-02-09
CUST-01493,Customer_1493,37,F,West,Unemployed,140907.29,707,0.33,2018-09-01
CUST-01494,Customer_1494,27,F,Central,Employed,136571.3,648,0.43,2020-04-12
CUST-01495,Customer_1495,27,M,North,Self-Employed,31262.88,460,0.288,2021-05-19
CUST-01496,Customer_1496,47,F,Central,Employed,103431.03,664,0.454,2021-09-29
CUST-01497,Customer_1497,47,M,Central,Employed,46617.79,699,0.233,2019-09-19
CUST-01498,Customer_1498,30,M,West,Self-Employed,96333.38,741,0.348,2019-07-13
CUST-01499,Customer_1499,38,F,West,Self-Employed,109477.22,809,0.217,2021-02-22
CUST-01500,Customer_1500,55,F,Central,Self-Employed,142760.95,850,0.343,2019-06-05
