loan_id,customer_id,loan_type,loan_amount,interest_rate,term_months,monthly_payment,remaining_balance,open_date,status,credit_score,annual_income,debt_to_income_ratio
LOAN-0001,CUST-00810,Personal,87007.63,18.33,360,1334.73,76373.36,2021-04-09,Active,765,44499.13,0.154
LOAN-0002,CUST-00801,Student,57997.52,6.68,36,1782.32,11277.3,2022-07-01,Active,550,76970.57,0.093
LOAN-0003,CUST-00601,Personal,39402.08,8.36,120,485.58,27253.11,2021-11-30,Active,550,133507.63,0.316
LOAN-0004,CUST-00409,Business,36558.57,5.83,36,1109.37,0.0,2021-04-05,Closed,589,45335.21,0.525
LOAN-0005,CUST-00339,Mortgage,35570.12,12.02,36,1181.78,0.0,2021-03-30,Closed,667,28805.67,0.493
LOAN-0006,CUST-01349,Personal,22885.53,15.66,120,378.53,15066.31,2021-07-18,Active,748,70986.33,0.259
LOAN-0007,CUST-00273,Student,22511.7,18.42,48,666.23,2344.97,2021-05-07,Active,621,57909.49,0.084
LOAN-0008,CUST-00715,Personal,82071.88,11.44,360,809.0,72724.8,2021-07-07,Active,684,38776.27,0.175
LOAN-0009,CUST-01427,Mortgage,47497.95,13.46,48,1285.12,4947.7,2021-05-17,Active,669,37624.23,0.193
LOAN-0010,CUST-01065,Student,24998.67,4.38,360,124.89,22498.8,2021-12-08,Active,850,96639.91,0.347
LOAN-0011,CUST-00365,Personal,23722.05,6.62,60,465.48,5930.51,2021-03-19,Active,664,113922.59,0.345
LOAN-0012,CUST-00031,Personal,91126.1,4.23,360,447.22,79735.34,2021-03-12,Active,751,55922.79,0.193
LOAN-0013,CUST-00646,Student,54261.48,16.5,360,751.6,49438.24,2022-04-03,Active,711,20000.0,0.226
LOAN-0014,CUST-00946,Business,24175.85,16.48,360,334.48,21623.95,2021-10-18,Active,712,255463.54,0.551
LOAN-0015,CUST-01105,Personal,25534.63,4.34,360,126.96,16597.51,2021-02-14,Defaulted,615,91444.07,0.512
LOAN-0016,CUST-00163,Business,54872.89,15.83,120,913.39,35667.38,2021-06-07,Active,731,37755.52,0.319
LOAN-0017,CUST-01411,Mortgage,25041.26,4.97,48,576.34,9912.17,2022-07-26,Active,794,97754.02,0.05
LOAN-0018,CUST-01120,Business,110253.23,9.17,60,2297.78,29400.86,2021-04-03,Active,739,77291.42,0.359
LOAN-0019,CUST-00918,Student,15842.77,10.99,60,344.38,5809.02,2021-10-23,Active,640,96466.69,0.598
LOAN-0020,CUST-00325,Business,121840.46,9.98,48,3089.02,25383.43,2021-10-30,Active,812,74332.09,0.407
LOAN-0021,CUST-01005,Personal,44737.44,11.79,24,2101.56,0.0,2022-02-21,Closed,586,58523.9,0.498
LOAN-0022,CUST-00267,Personal,56895.5,17.2,24,2818.51,0.0,2022-05-04,Closed,832,123402.04,0.546
LOAN-0023,CUST-00381,Mortgage,78953.34,13.07,48,2120.86,4934.58,2021-03-19,Active,647,36124.35,0.264
LOAN-0024,CUST-00212,Auto,77593.08,9.06,24,3546.96,0.0,2021-12-20,Closed,749,114936.75,0.554
LOAN-0025,CUST-00595,Personal,62255.63,18.07,36,2252.88,13834.58,2022-08-29,Active,762,21520.34,0.219
LOAN-0026,CUST-00775,Student,11459.27,14.21,48,314.35,7448.53,2022-04-30,Defaulted,560,93831.92,0.284
LOAN-0027,CUST-00290,Mortgage,116686.98,8.05,24,5280.1,0.0,2021-04-02,Closed,629,38821.09,0.341
LOAN-0028,CUST-00636,Auto,32707.48,17.86,48,958.39,12946.71,2022-07-10,Active,761,75851.76,0.334
LOAN-0029,CUST-00337,Auto,28069.16,10.2,360,250.49,25184.27,2021-11-04,Active,686,89493.41,0.169
LOAN-0030,CUST-01287,Mortgage,30158.26,15.61,120,497.89,20105.51,2021-08-02,Active,689,56666.26,0.631
LOAN-0031,CUST-01146,Student,6621.48,17.1,48,191.41,2207.16,2022-04-10,Active,788,85008.82,0.07
LOAN-0032,CUST-01458,Business,68901.18,14.33,24,3318.9,0.0,2022-06-30,Closed,724,20000.0,0.103
LOAN-0033,CUST-01137,Mortgage,17937.4,8.97,36,570.15,2491.31,2022-05-10,Active,661,93406.3,0.216
LOAN-0034,CUST-00506,Auto,83183.74,8.33,48,2043.67,20795.94,2021-12-02,Active,493,62518.47,0.505
LOAN-0035,CUST-00396,Student,48364.97,17.0,360,689.53,31437.23,2022-01-23,Defaulted,720,33931.93,0.59
LOAN-0036,CUST-01111,Student,22925.54,14.29,36,786.77,0.0,2021-08-06,Closed,716,118644.34,0.093
LOAN-0037,CUST-00512,Mortgage,44083.03,13.62,24,2108.65,0.0,2022-11-08,Closed,560,177175.88,0.257
LOAN-0038,CUST-00872,Student,13346.04,15.87,24,652.63,0.0,2021-04-13,Closed,761,45014.2,0.273
LOAN-0039,CUST-00875,Business,94802.37,16.32,60,2321.56,50561.26,2022-08-03,Active,574,87893.9,0.162
LOAN-0040,CUST-00935,Business,147167.9,7.31,12,12755.0,0.0,2021-08-28,Closed,679,175273.79,0.141
LOAN-0041,CUST-01099,Mortgage,44766.52,12.27,60,1001.93,23875.48,2022-08-28,Active,747,42034.63,0.227
LOAN-0042,CUST-00777,Student,86349.55,5.82,12,7424.66,0.0,2021-10-24,Closed,724,63183.91,0.384
LOAN-0043,CUST-00893,Mortgage,26328.04,15.09,48,733.93,17113.23,2021-05-02,Defaulted,604,107267.3,0.615
LOAN-0044,CUST-00243,Student,14072.16,3.71,12,1196.38,0.0,2022-06-13,Closed,668,40118.72,0.587
LOAN-0045,CUST-00406,Business,59589.98,13.52,24,2847.59,0.0,2021-11-05,Closed,783,74068.43,0.48
LOAN-0046,CUST-01456,Business,17084.98,6.4,36,522.86,2372.91,2022-05-22,Active,787,119227.71,0.382
LOAN-0047,CUST-00099,Student,29146.89,17.88,60,738.24,18945.48,2022-04-02,Defaulted,671,32241.82,0.478
LOAN-0048,CUST-01423,Mortgage,25617.11,9.86,60,542.52,16651.12,2021-04-17,Defaulted,684,20000.0,0.279
LOAN-0049,CUST-00242,Auto,30176.17,3.59,12,2563.85,0.0,2022-06-01,Closed,766,76123.16,0.072
LOAN-0050,CUST-01172,Business,37115.49,8.87,36,1178.02,0.0,2021-07-01,Closed,699,73493.81,0.505
LOAN-0051,CUST-00224,Auto,18873.82,13.74,120,290.1,13998.08,2022-05-22,Active,651,89081.75,0.602
LOAN-0052,CUST-00916,Business,55927.13,3.56,24,2417.69,0.0,2022-08-03,Closed,820,72234.19,0.239
LOAN-0053,CUST-01022,Auto,16616.38,15.3,12,1502.12,0.0,2021-03-09,Closed,550,25275.9,0.254
LOAN-0054,CUST-00065,Student,95346.96,7.34,24,4283.64,0.0,2022-06-08,Closed,850,62139.38,0.679
LOAN-0055,CUST-00002,Personal,11931.02,16.45,12,1085.05,0.0,2021-08-02,Closed,733,46248.72,0.294
LOAN-0056,CUST-00193,Business,57751.56,7.65,60,1161.34,20213.05,2021-09-14,Active,748,55057.95,0.59
LOAN-0057,CUST-01462,Business,65534.51,9.22,36,2090.7,42597.43,2022-04-03,Defaulted,558,57669.78,0.191
LOAN-0058,CUST-00783,Student,39474.42,17.52,48,1149.68,17270.06,2022-09-02,Active,756,60404.2,0.581
LOAN-0059,CUST-01431,Mortgage,25653.22,4.44,48,584.29,5878.86,2021-11-25,Late,543,34781.16,0.146
LOAN-0060,CUST-00496,Business,19604.02,9.92,60,415.76,8168.34,2022-01-24,Active,715,120853.09,0.235
LOAN-0061,CUST-00661,Student,27796.14,12.11,120,400.56,21542.01,2022-09-02,Active,717,97618.78,0.276
LOAN-0062,CUST-00441,Business,47627.44,10.98,12,4208.95,0.0,2022-02-15,Closed,569,32906.46,0.39
LOAN-0063,CUST-00869,Personal,9905.56,17.89,120,177.78,6438.61,2022-02-25,Defaulted,737,51296.66,0.669
LOAN-0064,CUST-01092,Mortgage,11861.6,16.9,24,585.89,0.0,2022-10-16,Closed,675,76694.52,0.736
LOAN-0065,CUST-01178,Mortgage,64932.21,11.85,48,1705.14,17585.81,2022-01-24,Late,529,250034.1,0.304
LOAN-0066,CUST-00236,Auto,73313.77,10.09,48,1862.6,47653.95,2021-05-22,Defaulted,612,98960.05,0.558
LOAN-0067,CUST-00468,Personal,65816.96,4.25,24,2865.43,0.0,2022-08-19,Closed,620,31776.18,0.275
LOAN-0068,CUST-01353,Business,20671.12,5.63,60,396.08,5856.82,2021-05-23,Active,617,76159.38,0.379
LOAN-0069,CUST-00748,Mortgage,92994.79,9.44,60,1950.34,43397.57,2022-04-03,Active,564,39859.89,0.225
LOAN-0070,CUST-00138,Student,21690.59,3.59,36,636.44,1807.55,2022-03-07,Active,702,46838.53,0.599
LOAN-0071,CUST-00430,Business,43242.02,7.91,36,1353.25,0.0,2021-08-17,Closed,728,44704.62,0.127
LOAN-0072,CUST-00915,Student,51592.32,6.65,60,1013.09,14617.82,2021-05-04,Active,563,139118.36,0.148
LOAN-0073,CUST-00632,Auto,20365.81,13.14,24,969.57,0.0,2021-07-26,Closed,679,47612.76,0.348
LOAN-0074,CUST-01415,Business,15928.19,5.72,48,372.03,5973.07,2022-06-13,Active,850,38913.74,0.347
LOAN-0075,CUST-00166,Mortgage,21280.51,13.7,360,247.1,19093.35,2021-11-08,Active,672,76794.95,0.28
LOAN-0076,CUST-00890,Mortgage,57450.12,12.11,48,1515.99,17953.16,2022-03-16,Active,549,86661.19,0.064
LOAN-0077,CUST-01031,Personal,34917.14,10.15,360,310.3,22696.14,2021-09-20,Defaulted,473,36359.23,0.52
LOAN-0078,CUST-00987,Business,121204.59,8.65,12,10579.86,0.0,2022-02-22,Closed,703,46769.7,0.481
LOAN-0079,CUST-00173,Business,13908.99,4.37,120,143.28,9156.75,2021-07-21,Active,824,36796.58,0.128
LOAN-0080,CUST-01431,Mortgage,41416.9,5.58,60,792.64,19327.89,2022-04-30,Active,543,34781.16,0.146
LOAN-0081,CUST-01004,Personal,24606.3,14.16,24,1183.28,0.0,2022-09-05,Closed,616,48225.33,0.241
LOAN-0082,CUST-00146,Mortgage,45805.17,13.13,36,1546.23,2544.73,2022-02-02,Active,618,50319.41,0.242
LOAN-0083,CUST-01282,Business,162633.86,14.15,36,5570.3,0.0,2021-05-20,Closed,539,86826.19,0.113
LOAN-0084,CUST-01274,Mortgage,37070.6,4.91,60,698.04,24095.89,2022-03-08,Defaulted,714,66181.64,0.302
LOAN-0085,CUST-00595,Mortgage,136309.91,15.87,12,12359.13,0.0,2022-04-05,Closed,762,21520.34,0.219
LOAN-0086,CUST-00142,Mortgage,64321.1,16.35,48,1834.43,28140.48,2022-09-23,Active,588,165322.0,0.238
LOAN-0087,CUST-00405,Auto,89196.11,13.33,120,1349.21,60207.37,2021-09-16,Active,782,131564.4,0.084
LOAN-0088,CUST-01141,Business,7129.72,9.96,48,180.69,891.22,2021-06-29,Active,845,68265.23,0.159
LOAN-0089,CUST-00152,Business,170060.13,15.76,12,15410.39,0.0,2021-06-19,Closed,720,72901.11,0.313
LOAN-0090,CUST-01001,Personal,21682.24,14.56,60,510.82,5059.19,2021-02-13,Active,739,59832.4,0.272
LOAN-0091,CUST-01061,Student,8236.01,4.6,360,42.22,5353.41,2022-10-21,Defaulted,560,75047.06,0.25
LOAN-0092,CUST-01494,Student,52101.31,16.26,12,4733.61,0.0,2022-10-21,Closed,648,136571.3,0.43
LOAN-0093,CUST-01216,Business,47758.68,5.54,120,519.25,31043.14,2021-06-23,Active,752,216893.79,0.52
LOAN-0094,CUST-00683,Student,48854.05,13.98,36,1669.24,0.0,2021-02-01,Closed,729,108107.69,0.486
LOAN-0095,CUST-01230,Personal,25092.94,8.23,12,2185.46,0.0,2022-04-18,Closed,644,48821.15,0.696
LOAN-0096,CUST-00628,Student,48154.35,14.44,60,1131.48,20866.88,2022-02-04,Active,728,60298.09,0.511
LOAN-0097,CUST-01206,Mortgage,78295.57,17.44,120,1382.67,53501.97,2021-10-10,Active,638,89027.71,0.386
LOAN-0098,CUST-01372,Mortgage,26376.34,4.88,24,1155.75,0.0,2021-06-17,Closed,674,54125.07,0.077
LOAN-0099,CUST-00625,Mortgage,60001.86,17.98,120,1080.37,47001.46,2022-10-13,Active,693,51277.57,0.344
LOAN-0100,CUST-00785,Business,28663.89,14.31,60,671.57,7165.97,2021-03-13,Active,704,60393.32,0.332
LOAN-0101,CUST-00023,Student,23044.57,14.41,36,792.21,0.0,2021-03-06,Closed,670,84229.59,0.354
LOAN-0102,CUST-00357,Personal,16105.92,16.41,12,1464.43,0.0,2021-10-27,Closed,584,23410.81,0.434
LOAN-0103,CUST-00566,Business,18007.42,3.56,120,178.57,11704.82,2022-02-02,Defaulted,552,131382.97,0.207
LOAN-0104,CUST-00438,Mortgage,36890.62,14.36,12,3318.55,0.0,2022-09-02,Closed,627,63743.86,0.283
LOAN-0105,CUST-00695,Student,108143.93,14.63,12,9742.02,0.0,2021-07-25,Closed,660,65313.18,0.402
LOAN-0106,CUST-01328,Business,5388.55,11.0,120,74.23,4041.41,2022-06-18,Active,651,84161.74,0.144
LOAN-0107,CUST-01240,Business,61451.69,5.49,12,5274.53,0.0,2021-07-21,Closed,798,47093.42,0.075
LOAN-0108,CUST-00818,Business,20018.87,3.76,360,92.82,13012.27,2021-11-17,Defaulted,649,31154.97,0.385
LOAN-0109,CUST-01397,Mortgage,15356.0,5.8,60,295.45,5886.47,2021-11-09,Active,710,47696.02,0.365
LOAN-0110,CUST-01047,Auto,19564.27,15.6,12,1771.38,0.0,2022-03-17,Closed,738,82015.96,0.386
LOAN-0111,CUST-00797,Student,11730.56,14.73,360,145.8,10199.07,2021-01-31,Active,792,75327.9,0.23
LOAN-0112,CUST-00085,Personal,37812.2,12.85,60,857.44,17645.69,2022-04-10,Active,693,65732.65,0.248
LOAN-0113,CUST-01227,Mortgage,65905.94,15.48,36,2300.17,0.0,2021-06-23,Closed,671,86097.14,0.34
LOAN-0114,CUST-00775,Student,89973.73,5.73,36,2726.18,0.0,2021-11-09,Closed,560,93831.92,0.284
LOAN-0115,CUST-00426,Student,35951.03,8.41,48,884.61,23368.17,2021-02-04,Defaulted,658,52372.6,0.41
LOAN-0116,CUST-00449,Business,15590.19,16.12,60,380.12,7535.26,2022-05-24,Active,730,77396.27,0.452
LOAN-0117,CUST-00712,Student,56124.04,12.5,60,1262.68,30868.22,2022-09-27,Active,735,80919.55,0.23
LOAN-0118,CUST-01223,Personal,30225.39,9.3,48,756.47,5667.26,2021-09-25,Active,512,76055.25,0.428
LOAN-0119,CUST-00125,Mortgage,105942.24,7.7,36,3305.2,0.0,2021-04-17,Closed,563,51278.07,0.4
LOAN-0120,CUST-00302,Personal,7883.54,11.83,12,699.82,0.0,2021-10-17,Closed,617,54737.98,0.232
LOAN-0121,CUST-00672,Business,47864.0,13.36,48,1292.64,16951.83,2022-05-28,Active,640,45604.83,0.448
LOAN-0122,CUST-00507,Auto,39476.74,10.3,12,3476.14,0.0,2022-02-09,Closed,523,23669.93,0.065
LOAN-0123,CUST-00503,Business,22381.41,10.13,12,1969.03,0.0,2022-11-13,Closed,748,160813.16,0.319
LOAN-0124,CUST-00859,Mortgage,46392.8,5.65,12,3985.4,0.0,2021-12-09,Closed,850,114571.27,0.634
LOAN-0125,CUST-00488,Business,80407.56,5.71,120,881.02,58965.54,2022-04-04,Active,769,66276.51,0.135
LOAN-0126,CUST-01045,Business,36257.47,5.08,48,836.3,9064.37,2021-12-18,Active,609,67974.2,0.3
LOAN-0127,CUST-00474,Mortgage,47711.51,4.15,120,486.46,31012.48,2021-06-26,Late,631,51639.43,0.425
LOAN-0128,CUST-00148,Auto,31671.92,4.62,36,943.84,20586.75,2022-11-09,Defaulted,718,32810.51,0.507
LOAN-0129,CUST-01281,Student,67109.88,15.17,48,1873.51,16777.47,2021-12-05,Active,673,69446.87,0.572
LOAN-0130,CUST-00219,Business,24359.28,10.01,24,1124.17,0.0,2021-10-31,Closed,637,41846.09,0.351
LOAN-0131,CUST-01424,Student,7702.26,15.66,12,697.59,0.0,2021-07-10,Closed,754,40962.92,0.446
LOAN-0132,CUST-00896,Business,84634.73,5.51,36,2556.0,18807.72,2022-08-10,Late,607,22838.26,0.397
LOAN-0133,CUST-01427,Personal,12287.3,10.78,36,400.99,1706.57,2022-05-13,Active,669,37624.23,0.193
LOAN-0134,CUST-00191,Personal,53231.12,4.43,24,2321.76,0.0,2021-02-17,Closed,783,118166.66,0.47
LOAN-0135,CUST-00737,Personal,34187.68,14.06,36,1169.45,0.0,2021-10-17,Closed,623,75941.55,0.408
LOAN-0136,CUST-00383,Business,17055.7,18.45,120,312.28,12365.38,2022-03-11,Active,776,43887.04,0.458
LOAN-0137,CUST-00005,Personal,31550.45,17.86,60,798.77,18404.43,2022-11-18,Late,630,50999.36,0.632
LOAN-0138,CUST-01000,Student,49259.44,15.08,12,4447.93,0.0,2021-06-16,Closed,767,38770.17,0.573
LOAN-0139,CUST-00244,Business,39211.05,18.49,48,1161.89,4901.38,2021-06-25,Late,599,45912.43,0.205
LOAN-0140,CUST-00303,Student,23364.25,7.16,48,561.22,4380.8,2021-09-09,Late,685,67326.66,0.215
LOAN-0141,CUST-01419,Mortgage,21870.4,13.59,48,593.15,2733.8,2021-06-27,Active,701,70437.65,0.341
LOAN-0142,CUST-01396,Business,56212.98,10.93,12,4966.36,0.0,2022-06-16,Closed,732,116686.78,0.151
LOAN-0143,CUST-01478,Auto,79062.63,3.78,36,2326.51,10980.92,2022-05-19,Active,696,27105.51,0.281
LOAN-0144,CUST-00206,Student,500132.59,7.09,48,11997.19,83355.43,2021-08-29,Active,670,115625.79,0.421
LOAN-0145,CUST-01035,Mortgage,108846.62,11.09,36,3568.14,9070.55,2022-03-08,Active,669,59470.51,0.229
LOAN-0146,CUST-00771,Student,30244.28,16.4,36,1069.28,840.12,2022-01-05,Late,559,40612.23,0.705
LOAN-0147,CUST-00625,Personal,84025.53,12.53,24,3976.2,0.0,2021-07-27,Closed,693,51277.57,0.344
LOAN-0148,CUST-00509,Mortgage,26529.69,12.9,60,602.27,11938.36,2022-03-10,Late,659,34090.85,0.252
LOAN-0149,CUST-00181,Personal,34261.16,9.85,12,3009.71,0.0,2021-04-28,Closed,719,116236.75,0.241
LOAN-0150,CUST-00660,Auto,72325.99,16.32,48,2061.61,16574.71,2021-11-12,Active,639,39165.79,0.708
LOAN-0151,CUST-00615,Business,49481.32,5.29,48,1146.03,5154.3,2021-05-28,Active,786,91129.22,0.234
LOAN-0152,CUST-01480,Auto,12692.28,14.19,60,296.58,3384.61,2021-04-12,Active,658,162521.83,0.379
LOAN-0153,CUST-00128,Personal,63218.98,8.73,120,791.62,46887.41,2022-05-05,Active,792,42168.85,0.586
LOAN-0154,CUST-00814,Mortgage,70209.2,13.02,360,777.75,63773.36,2022-03-16,Active,634,83684.13,0.29
LOAN-0155,CUST-01219,Mortgage,13814.51,6.03,360,83.09,12624.93,2022-05-16,Late,683,115734.24,0.301
LOAN-0156,CUST-01421,Business,24641.07,4.57,120,256.21,15606.01,2021-04-04,Active,789,58873.08,0.28
LOAN-0157,CUST-01211,Personal,77527.83,6.31,48,1831.78,22612.28,2022-02-01,Active,658,77076.14,0.248
LOAN-0158,CUST-00886,Mortgage,43109.49,12.16,60,962.44,28021.17,2021-12-26,Defaulted,523,28004.61,0.068
LOAN-0159,CUST-01102,Personal,20993.84,11.1,120,290.38,13646.0,2021-11-10,Defaulted,686,178260.01,0.252
LOAN-0160,CUST-01029,Auto,31696.92,14.42,120,500.18,20603.0,2022-03-24,Defaulted,586,32122.69,0.63
LOAN-0161,CUST-00789,Business,54555.89,16.33,360,748.18,35461.33,2022-10-11,Defaulted,592,45329.74,0.261
LOAN-0162,CUST-00818,Auto,31148.71,4.3,360,154.15,27168.6,2021-02-04,Late,649,31154.97,0.385
LOAN-0163,CUST-00538,Auto,111856.87,7.81,36,3495.39,0.0,2021-08-27,Closed,792,20000.0,0.45
LOAN-0164,CUST-01035,Business,52015.34,7.87,24,2349.43,0.0,2021-12-09,Closed,669,59470.51,0.229
LOAN-0165,CUST-01064,Auto,42834.18,8.79,24,1952.74,0.0,2021-06-20,Closed,689,80019.08,0.201
LOAN-0166,CUST-00073,Mortgage,14951.04,7.42,48,360.94,5295.16,2022-05-05,Active,737,39933.6,0.37
LOAN-0167,CUST-00336,Personal,80033.85,17.79,48,2342.22,18341.09,2021-11-17,Active,775,21448.35,0.165
LOAN-0168,CUST-01337,Personal,34118.62,9.0,360,274.53,31654.5,2022-10-19,Active,660,62078.54,0.252
LOAN-0169,CUST-01432,Mortgage,62288.03,18.33,360,955.52,40487.22,2021-03-20,Defaulted,622,95166.4,0.356
LOAN-0170,CUST-01166,Student,19667.74,10.47,24,911.84,0.0,2022-06-17,Closed,627,50312.83,0.437
LOAN-0171,CUST-00993,Mortgage,90767.81,7.61,36,2828.03,58999.08,2022-01-20,Defaulted,586,20000.0,0.349
LOAN-0172,CUST-00506,Auto,10711.15,14.12,12,962.33,0.0,2021-10-11,Closed,493,62518.47,0.505
LOAN-0173,CUST-01279,Student,60454.66,9.26,24,2769.07,0.0,2021-12-31,Closed,669,67368.71,0.579
LOAN-0174,CUST-01242,Personal,27130.25,9.1,360,220.25,24115.78,2021-08-31,Active,593,85811.27,0.45
LOAN-0175,CUST-00835,Mortgage,34138.37,6.3,36,1043.2,5689.73,2022-06-09,Active,647,76335.68,0.143
LOAN-0176,CUST-00315,Mortgage,8581.04,14.99,60,204.1,3289.4,2021-11-04,Active,656,118103.54,0.22
LOAN-0177,CUST-01482,Personal,31918.45,14.05,120,496.55,22342.92,2021-12-31,Active,714,32520.87,0.104
LOAN-0178,CUST-01455,Mortgage,59379.23,7.96,360,434.05,54266.02,2022-05-16,Active,721,25187.73,0.578
LOAN-0179,CUST-00086,Business,41419.86,9.69,120,540.28,26577.74,2021-05-11,Active,656,82750.12,0.245
LOAN-0180,CUST-00980,Mortgage,16298.27,12.76,12,1453.88,0.0,2022-08-16,Closed,811,64005.87,0.274
LOAN-0181,CUST-01273,Student,21030.78,10.86,12,1857.36,0.0,2021-09-14,Closed,759,93548.16,0.601
LOAN-0182,CUST-01074,Business,65422.03,15.97,120,1094.68,42524.32,2021-10-05,Defaulted,763,83824.69,0.427
LOAN-0183,CUST-00867,Mortgage,10843.55,8.66,360,84.61,7048.31,2022-07-24,Defaulted,615,154382.0,0.258
LOAN-0184,CUST-00272,Auto,58191.42,13.36,60,1334.78,30065.57,2022-07-05,Active,617,67323.06,0.355
LOAN-0185,CUST-00559,Mortgage,45782.93,3.73,36,1346.2,0.0,2021-06-26,Closed,637,70911.43,0.506
LOAN-0186,CUST-00090,Student,78728.61,10.4,60,1688.29,41988.59,2022-08-27,Active,771,118899.02,0.38
LOAN-0187,CUST-00733,Auto,49800.84,5.27,36,1498.62,13833.57,2022-10-12,Late,448,77936.41,0.634
LOAN-0188,CUST-00694,Business,106740.56,11.02,120,1471.56,69381.36,2022-04-23,Defaulted,587,46499.13,0.213
LOAN-0189,CUST-00914,Auto,88820.54,13.64,24,4249.44,0.0,2021-12-21,Closed,794,101189.15,0.649
LOAN-0190,CUST-01142,Business,25548.8,15.41,36,890.8,16606.72,2022-07-22,Defaulted,772,67579.68,0.219
LOAN-0191,CUST-01109,Student,75970.14,4.06,48,1717.37,11078.98,2021-07-03,Active,776,20000.0,0.524
LOAN-0192,CUST-00631,Auto,143504.51,16.09,24,7032.6,0.0,2021-10-10,Closed,710,49583.66,0.252
LOAN-0193,CUST-00213,Personal,34548.21,11.28,60,756.0,13819.28,2021-12-13,Active,804,52158.47,0.468
LOAN-0194,CUST-00210,Personal,23138.95,6.55,12,1997.34,0.0,2021-04-20,Closed,624,77109.72,0.574
LOAN-0195,CUST-01073,Personal,22951.14,13.68,120,351.95,16065.8,2021-12-06,Active,829,78209.29,0.086
LOAN-0196,CUST-00939,Auto,24265.02,7.7,60,488.53,10110.42,2022-01-16,Active,679,64283.17,0.267
LOAN-0197,CUST-00180,Mortgage,124612.7,14.02,60,2900.81,80998.26,2022-09-01,Defaulted,810,35757.83,0.294
LOAN-0198,CUST-00961,Personal,50213.59,5.85,60,967.27,24269.9,2022-05-31,Active,850,52606.73,0.062
LOAN-0199,CUST-00449,Auto,13521.84,18.19,60,344.77,7662.38,2022-10-20,Active,730,77396.27,0.452
LOAN-0200,CUST-00340,Business,27142.02,5.73,120,297.67,17416.13,2021-05-06,Active,717,30067.0,0.496
LOAN-0201,CUST-00381,Mortgage,48911.62,9.83,360,423.1,42797.67,2021-03-24,Active,647,36124.35,0.264
LOAN-0202,CUST-00769,Student,16614.34,6.66,60,326.33,8584.08,2022-07-08,Active,692,64521.81,0.163
LOAN-0203,CUST-00426,Mortgage,27114.98,12.43,48,719.78,1694.69,2021-03-02,Active,658,52372.6,0.41
LOAN-0204,CUST-00543,Student,129508.86,5.06,60,2447.55,38852.66,2021-06-19,Active,798,26537.28,0.411
LOAN-0205,CUST-00059,Personal,93538.16,5.97,12,8049.21,0.0,2021-09-12,Closed,563,54899.08,0.713
LOAN-0206,CUST-00950,Personal,23590.87,13.17,48,634.88,10812.48,2022-10-19,Late,690,30789.86,0.315
LOAN-0207,CUST-01450,Auto,28059.34,16.05,120,470.91,20109.19,2022-02-04,Active,850,47252.69,0.091
LOAN-0208,CUST-01476,Auto,144720.45,10.08,36,4675.16,0.0,2021-07-25,Closed,735,73170.27,0.229
LOAN-0209,CUST-00070,Business,26980.61,17.94,36,974.6,7494.61,2022-10-02,Active,752,78293.53,0.383
LOAN-0210,CUST-00786,Auto,13280.89,14.48,12,1195.45,0.0,2021-12-03,Closed,704,48878.03,0.102
LOAN-0211,CUST-00845,Mortgage,8251.54,12.07,48,217.58,3438.14,2022-08-12,Active,850,95053.6,0.128
LOAN-0212,CUST-01287,Student,21309.11,5.99,120,236.47,14383.65,2021-09-02,Active,689,56666.26,0.631
LOAN-0213,CUST-00005,Auto,45980.64,17.43,12,4203.04,0.0,2021-02-09,Closed,630,50999.36,0.632
LOAN-0214,CUST-01035,Business,36610.77,7.86,24,1653.47,0.0,2021-01-31,Closed,669,59470.51,0.229
LOAN-0215,CUST-00647,Mortgage,42403.16,7.91,24,1916.04,0.0,2022-01-02,Closed,630,69162.78,0.414
LOAN-0216,CUST-00110,Personal,11427.5,10.13,12,1005.35,0.0,2022-11-06,Closed,628,86659.46,0.255
LOAN-0217,CUST-00699,Business,9540.09,17.85,24,475.59,0.0,2022-08-14,Closed,644,56488.91,0.482
LOAN-0218,CUST-00005,Personal,23756.31,17.16,48,687.46,2474.62,2021-05-15,Active,630,50999.36,0.632
LOAN-0219,CUST-01124,Business,51353.77,3.73,120,513.37,38943.28,2022-07-24,Active,668,56363.37,0.116
LOAN-0220,CUST-01024,Business,23153.32,9.64,12,2031.67,0.0,2022-11-12,Closed,470,20581.29,0.319
LOAN-0221,CUST-00838,Business,42213.58,10.78,360,395.01,38695.78,2022-06-30,Active,633,122457.32,0.44
LOAN-0222,CUST-00028,Business,15464.42,6.14,12,1331.96,0.0,2022-09-14,Closed,754,32153.11,0.409
LOAN-0223,CUST-00212,Student,10344.35,13.79,48,281.59,4310.15,2022-08-01,Active,749,114936.75,0.554
LOAN-0224,CUST-01109,Mortgage,53967.06,10.03,120,714.08,34628.86,2021-05-11,Active,776,20000.0,0.524
LOAN-0225,CUST-00562,Mortgage,17484.25,16.08,120,293.76,13258.89,2022-07-05,Late,737,42526.42,0.288
LOAN-0226,CUST-00096,Mortgage,9266.91,6.72,36,284.95,2316.73,2022-09-16,Active,676,63262.78,0.424
LOAN-0227,CUST-00772,Auto,36784.85,4.16,360,179.03,34230.35,2022-11-26,Active,691,39270.34,0.41
LOAN-0228,CUST-00808,Personal,84175.38,4.83,36,2516.39,0.0,2021-04-07,Closed,723,33536.53,0.124
LOAN-0229,CUST-01211,Personal,33199.84,15.98,360,445.92,30340.96,2022-05-02,Active,658,77076.14,0.248
LOAN-0230,CUST-00549,Auto,47101.09,10.81,24,2191.13,0.0,2021-03-14,Closed,663,42240.84,0.621
LOAN-0231,CUST-00339,Student,5571.77,6.3,120,62.7,3528.79,2021-04-23,Active,667,28805.67,0.493
LOAN-0232,CUST-00307,Personal,14991.25,9.67,36,481.41,2914.97,2022-07-27,Active,735,95211.4,0.234
LOAN-0233,CUST-01142,Business,135191.22,7.13,120,1578.76,95760.45,2022-01-21,Active,772,67579.68,0.219
LOAN-0234,CUST-01443,Auto,18112.69,13.39,120,274.62,14188.27,2022-10-01,Active,660,32529.49,0.256
LOAN-0235,CUST-00196,Student,125405.09,11.21,48,3253.96,7837.82,2021-03-01,Active,616,54381.11,0.506
LOAN-0236,CUST-00522,Personal,36674.99,16.68,120,629.99,26589.37,2022-03-14,Active,850,152153.87,0.249
LOAN-0237,CUST-01112,Personal,103408.89,4.44,360,520.28,91919.01,2021-08-18,Active,707,46606.4,0.316
LOAN-0238,CUST-00513,Personal,41859.79,4.71,120,438.08,33139.0,2022-11-17,Active,729,47934.05,0.343
LOAN-0239,CUST-00211,Auto,35553.97,10.38,24,1646.88,0.0,2022-07-13,Closed,563,66275.41,0.14
LOAN-0240,CUST-01207,Auto,11977.12,4.74,24,524.06,0.0,2021-09-01,Closed,622,40480.92,0.374
LOAN-0241,CUST-00880,Student,23330.44,10.18,360,207.85,21580.66,2022-09-28,Active,814,109838.86,0.449
LOAN-0242,CUST-00483,Business,107260.92,7.14,24,4809.16,0.0,2021-07-20,Closed,649,82659.34,0.185
LOAN-0243,CUST-00350,Auto,39857.23,17.04,120,693.72,29560.78,2022-05-11,Active,755,76246.41,0.239
LOAN-0244,CUST-00522,Personal,13817.17,12.12,120,199.2,8866.02,2021-05-20,Active,850,152153.87,0.249
LOAN-0245,CUST-00397,Auto,113383.98,3.76,36,3335.46,15747.77,2022-05-05,Active,651,38885.66,0.231
LOAN-0246,CUST-00156,Student,42112.8,11.48,120,591.61,32637.42,2022-09-18,Active,768,56336.43,0.599
LOAN-0247,CUST-00668,Personal,18889.78,17.83,24,941.5,0.0,2021-05-13,Closed,609,72598.8,0.386
LOAN-0248,CUST-00202,Personal,28368.76,12.84,36,953.67,0.0,2021-04-02,Closed,657,42728.8,0.246
LOAN-0249,CUST-00702,Student,124593.26,15.25,12,11260.28,0.0,2021-10-11,Closed,842,43199.75,0.421
LOAN-0250,CUST-01457,Business,48540.15,3.51,12,4122.33,0.0,2021-07-17,Closed,487,50096.31,0.392
LOAN-0251,CUST-00307,Auto,16558.65,7.07,60,328.43,4415.64,2021-04-01,Active,735,95211.4,0.234
LOAN-0252,CUST-00435,Student,14993.16,7.77,48,364.41,3435.93,2021-11-11,Active,685,41858.16,0.382
LOAN-0253,CUST-00379,Personal,34506.03,12.37,120,502.47,21278.72,2021-02-09,Active,700,37486.14,0.644
LOAN-0254,CUST-01243,Mortgage,231181.56,12.8,60,5236.45,80913.55,2021-09-20,Active,738,189801.17,0.22
LOAN-0255,CUST-01066,Student,58362.27,11.94,48,1535.18,27965.25,2022-11-20,Active,665,20000.0,0.563
LOAN-0256,CUST-00317,Auto,36158.03,17.25,120,634.16,25913.25,2022-02-12,Active,561,108157.82,0.625
LOAN-0257,CUST-00655,Auto,7143.51,6.99,36,220.54,4643.28,2022-10-17,Defaulted,525,53623.3,0.678
LOAN-0258,CUST-00240,Business,62377.17,10.54,24,2893.96,0.0,2022-02-05,Closed,788,66857.12,0.171
LOAN-0259,CUST-00827,Student,42883.17,16.28,48,1221.48,27874.06,2021-06-28,Defaulted,507,39677.8,0.278
LOAN-0260,CUST-00363,Mortgage,85133.58,5.14,48,1965.97,31925.09,2022-06-15,Active,758,94499.78,0.303
LOAN-0261,CUST-01426,Mortgage,50816.73,10.07,24,2346.58,0.0,2022-04-11,Closed,754,48020.71,0.272
LOAN-0262,CUST-00740,Student,13334.38,13.43,360,152.0,12260.22,2022-07-25,Active,684,33345.53,0.162
LOAN-0263,CUST-00760,Mortgage,93051.96,17.44,12,8506.22,0.0,2022-02-10,Closed,573,209482.94,0.205
LOAN-0264,CUST-01453,Auto,24389.93,4.6,48,557.27,1016.25,2021-02-12,Active,640,43976.07,0.017
LOAN-0265,CUST-01489,Business,8601.06,5.76,36,260.73,1911.35,2022-08-20,Active,773,40248.32,0.268
LOAN-0266,CUST-00883,Auto,83369.34,5.3,120,896.54,54190.07,2022-11-02,Defaulted,585,56061.76,0.365
LOAN-0267,CUST-00593,Business,16442.0,11.72,48,430.72,4110.5,2021-12-29,Active,770,61875.05,0.128
LOAN-0268,CUST-00459,Student,34511.18,17.95,24,1722.11,0.0,2021-07-12,Closed,809,25368.31,0.276
LOAN-0269,CUST-01209,Personal,38774.14,4.5,36,1153.41,0.0,2021-12-16,Closed,594,119984.71,0.291
LOAN-0270,CUST-00669,Student,65427.45,15.34,360,845.11,57430.76,2021-04-15,Active,705,20000.0,0.279
LOAN-0271,CUST-00330,Personal,5907.37,14.66,12,532.24,0.0,2022-09-06,Closed,646,71862.81,0.098
LOAN-0272,CUST-00212,Business,32091.72,13.35,120,485.81,20859.62,2022-01-19,Defaulted,749,114936.75,0.554
LOAN-0273,CUST-00030,Student,70121.83,8.89,60,1451.87,26880.03,2021-11-11,Active,558,63042.92,0.438
LOAN-0274,CUST-01458,Student,14666.13,9.86,24,675.82,0.0,2021-09-04,Closed,724,20000.0,0.103
LOAN-0275,CUST-00830,Auto,8789.45,15.96,24,430.19,0.0,2021-11-28,Closed,688,62662.92,0.512
LOAN-0276,CUST-00095,Auto,111683.58,15.63,36,3906.09,24818.57,2022-08-08,Active,724,67458.88,0.495
LOAN-0277,CUST-01357,Student,103830.04,13.37,48,2804.61,45425.64,2022-09-13,Active,726,50770.33,0.324
LOAN-0278,CUST-00997,Mortgage,63396.13,7.24,360,432.04,58641.42,2022-09-12,Active,799,79576.69,0.121
LOAN-0279,CUST-01373,Business,13891.57,5.69,60,266.57,4630.52,2021-08-20,Active,726,38814.85,0.149
LOAN-0280,CUST-00451,Auto,50588.13,8.23,48,1240.47,8431.35,2021-08-19,Active,725,57740.49,0.268
LOAN-0281,CUST-00632,Personal,154714.07,4.74,36,4618.88,0.0,2021-11-16,Closed,679,47612.76,0.348
LOAN-0282,CUST-00798,Mortgage,55715.26,13.03,12,4977.12,0.0,2022-01-28,Closed,750,28717.89,0.268
LOAN-0283,CUST-01408,Student,24710.14,10.99,36,808.86,686.39,2022-01-14,Active,850,61042.66,0.531
LOAN-0284,CUST-00473,Business,13134.86,13.52,360,150.66,11711.92,2021-09-01,Active,769,34175.75,0.218
LOAN-0285,CUST-00876,Personal,14114.37,4.65,12,1206.03,0.0,2021-12-31,Closed,738,55495.36,0.164
LOAN-0286,CUST-01308,Mortgage,43030.67,11.93,60,955.67,19363.8,2022-03-16,Active,652,44419.01,0.369
LOAN-0287,CUST-01001,Student,55327.27,3.67,36,1625.37,0.0,2021-08-29,Closed,739,59832.4,0.272
LOAN-0288,CUST-00871,Auto,59809.19,18.05,36,2163.75,6645.47,2022-04-06,Active,810,30387.73,0.272
LOAN-0289,CUST-01244,Mortgage,31525.71,5.84,60,607.14,14712.0,2022-04-14,Active,568,201672.28,0.355
LOAN-0290,CUST-01018,Student,28542.68,14.61,48,788.73,7135.67,2021-12-09,Active,762,156298.22,0.295
LOAN-0291,CUST-01135,Business,4222.17,18.02,120,76.13,2814.78,2021-08-24,Active,482,155076.99,0.279
LOAN-0292,CUST-00119,Auto,39194.05,5.12,36,1176.79,5443.62,2022-05-20,Active,741,46650.58,0.238
LOAN-0293,CUST-00480,Student,16503.65,10.11,120,219.1,10177.25,2021-02-02,Active,811,40834.24,0.114
LOAN-0294,CUST-00449,Personal,128035.91,16.15,36,4510.85,14226.21,2022-04-07,Active,730,77396.27,0.452
LOAN-0295,CUST-00838,Business,66180.92,15.58,120,1091.36,43017.6,2021-12-06,Defaulted,633,122457.32,0.44
LOAN-0296,CUST-00816,Personal,23711.49,5.12,360,129.03,21998.99,2022-10-31,Active,699,40754.52,0.317
LOAN-0297,CUST-01008,Mortgage,15464.92,16.25,60,378.13,3866.23,2021-03-24,Active,711,56318.29,0.515
LOAN-0298,CUST-00207,Student,35255.59,18.11,360,534.5,31240.37,2021-07-19,Active,561,153497.52,0.094
LOAN-0299,CUST-00245,Personal,62384.3,4.71,360,323.92,55626.0,2021-09-23,Active,764,25342.68,0.418
LOAN-0300,CUST-00768,Business,35895.64,13.92,60,833.74,16153.04,2022-03-12,Active,694,66867.26,0.234
LOAN-0301,CUST-00897,Business,37984.37,11.86,60,842.26,20891.4,2022-09-11,Active,597,74742.27,0.216
LOAN-0302,CUST-00628,Student,6928.04,17.82,60,175.25,2540.28,2021-10-02,Active,728,60298.09,0.511
LOAN-0303,CUST-01193,Student,100818.57,7.76,36,3148.14,28005.16,2022-10-10,Active,850,42950.68,0.095
LOAN-0304,CUST-00164,Personal,61701.83,14.72,48,1708.46,40106.19,2021-09-11,Defaulted,657,122309.03,0.381
LOAN-0305,CUST-00694,Personal,44668.35,9.48,48,1121.78,29034.43,2022-04-29,Defaulted,587,46499.13,0.213
LOAN-0306,CUST-00401,Personal,27537.12,12.29,360,289.41,25548.33,2022-10-24,Active,708,82463.79,0.282
LOAN-0307,CUST-00890,Personal,73068.52,17.55,36,2625.14,0.0,2021-10-23,Closed,549,86661.19,0.064
LOAN-0308,CUST-01282,Mortgage,65996.41,9.82,120,865.58,48397.37,2022-04-21,Active,539,86826.19,0.113
LOAN-0309,CUST-00654,Business,34705.2,12.8,60,786.1,9254.72,2021-04-15,Active,782,109442.96,0.488
LOAN-0310,CUST-01250,Personal,36185.72,3.8,120,362.93,23219.17,2021-05-24,Late,617,75872.69,0.508
LOAN-0311,CUST-00856,Mortgage,93224.2,5.05,48,2149.0,33016.9,2022-05-03,Active,675,50892.65,0.062
LOAN-0312,CUST-00240,Auto,8372.46,17.87,36,302.14,697.71,2022-03-04,Active,788,66857.12,0.171
LOAN-0313,CUST-00265,Mortgage,17227.46,10.33,360,155.4,15217.59,2021-06-05,Active,772,68261.62,0.325
LOAN-0314,CUST-00980,Auto,77974.48,17.83,360,1164.33,70393.63,2022-01-12,Active,811,64005.87,0.274
LOAN-0315,CUST-00575,Personal,16359.18,3.53,24,706.98,0.0,2022-06-26,Closed,575,24831.07,0.398
LOAN-0316,CUST-00108,Student,23280.15,4.56,48,531.5,9700.06,2022-08-22,Active,803,38216.86,0.165
LOAN-0317,CUST-01091,Auto,7511.1,16.3,360,102.83,6634.81,2021-06-25,Active,645,20137.04,0.117
LOAN-0318,CUST-01003,Business,70174.84,7.74,12,6095.97,0.0,2022-10-12,Closed,631,133317.52,0.481
LOAN-0319,CUST-00989,Student,32045.87,4.43,24,1397.73,0.0,2021-05-26,Closed,640,44761.01,0.382
LOAN-0320,CUST-00860,Personal,62129.82,13.29,360,701.39,54363.59,2021-03-25,Active,654,35484.41,0.173
LOAN-0321,CUST-00339,Student,18522.71,15.56,360,242.52,16310.28,2021-05-11,Active,667,28805.67,0.493
LOAN-0322,CUST-01389,Personal,66601.2,9.63,48,1677.37,43290.78,2021-10-08,Defaulted,586,72274.31,0.463
LOAN-0323,CUST-00276,Student,45785.51,7.73,36,1429.06,0.0,2021-07-04,Closed,691,55704.08,0.353
LOAN-0324,CUST-00821,Auto,47353.16,4.21,24,2060.74,0.0,2021-06-28,Closed,688,31303.67,0.164
LOAN-0325,CUST-00940,Student,31507.19,14.17,48,863.67,11815.2,2022-06-08,Active,537,36626.33,0.463
LOAN-0326,CUST-00801,Business,160688.4,16.01,120,2692.74,121855.37,2022-07-26,Active,550,76970.57,0.093
LOAN-0327,CUST-00197,Personal,34121.9,9.59,24,1568.1,0.0,2022-04-18,Closed,682,77736.8,0.515
LOAN-0328,CUST-00249,Business,24413.49,5.23,12,2092.55,0.0,2021-10-23,Closed,850,75582.46,0.156
LOAN-0329,CUST-00052,Business,37060.44,12.84,360,405.33,24089.29,2021-09-07,Defaulted,622,86411.92,0.233
LOAN-0330,CUST-00961,Personal,48980.37,17.56,60,1232.09,26939.2,2022-09-08,Active,850,52606.73,0.062
LOAN-0331,CUST-00705,Student,133152.53,5.6,60,2549.52,31068.92,2021-02-12,Active,580,50115.53,0.307
LOAN-0332,CUST-01078,Auto,38218.68,10.66,36,1245.09,0.0,2021-04-20,Closed,535,267699.88,0.433
LOAN-0333,CUST-00389,Personal,47936.96,14.57,60,1129.63,13582.14,2021-05-03,Active,769,51449.9,0.385
LOAN-0334,CUST-00612,Auto,57311.38,7.65,12,4976.16,0.0,2022-11-25,Closed,702,30437.3,0.493
LOAN-0335,CUST-00865,Auto,26417.74,4.49,60,492.39,14089.46,2022-08-09,Active,762,33864.45,0.338
LOAN-0336,CUST-00589,Mortgage,36100.59,10.73,48,928.31,8273.05,2021-11-09,Active,665,112771.75,0.555
LOAN-0337,CUST-00863,Student,28278.34,11.18,120,392.42,20266.14,2022-02-27,Active,675,39741.76,0.477
LOAN-0338,CUST-00111,Personal,30917.5,5.61,360,177.69,27052.81,2021-03-17,Active,734,24433.83,0.51
LOAN-0339,CUST-00682,Business,89681.29,10.09,24,4142.06,0.0,2022-05-24,Closed,602,54292.71,0.228
LOAN-0340,CUST-00031,Auto,28555.54,6.04,12,2458.2,0.0,2021-12-06,Closed,751,55922.79,0.193
LOAN-0341,CUST-00440,Personal,8709.22,5.26,24,383.1,0.0,2021-05-04,Closed,714,112508.44,0.309
LOAN-0342,CUST-00053,Auto,8101.78,9.14,60,168.73,2430.53,2021-06-11,Active,807,83919.45,0.237
LOAN-0343,CUST-00648,Personal,14464.08,6.97,360,95.94,12856.96,2021-08-31,Active,645,116169.15,0.179
LOAN-0344,CUST-00789,Personal,77663.86,4.53,12,6631.89,0.0,2022-09-16,Closed,592,45329.74,0.261
LOAN-0345,CUST-00085,Personal,40056.7,14.39,24,1930.63,0.0,2022-10-23,Closed,693,65732.65,0.248
LOAN-0346,CUST-01180,Personal,99519.39,15.94,24,4869.93,0.0,2022-09-04,Closed,776,48418.53,0.322
LOAN-0347,CUST-00144,Business,65546.96,7.96,12,5700.61,0.0,2021-03-10,Closed,748,52757.91,0.355
LOAN-0348,CUST-00998,Mortgage,25868.56,7.7,36,807.05,0.0,2021-04-05,Closed,721,48374.64,0.214
LOAN-0349,CUST-00022,Student,35677.48,15.96,24,1746.2,0.0,2021-03-29,Closed,685,96806.96,0.38
LOAN-0350,CUST-00127,Business,468810.81,3.86,12,39889.21,0.0,2022-03-28,Closed,711,78499.55,0.692
LOAN-0351,CUST-01079,Student,30340.91,9.03,120,384.84,23261.36,2022-08-10,Active,764,29974.1,0.221
LOAN-0352,CUST-00155,Business,34170.61,16.84,60,846.29,12529.22,2021-10-25,Active,752,35836.87,0.13
LOAN-0353,CUST-00781,Student,39407.83,3.82,120,395.62,26928.68,2021-10-06,Active,731,37469.27,0.244
LOAN-0354,CUST-01400,Personal,134879.07,5.76,24,5963.35,0.0,2022-01-20,Closed,575,37756.05,0.438
LOAN-0355,CUST-00387,Mortgage,52692.13,4.29,60,977.32,23711.46,2022-03-04,Active,760,32760.49,0.479
LOAN-0356,CUST-01291,Mortgage,31568.78,7.75,36,985.61,0.0,2021-12-20,Closed,638,105714.36,0.312
LOAN-0357,CUST-00354,Student,25381.81,8.26,60,517.82,16498.18,2021-02-12,Defaulted,607,46011.17,0.464
LOAN-0358,CUST-01065,Business,206772.53,4.21,36,6124.08,40205.77,2022-07-03,Active,850,96639.91,0.347
LOAN-0359,CUST-00185,Student,34884.84,12.1,48,920.37,1453.53,2021-02-08,Active,709,25711.11,0.476
LOAN-0360,CUST-00424,Personal,22301.31,4.01,36,658.52,0.0,2021-06-18,Closed,761,51359.96,0.483
LOAN-0361,CUST-00422,Personal,31827.24,11.27,48,826.77,20687.71,2022-01-26,Defaulted,635,99058.38,0.369
LOAN-0362,CUST-01321,Business,8406.88,13.93,60,195.31,3362.75,2021-12-23,Active,703,86247.71,0.558
LOAN-0363,CUST-00858,Business,4943.06,8.12,60,100.51,3212.99,2021-04-01,Defaulted,619,46814.33,0.65
LOAN-0364,CUST-00855,Student,105163.21,8.95,24,4801.94,0.0,2022-08-05,Closed,575,158725.83,0.366
LOAN-0365,CUST-01347,Personal,38295.71,9.04,120,485.94,27445.26,2022-02-05,Active,712,81094.97,0.22
LOAN-0366,CUST-00559,Business,71525.04,15.21,12,6462.82,0.0,2021-02-16,Closed,637,70911.43,0.506
LOAN-0367,CUST-00487,Auto,68278.69,16.76,48,1961.72,7112.36,2021-05-11,Active,569,171318.64,0.323
LOAN-0368,CUST-00528,Business,29627.64,10.68,12,2614.12,0.0,2021-10-03,Closed,652,54136.68,0.562
LOAN-0369,CUST-01036,Business,55534.89,6.64,48,1320.6,4627.91,2021-04-01,Active,579,74034.28,0.682
LOAN-0370,CUST-00957,Auto,29381.03,12.61,60,662.66,12242.1,2022-01-14,Active,638,27529.15,0.472
LOAN-0371,CUST-01249,Personal,11183.84,9.38,60,234.23,3355.15,2021-06-28,Active,604,27898.25,0.011
LOAN-0372,CUST-00204,Auto,94417.16,15.1,60,2251.14,31472.39,2021-08-18,Active,664,28232.15,0.329
LOAN-0373,CUST-01026,Personal,51965.41,16.69,24,2561.55,0.0,2022-07-27,Closed,628,148422.04,0.309
LOAN-0374,CUST-00494,Personal,56908.16,6.05,24,2523.49,0.0,2021-04-08,Closed,734,62553.58,0.193
LOAN-0375,CUST-00557,Business,59418.64,16.58,24,2925.81,0.0,2022-06-09,Closed,794,95007.17,0.429
LOAN-0376,CUST-00659,Personal,32496.34,14.3,36,1115.39,0.0,2021-11-18,Closed,655,63143.92,0.388
LOAN-0377,CUST-01213,Student,26189.82,6.91,48,626.05,3273.73,2021-06-22,Active,689,45877.0,0.44
LOAN-0378,CUST-00189,Mortgage,29024.0,5.76,60,557.88,10158.4,2021-09-09,Active,835,30782.37,0.368
LOAN-0379,CUST-00480,Auto,72725.19,18.42,24,3645.52,0.0,2022-09-30,Closed,811,40834.24,0.114
LOAN-0380,CUST-01354,Mortgage,31907.81,12.76,120,471.91,20208.28,2021-04-02,Active,671,77810.88,0.335
LOAN-0381,CUST-00497,Mortgage,61994.81,5.6,48,1444.61,23248.05,2022-06-04,Active,715,111918.14,0.1
LOAN-0382,CUST-00484,Student,42276.78,17.03,24,2090.87,0.0,2021-04-29,Closed,530,99163.31,0.653
LOAN-0383,CUST-00831,Business,21179.01,15.05,24,1027.4,0.0,2022-02-02,Closed,576,129829.39,0.135
LOAN-0384,CUST-00765,Mortgage,86409.44,14.49,360,1057.44,76328.34,2021-06-08,Active,748,32310.85,0.239
LOAN-0385,CUST-00644,Personal,11929.72,9.06,60,247.99,3380.09,2021-05-01,Active,850,43129.84,0.371
LOAN-0386,CUST-00761,Personal,59372.66,8.72,36,1880.31,0.0,2021-08-06,Closed,750,119358.41,0.371
LOAN-0387,CUST-00122,Mortgage,19316.36,3.76,120,193.37,13682.42,2022-01-29,Active,645,54025.99,0.498
LOAN-0388,CUST-00487,Business,15004.71,9.99,60,318.73,6251.96,2022-01-26,Active,569,171318.64,0.323
LOAN-0389,CUST-00010,Personal,45952.99,6.57,12,3967.06,0.0,2021-11-17,Closed,772,71839.87,0.264
LOAN-0390,CUST-01288,Personal,102456.98,12.58,24,4850.8,0.0,2022-05-01,Closed,661,159965.83,0.027
LOAN-0391,CUST-01038,Personal,26462.2,3.7,36,777.74,0.0,2021-07-26,Closed,727,62983.64,0.276
LOAN-0392,CUST-00337,Student,37282.33,12.85,48,997.42,11650.73,2022-03-14,Active,686,89493.41,0.169
LOAN-0393,CUST-00653,Auto,101309.6,3.8,36,2982.06,22513.24,2022-08-04,Active,753,106475.6,0.524
LOAN-0394,CUST-01190,Mortgage,54627.35,13.43,120,829.56,41425.74,2022-07-27,Active,755,34878.7,0.494
LOAN-0395,CUST-01112,Mortgage,85768.14,13.03,24,4078.78,0.0,2021-04-13,Closed,707,46606.4,0.316
LOAN-0396,CUST-00606,Business,19246.0,12.17,24,907.5,0.0,2021-08-23,Closed,850,152902.85,0.75
LOAN-0397,CUST-00288,Mortgage,20219.36,15.89,60,490.51,5391.83,2021-04-13,Active,718,114144.28,0.261
LOAN-0398,CUST-00263,Auto,33746.52,8.64,360,262.84,31403.01,2022-11-29,Active,590,24612.98,0.143
LOAN-0399,CUST-01003,Personal,295897.95,10.31,24,13696.57,0.0,2021-08-02,Closed,631,133317.52,0.481
LOAN-0400,CUST-01290,Student,11347.81,16.63,120,194.57,7376.08,2021-06-14,Active,778,60036.07,0.571
LOAN-0401,CUST-01300,Student,16566.89,18.25,12,1520.82,0.0,2022-03-13,Closed,617,64289.54,0.574
LOAN-0402,CUST-00804,Auto,53352.38,5.15,24,2344.23,0.0,2021-06-23,Closed,661,41723.54,0.128
LOAN-0403,CUST-01102,Business,15180.41,10.44,120,204.33,9867.27,2022-03-03,Defaulted,686,178260.01,0.252
LOAN-0404,CUST-01114,Mortgage,37984.71,4.87,60,714.56,10762.33,2021-05-16,Active,712,68390.63,0.536
LOAN-0405,CUST-00019,Student,18668.73,15.94,120,312.03,12756.97,2021-10-30,Active,661,77867.56,0.272
LOAN-0406,CUST-01373,Auto,89644.91,9.81,48,2265.46,20543.63,2021-11-29,Active,726,38814.85,0.149
LOAN-0407,CUST-01077,Mortgage,114503.03,4.38,24,4991.67,0.0,2022-03-19,Closed,702,158440.68,0.7
LOAN-0408,CUST-00311,Student,106267.13,4.08,120,1079.95,76158.11,2022-02-08,Active,770,54842.62,0.222
LOAN-0409,CUST-01251,Mortgage,28932.36,13.07,360,321.63,18806.03,2022-02-24,Defaulted,660,24352.18,0.299
LOAN-0410,CUST-00523,Student,50955.27,10.13,48,1295.54,4246.27,2021-04-17,Active,647,28704.27,0.391
LOAN-0411,CUST-01255,Auto,29246.17,14.96,120,471.13,19984.88,2021-10-29,Active,737,65793.44,0.22
LOAN-0412,CUST-00003,Mortgage,7268.48,8.65,60,149.65,3028.53,2022-01-14,Active,593,43947.1,0.446
LOAN-0413,CUST-00493,Personal,106447.51,12.35,60,2386.74,42579.0,2021-12-04,Active,602,89020.72,0.506
LOAN-0414,CUST-01322,Personal,95219.34,12.38,24,4499.22,0.0,2021-10-03,Closed,735,110111.26,0.395
LOAN-0415,CUST-01069,Personal,61640.26,4.41,360,309.03,57017.24,2022-09-17,Active,762,52381.41,0.504
LOAN-0416,CUST-01058,Student,39347.7,15.39,12,3558.7,0.0,2022-03-06,Closed,668,58886.14,0.391
LOAN-0417,CUST-00906,Student,112368.78,14.06,360,1336.76,104565.39,2022-11-20,Active,649,76055.42,0.363
LOAN-0418,CUST-01063,Personal,32434.17,14.98,12,2927.15,0.0,2022-01-04,Closed,684,51346.69,0.344
LOAN-0419,CUST-00258,Business,129598.74,5.24,48,2998.68,43199.58,2022-04-16,Active,701,79431.42,0.319
LOAN-0420,CUST-00090,Business,83520.35,4.59,24,3648.84,0.0,2021-04-09,Closed,771,118899.02,0.38
LOAN-0421,CUST-01139,Business,85081.55,13.25,60,1946.77,31196.57,2021-10-08,Active,743,54084.23,0.199
LOAN-0422,CUST-00669,Business,17788.6,12.79,60,402.84,10080.21,2022-10-07,Active,705,20000.0,0.279
LOAN-0423,CUST-00360,Auto,60511.49,17.98,12,5547.12,0.0,2021-08-14,Closed,601,52747.92,0.341
LOAN-0424,CUST-00309,Student,35536.95,3.64,360,162.37,31193.54,2021-04-26,Active,686,42429.34,0.584
LOAN-0425,CUST-01076,Business,82024.5,14.84,12,7397.2,0.0,2022-02-17,Closed,631,80356.95,0.155
LOAN-0426,CUST-00682,Auto,9326.44,14.24,360,112.28,8238.36,2021-06-14,Active,602,54292.71,0.228
LOAN-0427,CUST-01299,Business,61208.76,16.75,60,1512.98,24483.5,2021-12-15,Active,765,41482.92,0.507
LOAN-0428,CUST-00310,Business,20771.1,12.26,48,549.64,2596.39,2021-06-16,Active,660,111198.62,0.246
LOAN-0429,CUST-01121,Auto,29269.73,11.53,360,290.53,26911.89,2022-07-12,Active,662,38646.29,0.311
LOAN-0430,CUST-00803,Personal,27030.76,15.61,36,945.12,8259.4,2022-11-13,Active,616,37480.86,0.092
LOAN-0431,CUST-01061,Auto,127297.54,3.92,360,601.88,82743.4,2021-08-23,Defaulted,560,75047.06,0.25
LOAN-0432,CUST-00117,Personal,39614.52,3.69,120,395.27,25089.2,2021-04-12,Active,732,78814.77,0.117
LOAN-0433,CUST-01249,Business,15395.77,11.1,24,718.28,0.0,2022-01-11,Closed,604,27898.25,0.011
LOAN-0434,CUST-00611,Business,103513.04,13.54,120,1578.7,73321.74,2022-01-15,Active,581,35243.24,0.447
LOAN-0435,CUST-00695,Mortgage,136103.93,11.38,48,3542.85,88467.55,2021-07-16,Defaulted,660,65313.18,0.402
LOAN-0436,CUST-00537,Mortgage,164754.44,13.5,360,1887.12,146448.39,2021-08-07,Active,742,58820.5,0.44
LOAN-0437,CUST-00389,Student,13661.14,3.61,48,306.08,1707.64,2021-06-10,Active,769,51449.9,0.385
LOAN-0438,CUST-00809,Student,49777.77,15.15,12,4496.38,0.0,2021-04-02,Closed,505,20000.0,0.283
LOAN-0439,CUST-01352,Business,9342.86,8.75,48,231.39,3503.57,2022-06-05,Active,719,51481.72,0.331
LOAN-0440,CUST-01360,Mortgage,9594.86,3.89,360,45.2,8422.15,2021-04-09,Active,680,70889.07,0.434
LOAN-0441,CUST-00717,Auto,46127.93,6.99,48,1104.38,6726.99,2021-07-07,Active,628,91361.89,0.184
LOAN-0442,CUST-00032,Auto,22715.02,9.45,60,476.5,11357.51,2022-06-15,Active,748,45155.58,0.434
LOAN-0443,CUST-01157,Auto,126943.42,7.12,60,2520.83,46545.92,2021-10-22,Active,625,45621.39,0.53
LOAN-0444,CUST-01339,Personal,24148.17,18.35,60,617.81,12074.08,2022-06-27,Late,638,89597.0,0.569
LOAN-0445,CUST-00874,Student,33882.17,7.9,36,1060.18,0.0,2021-03-17,Closed,609,87875.19,0.527
LOAN-0446,CUST-00253,Business,71308.22,6.93,12,6167.77,0.0,2022-05-23,Closed,801,42860.16,0.264
LOAN-0447,CUST-01500,Mortgage,29615.48,9.55,12,2597.48,0.0,2022-10-14,Closed,850,142760.95,0.343
LOAN-0448,CUST-01189,Business,42097.28,8.65,360,328.18,38939.98,2022-09-21,Active,606,56124.11,0.317
LOAN-0449,CUST-00018,Personal,58568.86,16.91,36,2085.52,0.0,2021-11-10,Closed,588,23850.79,0.174
LOAN-0450,CUST-01022,Mortgage,173347.27,15.12,360,2208.52,112675.73,2021-09-14,Defaulted,550,25275.9,0.254
LOAN-0451,CUST-01139,Student,34287.83,16.8,24,1691.97,0.0,2021-07-19,Closed,743,54084.23,0.199
LOAN-0452,CUST-01174,Student,26780.87,7.61,12,2324.8,0.0,2021-02-08,Closed,740,67205.11,0.437
LOAN-0453,CUST-00529,Auto,12468.97,10.32,60,266.9,6857.93,2022-09-23,Active,639,61584.09,0.169
LOAN-0454,CUST-00709,Mortgage,55592.73,9.2,36,1773.01,0.0,2021-02-18,Closed,572,29754.15,0.25
LOAN-0455,CUST-00505,Auto,73234.73,13.45,36,2483.47,0.0,2021-02-03,Closed,638,55528.54,0.275
LOAN-0456,CUST-00491,Auto,41256.83,9.0,360,331.96,38391.77,2022-11-16,Active,791,40468.48,0.397
LOAN-0457,CUST-01460,Student,25033.5,15.11,24,1215.1,0.0,2021-05-10,Closed,639,73082.74,0.263
LOAN-0458,CUST-00694,Auto,30711.43,13.15,120,461.28,21498.0,2021-12-09,Active,587,46499.13,0.213
LOAN-0459,CUST-01322,Student,89606.9,5.78,48,2095.39,24268.54,2022-01-01,Active,735,110111.26,0.395
LOAN-0460,CUST-00106,Auto,15574.74,9.51,12,1365.72,0.0,2022-05-02,Closed,758,52782.3,0.212
LOAN-0461,CUST-01481,Auto,64359.9,3.89,120,648.25,46660.93,2022-03-24,Active,720,143353.71,0.328
LOAN-0462,CUST-00678,Auto,68413.5,15.25,36,2379.96,11402.25,2022-06-09,Active,632,75462.02,0.445
LOAN-0463,CUST-00046,Personal,12377.67,9.55,36,396.78,687.65,2022-02-16,Active,764,67116.09,0.307
LOAN-0464,CUST-01445,Student,66624.57,12.97,12,5949.79,0.0,2022-01-08,Closed,791,179656.93,0.083
LOAN-0465,CUST-00806,Business,53625.87,17.23,48,1553.77,16758.08,2022-03-24,Active,662,44519.45,0.249
LOAN-0466,CUST-01189,Business,133272.26,14.27,360,1607.63,120315.23,2022-01-04,Active,606,56124.11,0.317
LOAN-0467,CUST-00047,Auto,37764.94,5.63,24,1667.48,0.0,2021-02-19,Closed,815,101073.79,0.312
LOAN-0468,CUST-01431,Personal,55845.79,8.94,24,2549.76,0.0,2022-09-14,Closed,543,34781.16,0.146
LOAN-0469,CUST-01246,Student,15687.33,10.51,24,727.59,0.0,2021-09-24,Closed,712,90038.7,0.349
LOAN-0470,CUST-01080,Mortgage,16332.02,8.44,60,334.6,10615.81,2022-11-04,Defaulted,516,20000.0,0.128
LOAN-0471,CUST-00232,Mortgage,14811.9,9.86,120,194.59,9627.74,2022-07-30,Defaulted,671,71520.7,0.437
LOAN-0472,CUST-00210,Student,27588.27,17.04,120,480.18,21151.01,2022-08-30,Active,624,77109.72,0.574
LOAN-0473,CUST-00203,Business,75334.13,12.15,12,6698.63,0.0,2021-06-11,Closed,770,115249.6,0.187
LOAN-0474,CUST-00549,Auto,136476.57,4.81,360,716.87,88709.77,2021-11-28,Defaulted,663,42240.84,0.621
LOAN-0475,CUST-01242,Business,24064.82,8.01,36,754.22,6016.2,2022-09-14,Active,593,85811.27,0.45
LOAN-0476,CUST-01342,Student,66751.43,7.84,12,5801.67,0.0,2021-06-10,Closed,614,25381.33,0.588
LOAN-0477,CUST-00428,Auto,64034.72,4.65,120,668.29,45891.55,2022-02-06,Active,636,42858.9,0.178
LOAN-0478,CUST-01195,Student,33477.81,12.53,24,1584.22,0.0,2022-10-10,Closed,802,27483.08,0.075
LOAN-0479,CUST-00939,Mortgage,15375.56,16.29,48,438.03,4484.54,2022-02-08,Late,679,64283.17,0.267
LOAN-0480,CUST-01126,Business,13968.99,12.16,60,311.86,9079.84,2022-03-07,Defaulted,602,92052.57,0.34
LOAN-0481,CUST-01193,Auto,9047.57,10.01,12,795.47,0.0,2021-05-11,Closed,850,42950.68,0.095
LOAN-0482,CUST-01429,Student,49769.56,14.89,36,1722.6,0.0,2021-08-28,Closed,764,77005.58,0.263
LOAN-0483,CUST-00259,Mortgage,57663.17,12.95,60,1310.54,17298.95,2021-06-09,Active,745,52433.88,0.772
LOAN-0484,CUST-00677,Auto,9215.63,17.81,120,164.93,5990.16,2022-01-18,Defaulted,608,70065.92,0.312
LOAN-0485,CUST-01148,Auto,9029.15,16.86,360,127.7,8000.83,2021-07-24,Active,582,36587.05,0.379
LOAN-0486,CUST-01272,Business,32554.22,8.24,48,798.42,2034.64,2021-03-16,Late,610,115171.78,0.379
LOAN-0487,CUST-01056,Business,68836.8,16.3,48,1961.45,11472.8,2021-08-06,Active,693,65178.79,0.194
LOAN-0488,CUST-01449,Auto,72454.32,3.53,36,2124.02,14088.34,2022-07-03,Active,796,40376.72,0.178
LOAN-0489,CUST-00871,Mortgage,18125.66,17.8,48,530.55,5664.27,2022-03-08,Active,810,30387.73,0.272
LOAN-0490,CUST-00440,Business,10269.53,9.94,12,902.57,0.0,2022-10-05,Closed,714,112508.44,0.309
LOAN-0491,CUST-01119,Student,32311.47,12.08,48,852.15,10097.33,2022-03-09,Active,569,46251.97,0.126
LOAN-0492,CUST-01431,Mortgage,26554.99,15.64,360,349.4,17260.74,2022-03-11,Defaulted,543,34781.16,0.146
LOAN-0493,CUST-00972,Mortgage,116150.56,17.4,12,10615.54,0.0,2022-04-08,Closed,475,34231.84,0.253
LOAN-0494,CUST-01211,Auto,26251.17,15.12,120,425.45,19032.1,2022-03-18,Active,658,77076.14,0.248
LOAN-0495,CUST-00918,Business,46757.79,12.15,360,486.36,43380.84,2022-10-20,Active,640,96466.69,0.598
LOAN-0496,CUST-00157,Auto,256679.55,11.12,120,3553.22,201065.65,2022-10-09,Active,850,25361.97,0.172
LOAN-0497,CUST-01308,Auto,19492.67,7.65,24,878.49,0.0,2022-05-02,Closed,652,44419.01,0.369
LOAN-0498,CUST-01340,Business,37905.53,12.48,12,3376.38,0.0,2021-06-04,Closed,718,25317.8,0.435
LOAN-0499,CUST-00700,Mortgage,29421.72,5.8,48,688.28,14097.91,2022-11-01,Active,619,41483.29,0.427
LOAN-0500,CUST-00692,Auto,145745.74,10.78,24,6778.02,0.0,2021-07-25,Closed,848,31340.64,0.176
LOAN-0501,CUST-01064,Auto,344167.64,9.97,24,15876.83,0.0,2021-12-13,Closed,689,80019.08,0.201
LOAN-0502,CUST-01375,Auto,10750.12,18.24,120,195.37,8241.76,2022-08-07,Active,654,139880.49,0.093
LOAN-0503,CUST-01476,Student,51774.86,6.0,48,1215.93,6471.86,2021-06-11,Active,735,73170.27,0.229
LOAN-0504,CUST-01435,Student,17987.11,13.87,60,417.32,10192.7,2022-10-27,Active,751,55935.56,0.209
LOAN-0505,CUST-00984,Personal,63311.96,15.15,120,1027.27,48011.57,2022-07-19,Active,591,25116.29,0.484
LOAN-0506,CUST-00078,Business,32643.71,13.77,60,755.68,11425.3,2021-09-29,Active,810,41455.63,0.251
LOAN-0507,CUST-00247,Personal,172338.22,3.76,60,3155.24,112019.84,2022-05-07,Defaulted,644,108448.04,0.651
LOAN-0508,CUST-00806,Business,12825.59,8.39,12,1117.99,0.0,2021-09-24,Closed,662,44519.45,0.249
LOAN-0509,CUST-01024,Student,17920.47,15.02,120,289.34,12245.65,2021-10-08,Late,470,20581.29,0.319
LOAN-0510,CUST-00879,Business,95435.24,15.12,24,4632.78,0.0,2022-02-07,Closed,477,64550.99,0.412
LOAN-0511,CUST-00157,Business,20169.76,11.26,12,1785.08,0.0,2022-08-20,Closed,850,25361.97,0.172
LOAN-0512,CUST-00752,Student,11482.66,9.65,12,1007.64,0.0,2022-01-15,Closed,497,34384.23,0.219
LOAN-0513,CUST-00411,Business,69970.63,4.42,36,2078.91,0.0,2021-05-18,Closed,850,36904.99,0.2
LOAN-0514,CUST-00025,Auto,110208.78,12.98,60,2506.46,71635.71,2021-03-24,Defaulted,792,27118.66,0.608
LOAN-0515,CUST-00818,Student,22541.84,10.87,360,212.46,14652.2,2022-03-17,Defaulted,649,31154.97,0.385
LOAN-0516,CUST-00667,Auto,22572.67,10.27,24,1044.43,0.0,2021-09-12,Closed,808,20000.0,0.247
LOAN-0517,CUST-00552,Auto,14937.54,15.99,60,363.17,9709.4,2022-05-16,Defaulted,497,60111.0,0.176
LOAN-0518,CUST-01237,Personal,23149.33,4.68,12,1978.36,0.0,2021-03-15,Closed,703,32537.58,0.368
LOAN-0519,CUST-00865,Mortgage,23649.87,11.59,60,521.19,5912.47,2021-03-16,Active,762,33864.45,0.338
LOAN-0520,CUST-00044,Auto,210994.39,13.02,12,18847.42,0.0,2022-09-09,Closed,743,61913.48,0.208
LOAN-0521,CUST-00015,Business,178435.67,7.4,48,4306.06,115983.19,2022-05-02,Defaulted,700,127328.31,0.217
LOAN-0522,CUST-00155,Personal,14568.36,18.39,24,730.06,0.0,2022-08-29,Closed,752,35836.87,0.13
LOAN-0523,CUST-00591,Auto,55429.99,14.25,120,868.99,40186.74,2022-03-04,Active,801,39811.42,0.133
LOAN-0524,CUST-00613,Personal,13352.57,5.8,120,146.9,8234.08,2021-02-04,Active,636,68147.17,0.27
LOAN-0525,CUST-00980,Mortgage,144251.09,14.51,48,3978.88,45078.47,2022-03-30,Active,811,64005.87,0.274
LOAN-0526,CUST-00644,Student,85739.93,6.23,120,961.82,52872.96,2021-02-15,Active,850,43129.84,0.371
LOAN-0527,CUST-01263,Mortgage,58262.84,17.37,12,5324.08,0.0,2022-04-27,Closed,730,138009.47,0.179
LOAN-0528,CUST-00577,Personal,61528.61,17.6,60,1549.06,23585.97,2021-11-01,Active,650,22332.35,0.25
LOAN-0529,CUST-01481,Student,52645.01,7.18,60,1046.91,29832.17,2022-10-01,Active,720,143353.71,0.328
LOAN-0530,CUST-01474,Student,17567.9,18.31,360,269.21,16055.11,2022-05-03,Active,674,30464.89,0.369
LOAN-0531,CUST-01309,Business,3762.15,12.95,48,100.84,548.65,2021-07-17,Active,570,32043.43,0.245
LOAN-0532,CUST-00179,Student,50072.79,12.62,60,1129.59,29209.13,2022-11-25,Active,670,55611.9,0.147
LOAN-0533,CUST-00581,Student,30793.45,6.07,360,186.01,27885.18,2022-02-14,Active,773,40522.64,0.2
LOAN-0534,CUST-00487,Student,47180.6,15.1,12,4260.67,0.0,2021-10-25,Closed,569,171318.64,0.323
LOAN-0535,CUST-00542,Business,191204.76,11.91,12,16980.26,0.0,2021-03-30,Closed,649,118393.75,0.405
LOAN-0536,CUST-01498,Auto,27240.88,15.46,36,950.46,3026.76,2022-04-23,Active,741,96333.38,0.348
LOAN-0537,CUST-01345,Personal,49075.68,5.59,60,939.44,13086.85,2021-04-03,Active,779,56517.48,0.249
LOAN-0538,CUST-00702,Auto,15318.95,7.61,60,307.76,6382.9,2022-01-14,Active,842,43199.75,0.421
LOAN-0539,CUST-00292,Student,16801.36,17.33,36,601.78,2800.23,2022-06-30,Active,850,109702.54,0.123
LOAN-0540,CUST-00285,Mortgage,140697.66,5.28,60,2673.22,44554.26,2021-07-29,Active,682,43223.72,0.363
LOAN-0541,CUST-01114,Business,62668.86,10.18,60,1337.09,40734.76,2022-10-31,Defaulted,712,68390.63,0.536
LOAN-0542,CUST-00996,Personal,203589.92,3.7,12,17307.77,0.0,2022-11-14,Closed,652,47814.39,0.143
LOAN-0543,CUST-00789,Business,12682.41,15.17,60,302.85,4650.22,2021-10-14,Active,592,45329.74,0.261
LOAN-0544,CUST-01489,Personal,10909.96,9.19,24,499.37,0.0,2021-12-11,Closed,773,40248.32,0.268
LOAN-0545,CUST-00045,Auto,53755.54,9.43,36,1720.19,16425.3,2022-11-21,Active,691,87357.72,0.394
LOAN-0546,CUST-00714,Business,7931.74,5.72,36,240.29,1101.63,2022-05-05,Active,702,51512.23,0.39
LOAN-0547,CUST-00884,Mortgage,41723.97,6.77,12,3605.82,0.0,2021-09-27,Closed,631,30478.48,0.52
LOAN-0548,CUST-00750,Personal,66625.85,10.56,12,5874.84,0.0,2021-09-16,Closed,592,50246.11,0.271
LOAN-0549,CUST-00418,Auto,77443.5,5.76,24,3423.97,0.0,2022-11-07,Closed,591,30891.6,0.279
LOAN-0550,CUST-00574,Auto,22460.23,14.24,48,616.47,10294.27,2022-10-16,Active,655,60134.21,0.273
LOAN-0551,CUST-01044,Student,48163.14,8.73,360,378.21,44952.26,2022-12-01,Active,540,140067.64,0.052
LOAN-0552,CUST-00635,Student,128177.94,6.19,360,784.22,83315.66,2022-11-20,Defaulted,579,53483.28,0.094
LOAN-0553,CUST-00831,Business,39658.21,16.85,24,1957.93,0.0,2022-03-21,Closed,576,129829.39,0.135
LOAN-0554,CUST-01198,Business,92311.76,15.36,24,4491.69,0.0,2022-09-26,Closed,797,224890.14,0.381
LOAN-0555,CUST-01220,Student,60156.41,14.43,36,2068.59,0.0,2021-10-23,Closed,700,73411.0,0.442
LOAN-0556,CUST-00054,Auto,19468.84,6.82,12,1682.96,0.0,2021-10-08,Closed,625,46048.02,0.474
LOAN-0557,CUST-00712,Mortgage,20111.26,13.56,120,306.96,15586.23,2022-09-02,Active,735,80919.55,0.23
LOAN-0558,CUST-00682,Business,20322.19,10.83,48,523.56,3810.41,2021-09-03,Late,602,54292.71,0.228
LOAN-0559,CUST-00225,Mortgage,153599.26,16.82,60,3802.49,99839.52,2022-04-21,Defaulted,547,22732.6,0.476
LOAN-0560,CUST-01433,Auto,13028.26,13.68,120,199.79,9011.21,2021-11-24,Active,741,25032.77,0.466
LOAN-0561,CUST-01246,Business,81686.95,15.45,48,2292.09,34036.23,2022-08-23,Active,712,90038.7,0.349
LOAN-0562,CUST-00785,Auto,45540.39,8.81,360,360.22,40227.34,2021-06-26,Active,704,60393.32,0.332
LOAN-0563,CUST-00832,Student,54276.88,6.88,36,1672.94,13569.22,2022-09-21,Active,827,20000.0,0.244
LOAN-0564,CUST-00658,Student,21584.8,7.76,60,435.19,14030.12,2021-03-29,Defaulted,778,70014.78,0.453
LOAN-0565,CUST-00372,Personal,158171.95,8.57,120,1967.03,117310.86,2022-05-09,Active,850,108027.16,0.346
LOAN-0566,CUST-00638,Student,41593.1,5.55,120,452.43,32581.26,2022-10-02,Active,791,59691.32,0.108
LOAN-0567,CUST-00531,Mortgage,60400.99,9.33,360,500.41,53018.65,2021-04-13,Active,800,75615.51,0.051
LOAN-0568,CUST-01116,Auto,17129.29,9.54,120,222.02,10991.29,2021-05-14,Active,812,36488.53,0.179
LOAN-0569,CUST-00530,Auto,21720.79,6.17,24,964.34,0.0,2021-05-30,Closed,527,153525.53,0.332
LOAN-0570,CUST-00969,Student,27279.76,5.13,36,819.19,0.0,2021-05-18,Closed,627,55063.16,0.274
LOAN-0571,CUST-00643,Auto,51934.79,12.37,36,1734.17,14426.33,2022-10-18,Active,734,48554.98,0.335
LOAN-0572,CUST-01190,Personal,92536.83,6.71,60,1819.71,26218.77,2021-05-13,Active,755,34878.7,0.494
LOAN-0573,CUST-00617,Student,16218.35,16.53,120,277.06,10271.62,2021-04-02,Active,817,47855.45,0.26
LOAN-0574,CUST-00830,Auto,27705.7,17.58,60,697.23,12467.56,2022-03-31,Active,688,62662.92,0.512
LOAN-0575,CUST-00907,Auto,9358.89,12.79,36,314.39,0.0,2021-08-06,Closed,762,79645.13,0.466
LOAN-0576,CUST-00649,Mortgage,17223.71,5.47,60,328.75,6602.42,2021-11-09,Late,623,48522.12,0.271
LOAN-0577,CUST-00143,Personal,34736.71,11.67,24,1629.83,0.0,2021-03-27,Closed,664,62368.36,0.495
LOAN-0578,CUST-01458,Student,24559.05,14.46,60,577.32,12688.84,2022-07-04,Active,724,20000.0,0.103
LOAN-0579,CUST-00246,Student,137146.13,11.03,120,1891.52,102859.6,2022-06-27,Active,788,47358.58,0.515
LOAN-0580,CUST-00506,Student,20556.23,12.46,36,687.29,13361.55,2022-03-02,Defaulted,493,62518.47,0.505
LOAN-0581,CUST-00659,Mortgage,103207.98,14.4,36,3547.49,0.0,2021-08-31,Closed,655,63143.92,0.388
LOAN-0582,CUST-00238,Personal,19016.28,9.43,12,1666.8,0.0,2022-07-29,Closed,637,25351.67,0.592
LOAN-0583,CUST-00885,Student,41055.36,13.01,120,613.24,29080.88,2022-01-21,Active,850,44362.4,0.252
LOAN-0584,CUST-01013,Personal,50175.93,9.97,360,439.22,45018.96,2021-11-14,Active,727,40850.24,0.164
LOAN-0585,CUST-00725,Mortgage,12658.94,14.58,360,155.82,11428.21,2022-01-16,Active,728,29875.58,0.105
LOAN-0586,CUST-00396,Student,9478.99,13.99,24,455.07,0.0,2021-07-02,Closed,720,33931.93,0.59
LOAN-0587,CUST-00571,Auto,23637.6,3.92,120,238.42,14576.52,2021-02-17,Active,520,77601.99,0.15
LOAN-0588,CUST-00792,Personal,50687.77,6.61,48,1204.63,15839.93,2022-03-16,Late,771,83292.78,0.509
LOAN-0589,CUST-00917,Student,42407.84,16.97,24,2096.13,0.0,2021-10-29,Closed,652,89084.96,0.549
LOAN-0590,CUST-00449,Student,131251.16,3.77,48,2950.04,57422.38,2022-09-28,Active,730,77396.27,0.452
LOAN-0591,CUST-00963,Business,43196.99,13.84,48,1176.96,28078.04,2022-10-29,Defaulted,661,47346.95,0.254
LOAN-0592,CUST-00729,Student,66069.58,9.29,60,1380.81,18719.71,2021-05-26,Active,679,59411.65,0.577
LOAN-0593,CUST-00776,Business,34987.71,7.39,24,1572.68,0.0,2021-07-12,Closed,623,87469.06,0.278
LOAN-0594,CUST-00613,Business,34032.52,15.23,48,951.12,11344.17,2022-04-15,Active,636,68147.17,0.27
LOAN-0595,CUST-00900,Business,31446.7,16.62,24,1549.06,0.0,2021-07-04,Closed,550,23939.38,0.335
LOAN-0596,CUST-00921,Mortgage,56946.1,18.38,48,1684.12,22541.16,2022-07-15,Active,708,25558.09,0.274
LOAN-0597,CUST-00537,Student,64952.15,5.52,24,2864.69,0.0,2021-05-08,Closed,742,58820.5,0.44
LOAN-0598,CUST-00518,Student,13682.56,5.42,12,1173.96,0.0,2022-08-04,Closed,676,79796.73,0.523
LOAN-0599,CUST-01413,Business,103453.66,4.52,24,4516.45,0.0,2022-10-26,Closed,553,28454.31,0.434
LOAN-0600,CUST-00256,Business,20398.75,11.87,24,959.0,0.0,2022-11-16,Closed,791,31304.84,0.233
LOAN-0601,CUST-00180,Auto,232251.92,3.59,48,5201.53,53224.4,2021-11-04,Active,810,35757.83,0.294
LOAN-0602,CUST-00565,Personal,41002.0,6.99,360,272.51,37129.59,2022-02-24,Active,713,79754.14,0.338
LOAN-0603,CUST-01199,Student,48870.81,15.16,48,1364.08,5090.71,2021-05-04,Late,496,61209.98,0.286
LOAN-0604,CUST-00425,Auto,85911.69,9.75,36,2762.06,0.0,2021-03-04,Closed,770,57866.72,0.316
LOAN-0605,CUST-00720,Auto,23029.48,16.3,12,2092.76,0.0,2021-09-18,Closed,719,86644.56,0.162
LOAN-0606,CUST-00827,Business,19349.59,7.39,24,869.76,0.0,2022-06-18,Closed,507,39677.8,0.278
LOAN-0607,CUST-00079,Auto,40933.04,11.68,48,1071.5,16202.66,2022-07-10,Active,628,46538.7,0.301
LOAN-0608,CUST-00219,Business,37211.54,6.72,12,3214.99,0.0,2021-03-13,Closed,637,41846.09,0.351
LOAN-0609,CUST-00154,Student,40564.04,18.27,120,737.97,31437.13,2022-09-18,Active,592,67003.64,0.243
LOAN-0610,CUST-00183,Student,31942.86,8.95,360,255.87,20762.86,2022-02-15,Defaulted,610,162879.38,0.444
LOAN-0611,CUST-00696,Student,41435.21,8.08,360,306.35,38097.37,2022-07-14,Active,803,147161.59,0.182
LOAN-0612,CUST-01051,Business,26778.69,17.18,24,1326.32,0.0,2021-07-04,Closed,660,33909.32,0.166
LOAN-0613,CUST-00612,Business,31135.06,8.71,12,2718.62,0.0,2021-03-10,Closed,702,30437.3,0.493
LOAN-0614,CUST-00647,Auto,14793.15,11.16,12,1308.55,0.0,2022-10-06,Closed,630,69162.78,0.414
LOAN-0615,CUST-00324,Auto,24528.15,16.66,60,605.11,12264.08,2022-06-30,Active,666,61598.61,0.256
LOAN-0616,CUST-00368,Student,28421.43,15.62,120,469.39,22026.61,2022-09-04,Active,809,156728.63,0.108
LOAN-0617,CUST-00241,Student,15497.01,14.6,36,534.18,0.0,2021-11-12,Closed,610,48929.45,0.486
LOAN-0618,CUST-00798,Auto,27249.19,5.83,120,300.2,20891.05,2022-08-20,Active,750,28717.89,0.268
LOAN-0619,CUST-00006,Business,24417.53,7.08,12,2113.67,0.0,2021-06-30,Closed,575,94126.95,0.611
LOAN-0620,CUST-00872,Auto,15692.99,6.31,24,697.72,0.0,2022-04-02,Closed,761,45014.2,0.273
LOAN-0621,CUST-00783,Personal,32893.77,13.48,24,1571.26,0.0,2021-03-25,Closed,756,60404.2,0.581
LOAN-0622,CUST-00768,Student,8427.3,4.58,360,43.1,7537.75,2021-10-11,Active,694,66867.26,0.234
LOAN-0623,CUST-00775,Personal,53532.28,4.95,120,566.49,35242.08,2021-07-23,Active,560,93831.92,0.284
LOAN-0624,CUST-00285,Mortgage,68597.71,9.56,120,889.89,48590.04,2022-01-25,Active,682,43223.72,0.363
LOAN-0625,CUST-00760,Personal,20041.8,7.65,48,485.99,8350.75,2022-08-28,Active,573,209482.94,0.205
LOAN-0626,CUST-01234,Mortgage,20543.1,17.42,24,1019.85,0.0,2021-12-31,Closed,705,34939.54,0.175
LOAN-0627,CUST-00903,Auto,19470.3,11.83,12,1728.36,0.0,2022-01-15,Closed,715,117374.01,0.241
LOAN-0628,CUST-00619,Student,23485.48,5.8,36,712.35,0.0,2021-09-21,Closed,722,65635.39,0.419
LOAN-0629,CUST-01334,Student,45935.22,13.26,36,1553.5,6379.89,2022-05-06,Late,765,45127.68,0.373
LOAN-0630,CUST-00051,Student,23371.2,14.87,24,1131.75,0.0,2022-04-05,Closed,780,171403.33,0.108
LOAN-0631,CUST-01451,Personal,48575.53,5.93,360,289.05,42908.38,2021-06-10,Active,736,38488.36,0.479
LOAN-0632,CUST-01132,Business,56889.64,6.65,12,4913.3,0.0,2022-09-22,Closed,563,42649.62,0.232
LOAN-0633,CUST-00238,Auto,12035.12,4.65,360,62.06,11132.49,2022-09-19,Active,637,25351.67,0.592
LOAN-0634,CUST-00417,Business,29316.97,6.29,36,895.74,19056.03,2022-06-30,Defaulted,640,25546.61,0.487
LOAN-0635,CUST-00259,Mortgage,54778.1,17.07,48,1582.61,35605.76,2021-09-07,Defaulted,745,52433.88,0.772
LOAN-0636,CUST-01344,Business,70323.93,3.78,12,5981.01,0.0,2022-11-16,Closed,605,51285.29,0.349
LOAN-0637,CUST-00918,Personal,19300.91,17.21,60,481.86,9650.45,2022-06-05,Active,640,96466.69,0.598
LOAN-0638,CUST-00750,Mortgage,12913.03,7.81,12,1122.15,0.0,2022-07-27,Closed,592,50246.11,0.271
LOAN-0639,CUST-00780,Mortgage,49433.81,6.26,120,555.29,32543.92,2021-07-27,Active,696,98654.51,0.32
LOAN-0640,CUST-01441,Student,73787.16,11.01,60,1604.68,43042.51,2022-11-30,Active,688,127727.09,0.185
LOAN-0641,CUST-00728,Personal,90872.13,16.71,36,3226.74,0.0,2021-02-18,Closed,606,123775.87,0.441
LOAN-0642,CUST-00270,Mortgage,54596.89,16.66,48,1565.81,18198.96,2022-04-17,Active,753,26170.91,0.513
LOAN-0643,CUST-00391,Student,25994.51,6.92,24,1162.9,0.0,2021-12-08,Closed,630,54095.76,0.033
LOAN-0644,CUST-00293,Business,49539.4,7.34,36,1537.35,0.0,2021-05-13,Closed,707,26196.11,0.427
LOAN-0645,CUST-00512,Student,69627.29,12.85,36,2340.99,45257.74,2022-03-20,Defaulted,560,177175.88,0.257
LOAN-0646,CUST-00899,Personal,49221.87,17.85,12,4509.15,0.0,2022-04-02,Closed,685,91516.17,0.077
LOAN-0647,CUST-01241,Business,5387.93,9.98,48,136.6,1459.23,2022-01-22,Active,684,63241.06,0.138
LOAN-0648,CUST-01254,Personal,16818.26,16.48,12,1529.76,0.0,2021-03-15,Closed,569,41927.64,0.278
LOAN-0649,CUST-01119,Student,16736.27,8.46,60,343.05,9483.89,2022-10-14,Active,569,46251.97,0.126
LOAN-0650,CUST-00148,Personal,38415.2,13.39,24,1833.37,0.0,2021-11-25,Closed,718,32810.51,0.507
LOAN-0651,CUST-00871,Student,39887.59,17.56,360,586.83,35566.43,2021-09-16,Active,810,30387.73,0.272
LOAN-0652,CUST-00913,Mortgage,36570.12,8.77,36,1159.01,0.0,2021-07-31,Closed,762,62201.56,0.077
LOAN-0653,CUST-00103,Personal,157632.25,7.51,360,1103.27,143182.63,2022-03-18,Active,573,20000.0,0.143
LOAN-0654,CUST-00200,Personal,6657.3,12.07,24,313.6,0.0,2021-06-10,Closed,738,30781.46,0.403
LOAN-0655,CUST-00191,Personal,8732.82,15.68,360,115.18,8053.6,2022-08-28,Active,783,118166.66,0.47
LOAN-0656,CUST-01007,Student,46065.23,7.69,60,927.22,12284.06,2021-04-12,Active,635,72097.26,0.524
LOAN-0657,CUST-01331,Business,11288.0,4.83,36,337.45,0.0,2021-12-17,Closed,654,28070.86,0.435
LOAN-0658,CUST-01165,Student,33356.05,13.27,60,763.57,15010.22,2022-03-18,Active,684,26240.85,0.252
LOAN-0659,CUST-01073,Business,86982.97,11.76,360,878.68,77076.58,2021-07-25,Active,829,78209.29,0.086
LOAN-0660,CUST-01188,Student,44104.07,9.71,360,377.63,38468.55,2021-02-26,Active,533,200081.78,0.143
LOAN-0661,CUST-00328,Student,76667.53,9.35,24,3514.86,0.0,2022-08-03,Closed,760,67747.59,0.508
LOAN-0662,CUST-00494,Personal,15928.78,4.14,24,692.7,0.0,2021-12-05,Closed,734,62553.58,0.193
LOAN-0663,CUST-00362,Student,37122.16,13.67,48,1008.28,7733.78,2021-10-27,Active,700,40257.21,0.262
LOAN-0664,CUST-00562,Student,33273.85,14.26,120,521.85,25232.67,2022-07-30,Active,737,42526.42,0.288
LOAN-0665,CUST-00828,Personal,29565.66,13.67,60,682.89,14782.83,2022-06-25,Active,719,137791.18,0.312
LOAN-0666,CUST-01495,Student,53113.33,16.9,360,752.91,47802.0,2021-12-17,Active,460,31262.88,0.288
LOAN-0667,CUST-00291,Mortgage,44031.21,12.0,360,452.91,28620.29,2022-07-07,Defaulted,588,90341.36,0.375
LOAN-0668,CUST-00609,Personal,32983.19,14.52,48,909.94,13055.85,2022-07-07,Active,584,30351.33,0.364
LOAN-0669,CUST-00531,Mortgage,6883.75,8.52,48,169.74,2724.82,2022-07-26,Active,800,75615.51,0.051
LOAN-0670,CUST-01351,Personal,25782.81,8.49,120,319.53,18262.82,2022-01-25,Active,509,39904.11,0.268
LOAN-0671,CUST-00918,Business,247131.77,6.9,120,2856.69,160635.65,2021-06-25,Active,640,96466.69,0.598
LOAN-0672,CUST-00941,Student,13611.68,7.21,12,1179.09,0.0,2021-02-08,Closed,677,58820.62,0.552
LOAN-0673,CUST-00217,Mortgage,86029.17,5.34,12,7378.15,0.0,2022-02-01,Closed,669,43447.45,0.25
LOAN-0674,CUST-00804,Mortgage,95691.37,12.56,36,3203.98,0.0,2021-10-14,Closed,661,41723.54,0.128
LOAN-0675,CUST-00761,Business,38552.63,6.76,48,918.9,25059.21,2021-10-13,Defaulted,750,119358.41,0.371
LOAN-0676,CUST-00406,Personal,13287.32,10.64,120,180.34,8636.76,2022-04-28,Defaulted,783,74068.43,0.48
LOAN-0677,CUST-01500,Auto,168016.17,13.61,48,4558.49,70006.74,2022-08-30,Active,850,142760.95,0.343
LOAN-0678,CUST-01246,Business,28927.86,4.73,60,542.33,13017.54,2022-03-13,Active,712,90038.7,0.349
LOAN-0679,CUST-00793,Student,26945.45,12.35,360,284.44,17514.54,2021-06-24,Defaulted,559,186749.67,0.586
LOAN-0680,CUST-00939,Auto,13327.88,15.25,60,318.82,4442.63,2021-08-02,Active,679,64283.17,0.267
LOAN-0681,CUST-00745,Personal,71124.51,13.97,24,3413.88,0.0,2022-02-21,Closed,568,68268.6,0.301
LOAN-0682,CUST-00089,Mortgage,24756.22,8.14,48,606.0,11346.6,2022-10-30,Active,710,36803.61,0.287
LOAN-0683,CUST-00828,Business,57116.21,15.52,24,2783.51,0.0,2021-03-12,Closed,719,137791.18,0.312
LOAN-0684,CUST-00337,Mortgage,84021.01,13.79,360,981.59,76085.69,2022-02-20,Active,686,89493.41,0.169
LOAN-0685,CUST-01067,Business,13974.28,16.01,36,491.36,9083.28,2022-05-28,Defaulted,713,49878.9,0.377
LOAN-0686,CUST-00828,Mortgage,94492.68,17.52,360,1387.11,83206.05,2021-05-06,Active,719,137791.18,0.312
LOAN-0687,CUST-00660,Personal,53630.61,4.55,48,1224.17,13407.65,2021-12-15,Active,639,39165.79,0.708
LOAN-0688,CUST-00382,Personal,99974.97,10.8,360,937.01,88311.22,2021-06-05,Late,571,40527.3,0.316
LOAN-0689,CUST-01396,Auto,134289.54,18.31,24,6724.42,0.0,2021-02-16,Closed,732,116686.78,0.151
LOAN-0690,CUST-00756,Auto,89292.29,4.59,48,2039.8,5580.77,2021-03-11,Active,608,93378.83,0.299
LOAN-0691,CUST-01253,Business,29509.28,3.93,24,1280.52,0.0,2021-08-26,Closed,720,72247.84,0.459
LOAN-0692,CUST-00425,Auto,33761.2,4.24,24,1469.69,0.0,2022-01-11,Closed,770,57866.72,0.316
LOAN-0693,CUST-01411,Business,7055.1,17.72,120,125.85,5114.95,2022-03-22,Active,794,97754.02,0.05
LOAN-0694,CUST-00071,Mortgage,68953.09,9.6,120,896.02,54013.25,2022-10-03,Active,634,38233.81,0.135
LOAN-0695,CUST-00129,Auto,46417.37,4.02,60,855.27,24755.93,2022-08-29,Active,703,84805.23,0.166
LOAN-0696,CUST-01088,Auto,50351.22,4.66,60,942.37,21818.86,2022-02-14,Active,683,178769.23,0.14
LOAN-0697,CUST-00895,Personal,74238.88,5.28,48,1719.1,15466.43,2021-10-16,Active,743,21367.09,0.154
LOAN-0698,CUST-00219,Mortgage,4901.96,4.6,24,214.18,0.0,2021-05-23,Closed,637,41846.09,0.351
LOAN-0699,CUST-00814,Business,18836.06,5.46,60,359.44,5022.95,2021-04-20,Active,634,83684.13,0.29
LOAN-0700,CUST-01469,Business,28086.87,17.98,36,1015.13,0.0,2021-10-21,Closed,515,103317.23,0.109
LOAN-0701,CUST-01266,Student,11073.28,7.26,60,220.63,4982.98,2022-03-14,Active,637,241189.08,0.323
LOAN-0702,CUST-00562,Business,89709.33,11.52,360,889.75,81236.78,2022-02-05,Active,737,42526.42,0.288
LOAN-0703,CUST-01388,Business,110347.96,10.03,24,5093.53,0.0,2022-05-14,Closed,781,86600.41,0.46
LOAN-0704,CUST-00972,Auto,43073.17,9.46,120,556.41,29792.28,2021-11-23,Active,475,34231.84,0.253
LOAN-0705,CUST-01042,Student,41743.05,4.6,48,953.77,18262.58,2022-09-16,Active,630,140922.51,0.124
LOAN-0706,CUST-00748,Mortgage,23428.68,18.01,360,353.28,21346.13,2022-04-29,Active,564,39859.89,0.225
LOAN-0707,CUST-01180,Student,20378.74,16.48,120,347.49,13246.18,2021-05-14,Defaulted,776,48418.53,0.322
LOAN-0708,CUST-00821,Mortgage,20535.81,9.11,48,512.11,13348.28,2021-08-08,Defaulted,688,31303.67,0.164
LOAN-0709,CUST-00865,Business,12173.98,14.74,24,588.77,0.0,2022-01-21,Closed,762,33864.45,0.338
LOAN-0710,CUST-00136,Personal,21164.66,9.55,60,445.01,4938.42,2021-02-19,Active,689,66509.79,0.1
LOAN-0711,CUST-01397,Personal,134746.09,7.23,60,2682.78,56144.2,2022-01-13,Active,710,47696.02,0.365
LOAN-0712,CUST-01066,Business,9904.82,16.25,36,349.45,275.13,2022-01-26,Active,665,20000.0,0.563
LOAN-0713,CUST-00982,Business,79695.14,9.21,36,2542.08,0.0,2021-07-13,Closed,585,36065.46,0.309
LOAN-0714,CUST-01264,Business,12889.45,5.73,24,569.7,0.0,2022-07-13,Closed,752,77168.76,0.216
LOAN-0715,CUST-00901,Mortgage,69371.44,9.78,24,3194.1,0.0,2022-10-28,Closed,732,93458.89,0.28
LOAN-0716,CUST-00433,Personal,28935.13,10.16,120,384.95,22906.98,2022-11-12,Active,630,20000.0,0.564
LOAN-0717,CUST-00722,Student,14786.26,6.55,12,1276.34,0.0,2022-02-16,Closed,755,20000.0,0.215
LOAN-0718,CUST-01490,Mortgage,59825.63,16.2,12,5433.69,0.0,2022-01-20,Closed,579,93077.36,0.602
LOAN-0719,CUST-00754,Student,44515.63,13.75,360,518.66,40805.99,2022-06-26,Active,691,53020.11,0.171
LOAN-0720,CUST-01360,Personal,16112.48,11.72,48,422.09,2685.41,2021-08-02,Active,680,70889.07,0.434
LOAN-0721,CUST-00961,Auto,33790.31,16.9,120,585.13,25905.9,2022-08-17,Active,850,52606.73,0.062
LOAN-0722,CUST-00748,Auto,16908.92,12.3,12,1504.71,0.0,2021-11-20,Closed,564,39859.89,0.225
LOAN-0723,CUST-00235,Personal,183016.76,3.71,12,15559.62,0.0,2022-07-25,Closed,675,117572.83,0.256
LOAN-0724,CUST-00443,Personal,39296.02,7.01,48,941.17,11461.34,2022-02-23,Active,651,187512.47,0.352
LOAN-0725,CUST-00595,Personal,69399.04,14.09,36,2374.93,3855.5,2022-02-01,Active,762,21520.34,0.219
LOAN-0726,CUST-00582,Business,53327.52,8.63,120,664.9,40440.04,2022-07-09,Active,556,55134.59,0.203
LOAN-0727,CUST-00347,Student,18597.02,16.37,12,1690.58,0.0,2022-05-03,Closed,779,26194.53,0.175
LOAN-0728,CUST-01003,Auto,12001.95,6.77,36,369.32,0.0,2021-07-31,Closed,631,133317.52,0.481
LOAN-0729,CUST-00050,Business,36139.56,16.08,24,1770.89,0.0,2022-07-22,Closed,663,100914.47,0.405
LOAN-0730,CUST-00269,Business,25732.53,16.25,48,732.57,2680.47,2021-05-12,Active,618,66638.26,0.151
LOAN-0731,CUST-00660,Business,20491.76,18.4,36,744.94,2846.08,2022-05-24,Active,639,39165.79,0.708
LOAN-0732,CUST-01417,Mortgage,180894.37,4.83,36,5407.77,35173.91,2022-07-01,Active,697,53688.22,0.426
LOAN-0733,CUST-01179,Mortgage,34404.7,6.7,36,1057.6,2867.06,2022-03-13,Active,758,76441.41,0.482
LOAN-0734,CUST-00736,Mortgage,9365.17,6.5,36,287.03,1821.01,2022-07-11,Active,807,325225.22,0.134
LOAN-0735,CUST-00048,Business,34642.92,16.78,360,487.71,22517.9,2021-05-05,Defaulted,524,40515.08,0.121
LOAN-0736,CUST-00410,Student,125732.11,13.82,48,3424.47,10477.68,2021-04-04,Active,805,104433.38,0.252
LOAN-0737,CUST-00590,Business,182730.89,15.51,120,3005.42,115729.56,2021-04-26,Late,655,84274.7,0.312
LOAN-0738,CUST-00373,Student,35092.72,16.01,24,1718.42,0.0,2021-05-28,Closed,564,133158.23,0.63
LOAN-0739,CUST-00921,Mortgage,33948.42,8.84,120,427.11,24046.8,2022-01-16,Active,708,25558.09,0.274
LOAN-0740,CUST-01174,Auto,27921.8,3.67,36,820.27,1551.21,2022-02-27,Active,740,67205.11,0.437
LOAN-0741,CUST-00098,Auto,19193.4,8.75,120,240.54,13115.49,2021-10-04,Active,664,20000.0,0.448
LOAN-0742,CUST-00098,Student,69177.84,10.21,36,2239.0,0.0,2021-04-19,Closed,664,20000.0,0.448
LOAN-0743,CUST-00778,Mortgage,17369.97,18.18,24,868.69,0.0,2021-03-05,Closed,689,25078.78,0.315
LOAN-0744,CUST-01001,Auto,70231.85,4.62,60,1313.17,35115.93,2022-06-16,Late,739,59832.4,0.272
LOAN-0745,CUST-01255,Personal,46835.62,12.8,48,1251.84,21466.33,2022-10-30,Active,737,65793.44,0.22
LOAN-0746,CUST-00123,Business,12200.63,3.93,360,57.76,11082.24,2022-03-05,Active,692,97664.84,0.346
LOAN-0747,CUST-00489,Student,21936.16,4.19,120,224.08,14258.5,2021-11-03,Defaulted,669,107183.83,0.554
LOAN-0748,CUST-01080,Student,59693.78,6.29,36,1823.85,9948.96,2022-06-25,Active,516,20000.0,0.128
LOAN-0749,CUST-01121,Personal,93738.46,15.38,360,1213.8,86447.69,2022-08-07,Active,662,38646.29,0.311
LOAN-0750,CUST-00307,Student,181345.85,9.83,120,2379.46,117874.8,2021-05-01,Defaulted,735,95211.4,0.234
LOAN-0751,CUST-00991,Student,26352.5,11.0,36,862.75,0.0,2021-04-25,Closed,743,34929.56,0.222
LOAN-0752,CUST-01024,Business,249417.31,15.15,48,6960.45,162121.25,2022-01-12,Defaulted,470,20581.29,0.319
LOAN-0753,CUST-01073,Auto,167809.21,6.48,36,5141.66,18645.47,2022-04-19,Active,829,78209.29,0.086
LOAN-0754,CUST-00704,Business,55083.44,16.69,24,2715.25,0.0,2021-06-10,Closed,613,64119.3,0.174
LOAN-0755,CUST-00004,Mortgage,9442.64,16.35,120,160.24,7239.36,2022-08-03,Active,556,62139.71,0.229
LOAN-0756,CUST-00588,Auto,42414.86,16.18,120,715.27,27569.66,2021-06-07,Active,733,57800.76,0.234
LOAN-0757,CUST-00191,Auto,45556.01,17.53,12,4166.39,0.0,2022-05-25,Closed,783,118166.66,0.47
LOAN-0758,CUST-00108,Business,7668.03,10.29,36,248.47,0.0,2021-11-07,Closed,803,38216.86,0.165
LOAN-0759,CUST-01053,Personal,45122.21,17.53,24,2242.45,0.0,2021-02-28,Closed,569,121860.17,0.265
LOAN-0760,CUST-00919,Business,12417.29,10.33,360,112.01,10830.64,2021-02-15,Active,569,39185.01,0.145
LOAN-0761,CUST-01472,Personal,17662.24,5.0,24,774.87,0.0,2022-03-10,Closed,649,31928.13,0.108
LOAN-0762,CUST-01091,Business,18090.89,6.16,12,1558.35,0.0,2022-06-16,Closed,645,20137.04,0.117
LOAN-0763,CUST-00633,Mortgage,70061.9,11.76,60,1550.0,36198.65,2022-07-09,Active,783,45581.95,0.11
LOAN-0764,CUST-01270,Auto,83826.1,17.34,48,2433.58,40166.67,2022-11-02,Active,580,75121.83,0.116
LOAN-0765,CUST-00772,Auto,28464.29,9.16,360,232.31,26329.47,2022-09-29,Active,691,39270.34,0.41
LOAN-0766,CUST-00252,Mortgage,9390.05,8.61,360,72.93,8529.3,2022-03-17,Active,803,65686.82,0.116
LOAN-0767,CUST-01395,Business,29435.79,12.2,12,2618.09,0.0,2022-06-10,Closed,707,21728.6,0.364
LOAN-0768,CUST-01163,Business,43423.33,4.33,24,1892.04,0.0,2021-05-29,Closed,741,81966.61,0.534
LOAN-0769,CUST-01292,Student,45131.11,17.97,24,2252.48,0.0,2022-04-02,Closed,660,40691.02,0.295
LOAN-0770,CUST-01360,Personal,20652.11,6.03,36,628.56,0.0,2021-02-28,Closed,680,70889.07,0.434
LOAN-0771,CUST-00946,Student,26368.05,17.82,36,950.89,0.0,2021-02-28,Closed,712,255463.54,0.551
LOAN-0772,CUST-00632,Personal,33818.5,13.46,120,514.16,24236.59,2022-02-11,Active,679,47612.76,0.348
LOAN-0773,CUST-00250,Business,21662.76,11.93,360,221.66,19255.79,2021-08-31,Active,725,57308.1,0.144
LOAN-0774,CUST-00197,Business,20229.76,12.3,24,955.12,0.0,2021-09-01,Closed,682,77736.8,0.515
LOAN-0775,CUST-00113,Business,35435.4,14.24,24,1705.38,0.0,2021-04-07,Closed,702,49443.84,0.099
LOAN-0776,CUST-01224,Business,30624.84,8.44,120,378.72,19906.15,2022-01-05,Defaulted,631,74577.8,0.679
LOAN-0777,CUST-00347,Student,75363.08,11.45,360,743.44,69292.17,2022-07-27,Active,779,26194.53,0.175
LOAN-0778,CUST-01174,Student,26071.19,16.56,36,923.81,7242.0,2022-10-04,Active,740,67205.11,0.437
LOAN-0779,CUST-00426,Business,5528.35,11.08,120,76.4,3593.43,2021-05-18,Defaulted,658,52372.6,0.41
LOAN-0780,CUST-01465,Student,93370.35,16.36,24,4587.78,0.0,2022-04-13,Closed,739,122728.45,0.048
LOAN-0781,CUST-01163,Student,98057.42,15.12,360,1249.3,63737.32,2022-01-25,Defaulted,741,81966.61,0.534
LOAN-0782,CUST-00317,Mortgage,47985.89,13.88,360,564.02,31190.83,2021-12-14,Defaulted,561,108157.82,0.625
LOAN-0783,CUST-00056,Auto,68785.73,7.64,360,487.57,60760.73,2021-06-07,Active,729,91489.06,0.267
LOAN-0784,CUST-01225,Business,124502.3,9.79,36,4005.08,17291.99,2022-05-10,Active,673,130788.93,0.472
LOAN-0785,CUST-01378,Personal,20630.87,14.38,48,567.71,13410.07,2022-09-16,Defaulted,574,29894.34,0.388
LOAN-0786,CUST-00151,Personal,9044.16,4.28,48,205.34,376.84,2021-02-18,Late,741,103144.43,0.287
LOAN-0787,CUST-00781,Student,26776.05,4.44,360,134.72,24321.58,2022-03-19,Active,731,37469.27,0.244
LOAN-0788,CUST-00272,Auto,28530.33,5.28,36,858.67,0.0,2021-05-30,Closed,617,67323.06,0.355
LOAN-0789,CUST-01488,Business,80630.23,7.29,48,1941.66,3359.59,2021-02-15,Late,647,98778.81,0.437
LOAN-0790,CUST-00207,Business,26021.27,13.86,120,401.84,19732.8,2022-07-05,Active,561,153497.52,0.094
LOAN-0791,CUST-00465,Mortgage,125861.6,6.71,36,3869.57,0.0,2021-08-01,Closed,526,86692.16,0.292
LOAN-0792,CUST-01298,Mortgage,26733.9,7.29,36,829.01,0.0,2021-03-21,Closed,709,48242.09,0.777
LOAN-0793,CUST-00140,Mortgage,67531.11,12.84,12,6026.63,0.0,2021-06-24,Closed,850,44118.76,0.328
LOAN-0794,CUST-01011,Student,16056.12,16.93,60,398.43,5084.44,2021-07-21,Active,687,91795.19,0.16
LOAN-0795,CUST-01171,Business,12753.81,18.46,120,233.6,9459.08,2022-05-21,Active,652,126644.06,0.137
LOAN-0796,CUST-00845,Personal,16765.72,17.87,36,605.03,0.0,2021-11-30,Closed,850,95053.6,0.128
LOAN-0797,CUST-01141,Mortgage,12914.19,6.29,48,305.01,2421.41,2021-09-03,Active,845,68265.23,0.159
LOAN-0798,CUST-00962,Auto,97387.74,13.8,12,8735.0,0.0,2021-06-27,Closed,746,45164.93,0.337
LOAN-0799,CUST-00809,Auto,33073.79,15.91,12,2999.4,0.0,2022-06-25,Closed,505,20000.0,0.283
LOAN-0800,CUST-00823,Mortgage,33302.01,5.07,24,1462.05,0.0,2021-09-15,Closed,679,42738.66,0.571
LOAN-0801,CUST-01199,Mortgage,23307.48,11.2,360,225.49,20588.27,2021-06-04,Late,496,61209.98,0.286
LOAN-0802,CUST-00410,Student,16513.66,5.53,120,179.46,10458.65,2021-04-26,Active,805,104433.38,0.252
LOAN-0803,CUST-01149,Mortgage,79428.05,18.02,36,2872.31,6619.0,2022-03-02,Active,817,61597.0,0.442
LOAN-0804,CUST-00546,Student,48444.86,8.21,48,1187.46,18166.82,2022-06-09,Active,695,61005.24,0.256
LOAN-0805,CUST-00581,Student,67382.02,6.75,12,5822.58,0.0,2021-09-07,Closed,773,40522.64,0.2
LOAN-0806,CUST-01148,Personal,36113.25,11.27,36,1186.92,11034.6,2022-11-13,Active,582,36587.05,0.379
LOAN-0807,CUST-00406,Personal,14848.01,5.65,48,346.33,3402.67,2021-11-29,Active,783,74068.43,0.48
LOAN-0808,CUST-00512,Student,161245.6,13.89,120,2492.95,116903.06,2022-03-17,Active,560,177175.88,0.257
LOAN-0809,CUST-00953,Personal,62096.68,14.63,48,1716.57,9055.77,2021-07-28,Active,665,43382.61,0.11
LOAN-0810,CUST-01430,Personal,15388.14,9.74,24,708.24,0.0,2022-05-29,Closed,704,95431.99,0.094
LOAN-0811,CUST-00399,Student,45846.73,13.16,48,1233.6,18147.66,2022-07-23,Active,700,97697.98,0.498
LOAN-0812,CUST-01473,Business,31709.49,13.35,36,1073.77,7046.55,2022-08-19,Active,719,28962.08,0.343
LOAN-0813,CUST-01382,Personal,47776.46,15.68,12,4327.57,0.0,2021-02-15,Closed,714,33363.85,0.399
LOAN-0814,CUST-00227,Student,34571.84,13.4,60,793.71,9795.35,2021-05-26,Active,755,82941.42,0.162
LOAN-0815,CUST-00843,Business,22545.9,8.0,360,165.43,19978.17,2021-07-24,Active,715,46825.29,0.247
LOAN-0816,CUST-00421,Auto,71285.68,17.72,360,1058.06,63761.08,2021-10-09,Active,716,263331.38,0.246
LOAN-0817,CUST-01407,Business,25876.12,17.63,48,755.12,16819.48,2022-08-18,Defaulted,594,62812.44,0.315
LOAN-0818,CUST-01038,Mortgage,57636.24,12.52,60,1297.28,31699.93,2022-09-05,Active,727,62983.64,0.276
LOAN-0819,CUST-01045,Student,42072.03,15.09,120,681.09,31203.42,2022-05-15,Active,609,67974.2,0.3
LOAN-0820,CUST-00077,Personal,31760.66,12.48,48,843.88,20644.43,2022-02-26,Defaulted,684,37023.73,0.522
LOAN-0821,CUST-01297,Auto,23868.74,16.45,48,681.96,3978.12,2021-08-22,Active,755,70819.29,0.493
LOAN-0822,CUST-00698,Mortgage,21456.11,16.58,60,528.41,6079.23,2021-05-23,Late,638,132332.07,0.358
LOAN-0823,CUST-00368,Mortgage,18127.02,4.54,24,791.53,0.0,2021-12-28,Closed,809,156728.63,0.108
LOAN-0824,CUST-00645,Mortgage,25747.3,15.12,48,718.13,4291.22,2021-08-18,Active,505,56759.48,0.221
LOAN-0825,CUST-00892,Mortgage,69922.67,8.26,24,3170.71,0.0,2021-04-26,Closed,782,25231.95,0.23
LOAN-0826,CUST-01068,Auto,398600.13,14.05,48,10902.34,24912.51,2021-03-11,Active,629,68813.46,0.142
LOAN-0827,CUST-00567,Student,30182.37,6.18,12,2600.19,0.0,2021-04-29,Closed,622,46792.42,0.046
LOAN-0828,CUST-00525,Student,20841.73,12.58,48,554.8,5210.43,2021-12-21,Late,788,20000.0,0.835
LOAN-0829,CUST-01316,Personal,95322.72,8.74,360,749.22,85525.66,2021-11-22,Active,799,96328.03,0.813
LOAN-0830,CUST-01448,Business,6901.42,14.56,12,621.48,0.0,2021-10-17,Closed,598,59307.79,0.312
LOAN-0831,CUST-01299,Student,71735.22,18.38,48,2121.49,11955.87,2021-08-17,Active,765,41482.92,0.507
LOAN-0832,CUST-00558,Mortgage,60921.55,14.2,120,953.25,43152.76,2022-01-01,Active,664,100029.5,0.326
LOAN-0833,CUST-00735,Student,6391.47,7.02,36,197.41,0.0,2021-09-11,Closed,678,28486.75,0.124
LOAN-0834,CUST-01478,Personal,48075.29,6.83,36,1480.69,0.0,2021-12-01,Closed,696,27105.51,0.281
LOAN-0835,CUST-00166,Student,133050.15,8.68,120,1662.47,90917.6,2021-10-14,Active,672,76794.95,0.28
LOAN-0836,CUST-00130,Business,42669.06,9.89,360,370.99,38994.78,2022-05-04,Active,650,42743.24,0.325
LOAN-0837,CUST-00050,Business,34700.83,5.72,360,201.84,30363.23,2021-03-21,Active,663,100914.47,0.405
LOAN-0838,CUST-00781,Personal,32624.37,17.32,48,946.79,5437.39,2021-08-22,Active,731,37469.27,0.244
LOAN-0839,CUST-00026,Personal,51366.25,17.27,360,743.58,44945.47,2021-03-02,Active,705,116936.8,0.408
LOAN-0840,CUST-00249,Student,41726.56,16.31,24,2049.25,0.0,2021-04-05,Closed,850,75582.46,0.156
LOAN-0841,CUST-01113,Personal,10575.74,6.62,60,207.52,2643.93,2021-03-30,Active,850,46142.74,0.358
LOAN-0842,CUST-01261,Auto,51029.57,5.44,360,287.82,47485.85,2022-11-26,Active,680,35226.52,0.446
LOAN-0843,CUST-01419,Mortgage,35564.77,16.31,36,1255.8,7903.28,2022-08-28,Active,701,70437.65,0.341
LOAN-0844,CUST-00678,Auto,19448.45,15.82,48,549.38,12641.49,2022-07-30,Defaulted,632,75462.02,0.445
LOAN-0845,CUST-00951,Mortgage,47711.85,5.15,24,2096.39,0.0,2022-03-14,Closed,591,42664.44,0.349
LOAN-0846,CUST-00338,Auto,26960.2,11.52,120,379.36,17748.8,2021-07-06,Active,737,63464.88,0.763
LOAN-0847,CUST-00115,Business,79083.49,9.78,360,681.19,51404.27,2021-03-07,Defaulted,548,83630.35,0.39
LOAN-0848,CUST-01028,Mortgage,50534.04,18.38,120,922.95,32847.13,2021-07-22,Defaulted,685,115967.17,0.354
LOAN-0849,CUST-00912,Business,39215.61,14.01,48,1071.82,11437.89,2022-02-04,Active,632,20311.54,0.125
LOAN-0850,CUST-01045,Business,21078.95,18.08,48,620.08,2195.72,2021-05-26,Active,609,67974.2,0.3
LOAN-0851,CUST-00407,Auto,36973.34,13.02,48,992.27,24032.67,2022-07-26,Defaulted,653,60666.48,0.7
LOAN-0852,CUST-00299,Mortgage,81571.48,12.99,360,901.71,71375.04,2021-03-11,Active,615,100824.79,0.271
LOAN-0853,CUST-00227,Auto,20484.16,16.18,12,1860.29,0.0,2021-05-15,Closed,755,82941.42,0.162
LOAN-0854,CUST-00201,Auto,23922.48,8.38,36,753.84,0.0,2021-03-22,Closed,698,135930.55,0.325
LOAN-0855,CUST-00747,Personal,75067.88,4.97,36,2248.84,4170.44,2022-02-14,Active,773,117770.69,0.058
LOAN-0856,CUST-00548,Student,38567.7,11.6,24,1808.32,0.0,2021-06-13,Closed,599,170037.09,0.151
LOAN-0857,CUST-01161,Business,61192.74,14.85,12,5518.82,0.0,2021-05-11,Closed,801,67529.55,0.109
LOAN-0858,CUST-01093,Personal,26251.17,11.66,36,867.66,0.0,2021-05-23,Closed,528,37642.17,0.188
LOAN-0859,CUST-01224,Mortgage,119919.5,13.91,360,1412.35,111258.65,2022-10-12,Active,631,74577.8,0.679
LOAN-0860,CUST-00580,Personal,19227.2,14.05,120,299.11,11856.77,2021-02-27,Active,649,35116.69,0.451
LOAN-0861,CUST-00864,Personal,11483.28,5.99,120,127.43,7464.13,2022-06-23,Defaulted,497,49574.74,0.424
LOAN-0862,CUST-00086,Student,17564.6,15.11,48,489.82,1097.79,2021-03-23,Active,656,82750.12,0.245
LOAN-0863,CUST-00009,Auto,36288.36,13.85,360,425.67,33768.33,2022-11-09,Active,777,83819.58,0.476
LOAN-0864,CUST-01274,Personal,57748.99,4.37,24,2517.27,0.0,2021-12-02,Closed,714,66181.64,0.302
LOAN-0865,CUST-00054,Student,16151.24,4.07,24,701.87,0.0,2022-05-22,Closed,625,46048.02,0.474
LOAN-0866,CUST-01374,Student,75512.67,7.98,48,1842.78,25170.89,2022-04-07,Active,750,136001.42,0.513
LOAN-0867,CUST-01499,Student,14301.12,17.61,48,417.19,893.82,2021-03-20,Active,809,109477.22,0.217
LOAN-0868,CUST-00725,Student,36215.5,17.71,12,3315.24,0.0,2022-03-20,Closed,728,29875.58,0.105
LOAN-0869,CUST-00587,Auto,12299.84,18.5,36,447.76,1366.65,2022-04-07,Active,547,68435.88,0.302
LOAN-0870,CUST-00129,Business,75448.74,8.31,36,2375.09,14670.59,2022-07-05,Active,703,84805.23,0.166
LOAN-0871,CUST-00367,Mortgage,34025.63,4.14,120,346.76,21833.11,2021-05-30,Active,705,54399.22,0.456
LOAN-0872,CUST-01019,Personal,12307.36,11.73,36,407.2,0.0,2021-11-09,Closed,612,115663.73,0.261
LOAN-0873,CUST-01345,Student,12885.65,14.81,48,357.38,5637.47,2022-09-21,Active,779,56517.48,0.249
LOAN-0874,CUST-00118,Personal,36229.63,8.7,36,1147.04,0.0,2021-11-04,Closed,780,52868.61,0.282
LOAN-0875,CUST-00477,Mortgage,28097.73,17.09,60,699.66,13112.27,2022-04-22,Active,563,38426.42,0.654
LOAN-0876,CUST-00824,Business,9658.26,5.37,24,425.32,0.0,2022-06-16,Closed,665,90727.54,0.07
LOAN-0877,CUST-00898,Auto,119384.15,16.3,12,10848.78,0.0,2022-06-17,Closed,724,150300.67,0.691
LOAN-0878,CUST-00591,Personal,42692.11,13.33,36,1445.26,8301.24,2022-07-28,Active,801,39811.42,0.133
LOAN-0879,CUST-01149,Personal,64855.93,10.16,120,862.83,45939.62,2022-01-09,Active,817,61597.0,0.442
LOAN-0880,CUST-00499,Business,40459.06,6.53,12,3492.03,0.0,2022-07-18,Closed,652,34265.09,0.183
LOAN-0881,CUST-00499,Business,19303.49,4.03,48,436.11,6032.34,2022-03-26,Active,652,34265.09,0.183
LOAN-0882,CUST-01040,Personal,54570.64,17.21,120,955.7,40473.22,2022-05-27,Active,770,30113.96,0.158
LOAN-0883,CUST-00270,Auto,52147.87,5.88,48,1221.83,8691.31,2021-08-26,Active,753,26170.91,0.513
LOAN-0884,CUST-01142,Personal,17881.5,5.74,120,196.19,12219.02,2021-10-02,Active,772,67579.68,0.219
LOAN-0885,CUST-00557,Business,30282.47,16.64,24,1492.0,0.0,2021-07-15,Closed,794,95007.17,0.429
LOAN-0886,CUST-00552,Student,56619.52,10.64,360,523.86,52373.06,2022-09-06,Active,497,60111.0,0.176
LOAN-0887,CUST-00611,Personal,16259.32,13.86,12,1458.81,0.0,2022-11-18,Closed,581,35243.24,0.447
LOAN-0888,CUST-00611,Personal,62580.11,7.48,360,436.71,57365.1,2022-06-11,Active,581,35243.24,0.447
LOAN-0889,CUST-01339,Student,20092.27,5.88,24,889.42,0.0,2022-04-22,Closed,638,89597.0,0.569
LOAN-0890,CUST-01095,Business,55931.11,15.8,12,5069.39,0.0,2021-08-20,Closed,584,140837.1,0.044
LOAN-0891,CUST-01260,Mortgage,75490.04,15.17,360,964.8,66053.78,2021-03-29,Active,696,134226.08,0.292
LOAN-0892,CUST-00806,Student,56426.39,13.15,24,2686.59,0.0,2022-05-31,Closed,662,44519.45,0.249
LOAN-0893,CUST-01458,Personal,22894.48,16.56,24,1127.12,0.0,2021-06-07,Closed,724,20000.0,0.103
LOAN-0894,CUST-01140,Student,135381.81,9.01,48,3369.62,25384.09,2021-09-13,Active,612,30619.5,0.469
LOAN-0895,CUST-00632,Auto,13858.65,4.23,36,410.58,769.93,2022-02-14,Active,679,47612.76,0.348
LOAN-0896,CUST-01463,Personal,32995.48,12.36,60,739.98,17047.66,2022-07-23,Active,708,73550.99,0.341
LOAN-0897,CUST-00079,Mortgage,51128.2,13.68,36,1739.5,0.0,2021-06-02,Closed,628,46538.7,0.301
LOAN-0898,CUST-01308,Auto,15783.59,4.29,12,1346.06,0.0,2022-10-03,Closed,652,44419.01,0.369
LOAN-0899,CUST-00087,Business,157360.72,12.51,120,2304.3,121954.56,2022-09-21,Active,770,51605.74,0.184
LOAN-0900,CUST-00351,Mortgage,73911.06,6.85,120,852.47,50505.89,2021-10-05,Active,747,48392.26,0.447
LOAN-0901,CUST-00521,Personal,51994.72,18.47,60,1333.65,27730.52,2022-08-20,Active,421,43987.72,0.616
LOAN-0902,CUST-01462,Business,36050.98,15.13,24,1750.22,0.0,2021-04-23,Closed,558,57669.78,0.191
LOAN-0903,CUST-00221,Student,23491.46,8.38,48,577.69,1468.22,2021-03-21,Active,672,86703.52,0.109
LOAN-0904,CUST-01005,Student,63884.37,6.65,360,410.12,56963.56,2021-09-22,Active,586,58523.9,0.498
LOAN-0905,CUST-01259,Auto,113032.41,15.64,24,5515.0,0.0,2021-04-13,Closed,850,70853.68,0.39
LOAN-0906,CUST-01011,Business,73813.56,6.05,60,1428.74,24604.52,2021-08-10,Active,687,91795.19,0.16
LOAN-0907,CUST-00767,Auto,38467.34,15.04,12,3472.72,0.0,2022-05-25,Closed,578,70196.31,0.368
LOAN-0908,CUST-00792,Personal,26338.62,9.98,12,2315.34,0.0,2022-06-15,Closed,771,83292.78,0.509
LOAN-0909,CUST-00027,Mortgage,32667.54,15.68,36,1143.34,7259.45,2022-08-17,Active,575,65917.43,0.335
LOAN-0910,CUST-00193,Personal,31719.64,7.59,36,987.99,0.0,2021-08-03,Closed,748,55057.95,0.59
LOAN-0911,CUST-00724,Auto,14469.33,17.84,36,521.94,4019.26,2022-10-18,Active,669,20000.0,0.318
LOAN-0912,CUST-01130,Mortgage,57492.16,5.21,120,615.71,35453.5,2021-02-16,Active,820,22486.17,0.488
LOAN-0913,CUST-01444,Personal,76768.74,14.5,48,2117.12,17592.84,2021-11-05,Active,725,61273.78,0.547
LOAN-0914,CUST-01071,Mortgage,96606.76,10.65,120,1311.69,67624.73,2021-12-22,Active,754,20952.62,0.651
LOAN-0915,CUST-00299,Auto,86697.76,7.21,24,3889.94,0.0,2022-06-07,Closed,615,100824.79,0.271
LOAN-0916,CUST-00125,Student,13743.03,16.27,360,187.81,12597.78,2022-06-01,Active,563,51278.07,0.4
LOAN-0917,CUST-00958,Business,80852.0,18.22,48,2384.33,20213.0,2021-12-26,Active,659,46920.27,0.292
LOAN-0918,CUST-01337,Mortgage,18484.86,9.61,120,240.3,14171.73,2022-08-01,Active,660,62078.54,0.252
LOAN-0919,CUST-00053,Personal,144174.7,9.77,12,12659.83,0.0,2022-11-20,Closed,807,83919.45,0.237
LOAN-0920,CUST-00745,Personal,76761.15,9.03,24,3507.87,0.0,2022-07-24,Closed,568,68268.6,0.301
LOAN-0921,CUST-00634,Business,23594.89,14.11,36,807.68,3932.48,2022-06-07,Active,586,68460.45,0.171
LOAN-0922,CUST-01495,Personal,22142.99,11.19,60,483.54,14392.94,2022-11-27,Defaulted,460,31262.88,0.288
LOAN-0923,CUST-01494,Mortgage,55717.53,11.66,12,4941.58,0.0,2021-02-23,Closed,648,136571.3,0.43
LOAN-0924,CUST-01358,Student,7014.78,13.72,48,190.71,1315.27,2021-09-14,Active,545,86412.36,0.239
LOAN-0925,CUST-01380,Mortgage,48108.35,15.52,36,1679.97,0.0,2021-07-26,Closed,722,139080.64,0.294
LOAN-0926,CUST-00944,Auto,188669.3,11.93,24,8875.15,0.0,2021-09-11,Closed,600,53152.07,0.407
LOAN-0927,CUST-00478,Personal,17758.88,8.4,12,1548.1,0.0,2022-12-01,Closed,732,37319.64,0.239
LOAN-0928,CUST-00309,Auto,28692.62,15.08,60,683.8,9086.0,2021-07-22,Active,686,42429.34,0.584
LOAN-0929,CUST-00001,Business,34220.5,5.33,360,190.67,31178.68,2022-04-17,Active,743,55489.81,0.499
LOAN-0930,CUST-01486,Student,42799.18,16.97,48,1234.31,18724.64,2022-09-04,Active,744,44610.82,0.255
LOAN-0931,CUST-00924,Auto,27837.66,3.93,48,627.68,1739.85,2021-03-09,Active,607,216599.49,0.483
LOAN-0932,CUST-00471,Mortgage,23453.33,4.55,120,243.63,16612.78,2022-01-15,Active,638,62687.33,0.272
LOAN-0933,CUST-01125,Mortgage,29399.64,7.42,48,709.75,4899.94,2021-08-01,Active,779,114576.01,0.361
LOAN-0934,CUST-00263,Business,80351.27,9.06,120,1020.47,52228.33,2022-03-20,Defaulted,590,24612.98,0.143
LOAN-0935,CUST-00050,Student,74140.96,11.54,360,736.48,67962.55,2022-06-23,Active,663,100914.47,0.405
LOAN-0936,CUST-00092,Business,59718.43,12.9,60,1355.72,32845.14,2022-09-25,Active,646,46884.83,0.176
LOAN-0937,CUST-01264,Personal,98041.8,12.58,60,2209.73,32680.6,2021-08-05,Active,752,77168.76,0.216
LOAN-0938,CUST-01205,Personal,25227.61,4.25,360,124.1,22284.39,2021-06-01,Active,626,37298.16,0.229
LOAN-0939,CUST-00394,Student,80352.11,9.59,48,2022.15,36828.05,2022-10-28,Active,607,75009.46,0.439
LOAN-0940,CUST-00854,Student,22187.75,16.08,360,299.8,19722.44,2021-08-15,Active,691,80706.98,0.422
LOAN-0941,CUST-01111,Mortgage,43595.48,12.5,60,980.81,10172.28,2021-02-07,Active,716,118644.34,0.093
LOAN-0942,CUST-01141,Business,37142.06,17.34,12,3393.53,0.0,2021-03-10,Closed,845,68265.23,0.159
LOAN-0943,CUST-01183,Mortgage,64163.72,7.86,12,5577.35,0.0,2022-03-29,Closed,609,44263.89,0.091
LOAN-0944,CUST-00353,Personal,14649.8,18.04,60,372.33,8301.55,2022-10-12,Active,729,75473.37,0.344
LOAN-0945,CUST-01123,Auto,32000.6,13.09,60,729.59,11200.21,2021-09-06,Active,809,21814.43,0.221
LOAN-0946,CUST-00492,Auto,24622.24,18.02,24,1229.48,0.0,2022-03-06,Closed,650,36935.27,0.289
LOAN-0947,CUST-00476,Mortgage,37269.33,4.73,120,390.4,24225.06,2021-06-28,Active,707,20000.0,0.196
LOAN-0948,CUST-00866,Auto,18996.9,7.55,48,459.77,9102.68,2022-11-23,Active,661,76708.87,0.653
LOAN-0949,CUST-00492,Business,82948.14,8.62,360,644.87,73270.86,2021-06-19,Active,650,36935.27,0.289
LOAN-0950,CUST-00841,Auto,27136.68,14.77,36,937.65,0.0,2021-06-04,Closed,618,133011.39,0.473
LOAN-0951,CUST-01340,Personal,50704.45,15.66,12,4592.3,0.0,2021-12-27,Closed,718,25317.8,0.435
LOAN-0952,CUST-00629,Student,26986.43,4.17,24,1173.93,0.0,2022-09-25,Closed,773,52286.27,0.268
LOAN-0953,CUST-00732,Mortgage,247166.44,6.86,60,4877.88,90627.69,2021-10-26,Active,732,113721.05,0.072
LOAN-0954,CUST-01293,Business,6543.63,17.53,120,115.93,4689.6,2022-02-27,Active,787,153737.95,0.222
LOAN-0955,CUST-00730,Student,38533.15,3.65,48,864.02,11238.84,2022-02-18,Late,578,96550.83,0.339
LOAN-0956,CUST-00388,Business,35414.64,4.37,24,1543.72,0.0,2022-08-02,Closed,663,54026.06,0.615
LOAN-0957,CUST-01251,Mortgage,7265.88,11.25,360,70.57,6700.76,2022-08-03,Active,660,24352.18,0.299
LOAN-0958,CUST-00456,Student,8060.75,13.34,48,217.61,3862.44,2022-11-07,Active,682,175684.67,0.207
LOAN-0959,CUST-00038,Student,29912.6,15.42,120,490.32,19443.19,2022-01-11,Defaulted,807,165029.18,0.705
LOAN-0960,CUST-00858,Business,141996.98,15.59,360,1862.64,125036.23,2021-05-04,Active,619,46814.33,0.65
LOAN-0961,CUST-00419,Business,15141.3,11.44,24,708.8,0.0,2021-04-23,Closed,738,66156.91,0.174
LOAN-0962,CUST-00308,Personal,21742.54,3.63,36,638.35,14132.65,2022-01-27,Defaulted,519,97680.18,0.37
LOAN-0963,CUST-01463,Business,62625.3,5.32,120,674.08,43315.83,2021-11-30,Late,708,73550.99,0.341
LOAN-0964,CUST-00571,Auto,14355.28,5.21,36,431.6,0.0,2021-04-27,Closed,520,77601.99,0.15
LOAN-0965,CUST-01221,Personal,23156.29,5.62,360,133.23,21548.21,2022-11-08,Active,604,44700.75,0.226
LOAN-0966,CUST-00050,Business,60330.4,9.58,12,5292.22,0.0,2021-11-18,Closed,663,100914.47,0.405
LOAN-0967,CUST-01421,Business,41816.64,6.44,120,473.54,29968.59,2022-02-11,Active,789,58873.08,0.28
LOAN-0968,CUST-00382,Mortgage,34605.93,12.34,60,775.75,22493.85,2021-02-23,Defaulted,571,40527.3,0.316
LOAN-0969,CUST-00506,Student,71998.12,11.04,12,6364.66,0.0,2022-11-30,Closed,493,62518.47,0.505
LOAN-0970,CUST-00519,Mortgage,13767.49,8.27,120,169.01,8948.87,2021-12-30,Defaulted,698,70332.8,0.401
LOAN-0971,CUST-00100,Mortgage,24770.83,5.6,48,577.21,3096.35,2021-06-04,Late,593,21705.09,0.424
LOAN-0972,CUST-00841,Personal,81931.21,11.72,12,7268.76,0.0,2021-07-03,Closed,618,133011.39,0.473
LOAN-0973,CUST-01181,Business,14993.66,5.86,60,288.89,5247.78,2021-09-25,Active,681,38065.46,0.059
LOAN-0974,CUST-00327,Auto,25060.0,14.96,24,1214.6,0.0,2022-09-23,Closed,670,32892.7,0.269
LOAN-0975,CUST-00978,Business,65279.69,16.56,120,1116.41,41887.8,2021-05-01,Active,850,103397.28,0.266
LOAN-0976,CUST-00068,Business,93864.8,5.05,36,2815.32,20858.84,2022-08-12,Active,683,71817.63,0.391
LOAN-0977,CUST-01165,Student,42920.55,6.27,48,1013.31,9835.96,2021-11-15,Active,684,26240.85,0.252
LOAN-0978,CUST-00905,Auto,44349.21,10.45,36,1440.41,0.0,2021-08-02,Closed,850,146208.82,0.357
LOAN-0979,CUST-01311,Auto,81451.82,10.49,36,2647.0,0.0,2021-02-15,Closed,850,22409.8,0.467
LOAN-0980,CUST-00213,Mortgage,135634.41,7.3,36,4206.63,0.0,2021-10-23,Closed,804,52158.47,0.468
LOAN-0981,CUST-00341,Mortgage,82009.75,6.81,36,2525.1,2278.05,2022-01-14,Active,724,66797.54,0.279
LOAN-0982,CUST-00418,Mortgage,42438.81,6.68,36,1304.19,0.0,2021-02-12,Closed,591,30891.6,0.279
LOAN-0983,CUST-00913,Business,6257.9,11.37,60,137.22,3233.25,2022-07-18,Active,762,62201.56,0.077
LOAN-0984,CUST-00576,Mortgage,30074.64,12.28,12,2676.04,0.0,2021-12-21,Closed,757,85839.67,0.152
LOAN-0985,CUST-00829,Auto,15668.54,7.13,60,311.22,6789.7,2022-02-06,Active,668,147297.11,0.258
LOAN-0986,CUST-01352,Personal,51408.75,12.14,120,741.73,39413.38,2022-08-13,Active,719,51481.72,0.331
LOAN-0987,CUST-00445,Mortgage,48062.56,4.86,360,253.91,43256.3,2021-12-09,Active,738,51606.97,0.116
LOAN-0988,CUST-01428,Mortgage,50604.66,11.97,24,2381.43,0.0,2022-03-30,Closed,718,103527.06,0.092
LOAN-0989,CUST-00749,Mortgage,61475.84,9.21,36,1960.93,8538.31,2022-05-04,Active,714,102054.57,0.108
LOAN-0990,CUST-00057,Mortgage,23142.99,7.35,12,2006.22,0.0,2022-03-08,Closed,773,62212.36,0.381
LOAN-0991,CUST-00917,Auto,15630.46,9.73,12,1372.2,0.0,2021-10-22,Closed,652,89084.96,0.549
LOAN-0992,CUST-00151,Personal,16403.58,17.91,120,294.62,10662.33,2021-06-29,Active,741,103144.43,0.287
LOAN-0993,CUST-00735,Student,12487.99,13.71,48,339.44,5203.33,2022-08-30,Active,678,28486.75,0.124
LOAN-0994,CUST-01111,Mortgage,18109.13,15.04,36,628.11,0.0,2021-02-20,Closed,716,118644.34,0.093
LOAN-0995,CUST-00299,Student,75146.76,11.8,24,3530.4,0.0,2021-12-17,Closed,615,100824.79,0.271
LOAN-0996,CUST-00112,Mortgage,34687.62,14.63,12,3124.79,0.0,2022-12-01,Closed,594,142026.94,0.637
LOAN-0997,CUST-00895,Mortgage,62079.13,9.7,60,1309.85,32074.22,2022-07-09,Active,743,21367.09,0.154
LOAN-0998,CUST-00745,Personal,23769.15,4.48,120,246.11,15449.95,2021-04-27,Defaulted,568,68268.6,0.301
LOAN-0999,CUST-01280,Auto,21884.15,18.11,36,792.37,0.0,2021-12-12,Closed,844,53364.68,0.591
LOAN-1000,CUST-00481,Personal,43063.7,9.45,36,1378.45,0.0,2021-11-11,Closed,520,51320.83,0.072
LOAN-1001,CUST-00935,Student,66927.84,8.68,48,1655.35,16731.96,2021-12-26,Active,679,175273.79,0.141
LOAN-1002,CUST-00106,Auto,10937.57,4.93,120,115.64,7474.01,2021-10-25,Active,758,52782.3,0.212
LOAN-1003,CUST-00890,Personal,6730.27,14.68,60,158.98,1906.91,2021-05-29,Active,549,86661.19,0.064
LOAN-1004,CUST-01215,Auto,98292.18,8.37,24,4462.09,0.0,2022-01-04,Closed,645,27098.37,0.386
LOAN-1005,CUST-00465,Business,42546.88,13.28,36,1439.32,27655.47,2022-10-17,Defaulted,526,86692.16,0.292
LOAN-1006,CUST-01495,Mortgage,54690.99,9.37,12,4792.2,0.0,2022-05-08,Closed,460,31262.88,0.288
LOAN-1007,CUST-00646,Business,40474.3,16.25,360,552.45,37101.44,2022-06-18,Active,711,20000.0,0.226
LOAN-1008,CUST-01278,Student,26816.82,9.49,36,858.9,17430.93,2022-10-12,Defaulted,648,149228.62,0.112
LOAN-1009,CUST-00959,Auto,50569.36,16.6,360,704.55,44388.66,2021-04-11,Active,601,58406.5,0.22
LOAN-1010,CUST-01202,Student,105830.1,6.58,48,2513.66,22047.94,2021-10-26,Active,747,56993.06,0.02
LOAN-1011,CUST-00566,Personal,21587.78,13.13,120,323.99,16550.63,2022-08-14,Active,552,131382.97,0.207
LOAN-1012,CUST-00500,Auto,9816.63,9.47,120,126.86,6380.81,2021-06-29,Active,603,66694.14,0.102
LOAN-1013,CUST-01203,Business,83384.56,8.05,36,2614.89,18529.9,2022-08-08,Active,608,32223.93,0.384
LOAN-1014,CUST-00026,Business,34096.06,17.06,120,593.88,26424.45,2022-09-17,Active,705,116936.8,0.408
LOAN-1015,CUST-00861,Student,30863.9,5.05,12,2642.89,0.0,2021-03-31,Closed,797,26325.13,0.296
LOAN-1016,CUST-00035,Mortgage,30429.9,16.04,36,1070.43,845.28,2022-01-17,Active,773,124490.51,0.333
LOAN-1017,CUST-00392,Auto,53041.46,3.89,12,4513.81,0.0,2021-05-02,Closed,582,85676.78,0.288
LOAN-1018,CUST-00812,Auto,35523.45,9.81,12,3119.94,0.0,2022-02-21,Closed,657,126725.16,0.145
LOAN-1019,CUST-00801,Business,24606.27,11.27,60,538.32,13533.45,2022-09-16,Active,550,76970.57,0.093
LOAN-1020,CUST-00724,Student,16947.23,8.07,48,414.29,1765.34,2021-05-16,Active,669,20000.0,0.318
LOAN-1021,CUST-01408,Auto,51717.85,13.11,48,1390.29,33616.6,2022-02-14,Defaulted,850,61042.66,0.531
LOAN-1022,CUST-00501,Mortgage,50972.0,13.56,60,1174.43,29733.67,2022-11-25,Active,586,43299.68,0.352
LOAN-1023,CUST-00679,Personal,15793.0,16.94,12,1439.95,0.0,2022-03-26,Closed,762,46525.17,0.609
LOAN-1024,CUST-01193,Mortgage,9437.56,11.76,120,134.1,6449.0,2021-10-06,Active,850,42950.68,0.095
LOAN-1025,CUST-00933,Auto,13676.19,13.43,60,314.19,6838.1,2022-06-17,Active,670,55011.71,0.553
LOAN-1026,CUST-00085,Student,34539.57,4.67,60,646.6,12088.85,2021-09-30,Active,693,65732.65,0.248
LOAN-1027,CUST-01170,Auto,97016.81,13.36,360,1100.57,89471.06,2022-08-31,Active,736,64446.07,0.199
LOAN-1028,CUST-00207,Student,24624.8,10.17,120,327.74,17852.98,2022-03-02,Active,561,153497.52,0.094
LOAN-1029,CUST-00123,Auto,135920.09,7.26,36,4212.99,11326.67,2022-03-17,Active,692,97664.84,0.346
LOAN-1030,CUST-00550,Student,5290.51,15.09,24,256.75,0.0,2021-06-18,Closed,681,34735.7,0.308
LOAN-1031,CUST-01423,Student,30791.75,15.53,360,402.43,28396.84,2022-08-08,Active,684,20000.0,0.279
LOAN-1032,CUST-00853,Mortgage,38204.02,6.35,360,237.72,34489.74,2022-01-23,Active,553,50867.09,0.442
LOAN-1033,CUST-00467,Auto,21310.19,3.51,60,387.76,6748.23,2021-07-15,Active,654,62341.9,0.385
LOAN-1034,CUST-01256,Business,38915.68,15.47,36,1358.0,10809.91,2022-10-22,Active,694,34458.82,0.206
LOAN-1035,CUST-01490,Auto,31271.67,11.75,12,2774.79,0.0,2022-11-03,Closed,579,93077.36,0.602
LOAN-1036,CUST-00327,Personal,29777.6,13.84,120,459.49,23573.93,2022-11-30,Active,670,32892.7,0.269
LOAN-1037,CUST-00874,Personal,133946.42,17.05,36,4778.89,29765.87,2022-08-17,Late,609,87875.19,0.527
LOAN-1038,CUST-01057,Personal,17649.97,17.77,36,636.05,3431.94,2022-07-17,Active,696,67950.22,0.108
LOAN-1039,CUST-00947,Personal,49390.43,13.68,24,2363.92,0.0,2021-02-07,Closed,812,49899.0,0.413
LOAN-1040,CUST-00959,Mortgage,10834.91,13.28,48,292.18,1354.36,2021-06-23,Active,601,58406.5,0.22
LOAN-1041,CUST-00154,Business,14627.31,16.84,12,1332.97,0.0,2021-07-08,Closed,592,67003.64,0.243
LOAN-1042,CUST-00497,Auto,173366.31,8.22,48,4250.3,72235.96,2022-08-15,Active,715,111918.14,0.1
LOAN-1043,CUST-00644,Student,34698.45,4.9,60,653.21,8674.61,2021-03-11,Active,850,43129.84,0.371
LOAN-1044,CUST-00095,Student,29306.3,17.67,360,433.78,25968.64,2021-07-23,Active,724,67458.88,0.495
LOAN-1045,CUST-00153,Mortgage,43770.46,5.47,12,3756.51,0.0,2022-05-12,Closed,770,63767.14,0.188
LOAN-1046,CUST-01441,Student,16328.13,7.71,36,509.48,2267.8,2022-05-22,Active,688,127727.09,0.185
LOAN-1047,CUST-01292,Student,138405.16,15.98,120,2316.74,86503.23,2021-03-15,Active,660,40691.02,0.295
LOAN-1048,CUST-00796,Personal,81945.86,4.74,12,7005.42,0.0,2022-10-09,Closed,618,47721.46,0.049
LOAN-1049,CUST-00091,Mortgage,22604.52,15.04,24,1096.45,0.0,2022-05-27,Closed,721,137361.89,0.202
LOAN-1050,CUST-00596,Business,38588.64,4.9,120,407.41,26047.33,2021-09-08,Active,536,44254.73,0.577
LOAN-1051,CUST-00198,Student,89898.11,12.24,24,4241.9,0.0,2021-11-12,Closed,657,33329.14,0.245
LOAN-1052,CUST-00823,Student,61866.25,8.51,60,1269.58,32995.33,2022-08-13,Active,679,42738.66,0.571
LOAN-1053,CUST-01383,Auto,17826.09,7.93,120,215.62,13963.77,2022-10-26,Late,794,103458.72,0.604
LOAN-1054,CUST-00317,Business,18840.33,17.97,360,283.48,17060.97,2022-02-01,Late,561,108157.82,0.625
LOAN-1055,CUST-00360,Personal,32032.76,9.2,36,1021.62,20821.29,2022-06-05,Defaulted,601,52747.92,0.341
LOAN-1056,CUST-01160,Business,44501.54,12.93,48,1192.32,9271.15,2021-10-28,Late,739,32316.7,0.613
LOAN-1057,CUST-00364,Student,35334.12,7.25,24,1586.01,0.0,2022-09-18,Closed,709,104790.02,0.362
LOAN-1058,CUST-01363,Auto,44253.05,8.42,60,906.21,16226.12,2021-10-01,Active,790,63316.2,0.448
LOAN-1059,CUST-01244,Student,58120.95,15.02,360,735.84,37778.62,2022-08-27,Defaulted,568,201672.28,0.355
LOAN-1060,CUST-00289,Mortgage,35425.45,5.35,24,1559.72,0.0,2022-07-23,Closed,840,64771.35,0.637
LOAN-1061,CUST-00457,Student,99100.31,13.95,360,1170.29,87813.89,2021-07-29,Active,729,154493.29,0.374
LOAN-1062,CUST-01225,Personal,18786.42,6.13,12,1618.0,0.0,2022-07-11,Closed,673,130788.93,0.472
LOAN-1063,CUST-00572,Personal,123562.66,5.36,36,3723.29,80315.73,2022-04-04,Defaulted,655,55123.08,0.274
LOAN-1064,CUST-00318,Mortgage,9512.77,17.41,48,276.51,2180.01,2021-11-10,Active,528,27532.03,0.359
LOAN-1065,CUST-01360,Auto,35759.55,6.58,360,227.91,32680.26,2022-05-06,Active,680,70889.07,0.434
LOAN-1066,CUST-00586,Auto,55967.06,10.36,60,1199.07,20521.26,2021-10-10,Active,552,32743.1,0.139
LOAN-1067,CUST-01223,Student,24200.96,11.79,48,634.81,15730.62,2022-04-30,Defaulted,512,76055.25,0.428
LOAN-1068,CUST-01173,Mortgage,106683.41,4.55,12,9110.91,0.0,2022-05-09,Closed,695,59933.28,0.096
LOAN-1069,CUST-00283,Business,66074.74,9.53,48,1660.95,17895.24,2022-01-03,Active,657,53198.92,0.425
LOAN-1070,CUST-01030,Personal,13345.05,10.85,12,1178.52,0.0,2021-10-02,Closed,810,53631.36,0.372
LOAN-1071,CUST-00535,Mortgage,45508.59,3.78,24,1971.75,0.0,2021-09-23,Closed,808,33105.12,0.392
LOAN-1072,CUST-01491,Auto,29976.86,6.83,24,1339.83,0.0,2021-07-07,Closed,614,27491.64,0.218
LOAN-1073,CUST-00769,Student,147032.61,3.52,60,2676.1,78417.39,2022-08-11,Active,692,64521.81,0.163
LOAN-1074,CUST-01345,Business,20091.06,15.0,360,254.04,17523.87,2021-02-09,Active,779,56517.48,0.249
LOAN-1075,CUST-00464,Personal,98866.34,13.79,24,4737.06,0.0,2021-11-26,Closed,750,113611.3,0.291
LOAN-1076,CUST-00097,Auto,19694.64,6.21,36,601.02,1641.22,2022-03-24,Active,672,43327.91,0.542
LOAN-1077,CUST-00517,Mortgage,13869.01,6.01,120,154.04,9592.73,2021-11-18,Active,707,107491.55,0.383
LOAN-1078,CUST-00717,Mortgage,22674.96,11.57,24,1062.84,0.0,2022-11-16,Closed,628,91361.89,0.184
LOAN-1079,CUST-01433,Auto,44589.46,4.79,36,1332.19,0.0,2021-04-18,Closed,741,25032.77,0.466
LOAN-1080,CUST-01134,Auto,22939.7,17.63,60,577.91,5734.93,2021-03-07,Active,657,100858.98,0.092
LOAN-1081,CUST-00386,Business,44009.42,8.31,120,541.19,28606.12,2022-04-29,Defaulted,443,65987.14,0.166
LOAN-1082,CUST-01062,Auto,133504.55,15.78,48,3768.53,33376.14,2021-12-25,Late,588,100361.85,0.396
LOAN-1083,CUST-01339,Personal,23740.18,11.48,120,333.5,18794.31,2022-11-23,Late,638,89597.0,0.569
LOAN-1084,CUST-01067,Mortgage,18671.28,9.04,48,464.99,7001.73,2022-06-29,Active,713,49878.9,0.377
LOAN-1085,CUST-00408,Business,47259.01,3.95,36,1394.22,1312.75,2022-01-18,Active,495,73292.03,0.32
LOAN-1086,CUST-00450,Student,104308.63,6.85,360,683.49,92718.78,2021-08-13,Active,723,41204.7,0.568
LOAN-1087,CUST-00648,Student,82184.17,5.74,36,2490.53,0.0,2021-05-13,Closed,645,116169.15,0.179
LOAN-1088,CUST-01460,Business,15081.48,16.76,360,212.08,13824.69,2022-06-14,Late,639,73082.74,0.263
LOAN-1089,CUST-01487,Mortgage,59674.52,13.07,36,2012.68,0.0,2021-11-06,Closed,665,59989.67,0.467
LOAN-1090,CUST-00572,Student,33331.67,6.82,360,217.74,29350.39,2021-05-15,Active,655,55123.08,0.274
LOAN-1091,CUST-00177,Personal,12953.67,13.39,12,1159.36,0.0,2022-08-18,Closed,734,53965.86,0.422
LOAN-1092,CUST-01284,Business,12046.9,12.2,120,174.23,9336.35,2022-09-29,Active,643,57418.97,0.242
LOAN-1093,CUST-00015,Student,53799.55,14.12,360,642.57,34969.71,2021-07-28,Defaulted,700,127328.31,0.217
LOAN-1094,CUST-01180,Personal,14481.72,15.82,60,350.78,4827.24,2021-08-23,Active,776,48418.53,0.322
LOAN-1095,CUST-01132,Personal,54908.48,15.4,24,2672.78,0.0,2022-04-24,Closed,563,42649.62,0.232
LOAN-1096,CUST-00530,Auto,38023.25,12.48,360,405.22,34960.27,2022-07-03,Active,527,153525.53,0.332
LOAN-1097,CUST-01296,Student,12664.97,17.82,12,1160.04,0.0,2022-03-16,Closed,656,64632.51,0.159
LOAN-1098,CUST-01454,Personal,78947.0,7.17,48,1896.72,6578.92,2021-04-30,Active,654,33020.71,0.696
LOAN-1099,CUST-00161,Auto,95253.74,14.66,360,1178.57,83082.43,2021-02-28,Active,572,93340.67,0.563
LOAN-1100,CUST-00322,Auto,48274.99,17.77,24,2404.72,0.0,2021-05-31,Closed,745,28472.81,0.625
LOAN-1101,CUST-00193,Auto,75758.8,6.94,60,1497.97,42929.99,2022-10-21,Late,748,55057.95,0.59
LOAN-1102,CUST-00348,Business,17745.73,5.51,36,535.93,0.0,2021-07-01,Closed,668,83591.55,0.308
LOAN-1103,CUST-00334,Mortgage,98538.6,7.6,12,8553.5,0.0,2022-04-06,Closed,727,32981.26,0.473
LOAN-1104,CUST-00719,Personal,28985.32,15.28,60,693.83,13526.48,2022-04-23,Active,550,70420.12,0.427
LOAN-1105,CUST-00124,Mortgage,15634.52,13.29,120,236.12,10162.44,2021-06-22,Active,652,212011.11,0.155
LOAN-1106,CUST-01423,Auto,97456.82,13.29,360,1100.2,85545.43,2021-04-04,Active,684,20000.0,0.279
LOAN-1107,CUST-00869,Student,21509.93,11.32,60,471.12,6811.48,2021-07-15,Active,737,51296.66,0.669
LOAN-1108,CUST-01015,Student,33892.76,6.85,36,1044.19,22030.29,2022-05-21,Defaulted,485,55228.29,0.081
LOAN-1109,CUST-01394,Business,28090.89,7.47,48,678.81,8193.18,2022-02-12,Active,642,149537.97,0.272
LOAN-1110,CUST-01139,Student,45974.43,3.87,360,216.06,41760.11,2022-03-16,Active,743,54084.23,0.199
LOAN-1111,CUST-00771,Auto,14999.92,14.56,24,724.16,0.0,2022-11-03,Closed,559,40612.23,0.705
LOAN-1112,CUST-00408,Personal,174555.18,7.97,12,15181.86,0.0,2022-11-15,Closed,495,73292.03,0.32
LOAN-1113,CUST-00946,Auto,17543.94,4.74,36,523.76,1462.0,2022-03-21,Active,712,255463.54,0.551
LOAN-1114,CUST-00251,Student,13016.25,17.5,48,378.96,813.52,2021-03-24,Active,737,248764.02,0.461
LOAN-1115,CUST-00789,Business,79051.2,8.62,36,2499.85,0.0,2021-12-25,Closed,592,45329.74,0.261
LOAN-1116,CUST-00704,Mortgage,63947.49,8.85,120,804.88,47960.62,2022-06-21,Active,613,64119.3,0.174
LOAN-1117,CUST-01228,Mortgage,14025.12,11.01,24,653.75,0.0,2022-04-06,Closed,788,43754.98,0.794
LOAN-1118,CUST-01014,Auto,84863.98,15.1,36,2946.0,55161.59,2022-04-10,Defaulted,587,79728.25,0.346
LOAN-1119,CUST-00954,Mortgage,53887.93,7.98,24,2436.71,0.0,2021-05-23,Closed,773,20516.03,0.148
LOAN-1120,CUST-00765,Student,292064.06,16.26,120,4939.88,219048.04,2022-06-07,Active,748,32310.85,0.239
LOAN-1121,CUST-00868,Business,38526.21,8.61,36,1218.14,0.0,2021-12-19,Closed,680,64519.49,0.292
LOAN-1122,CUST-00434,Business,42520.43,17.48,24,2112.13,0.0,2022-06-05,Closed,631,48975.0,0.122
LOAN-1123,CUST-00908,Auto,84438.53,9.17,60,1759.78,54885.04,2021-03-10,Defaulted,628,32443.5,0.228
LOAN-1124,CUST-01105,Student,25325.42,15.43,360,328.95,23144.62,2022-05-06,Active,615,91444.07,0.512
LOAN-1125,CUST-00939,Student,12131.37,8.04,12,1055.51,0.0,2022-04-24,Closed,679,64283.17,0.267
LOAN-1126,CUST-01282,Auto,58627.6,4.62,12,5008.76,0.0,2021-05-06,Closed,539,86826.19,0.113
LOAN-1127,CUST-01473,Auto,61644.88,13.91,360,726.02,54281.74,2021-05-23,Active,719,28962.08,0.343
LOAN-1128,CUST-01394,Mortgage,15683.23,4.9,36,469.34,0.0,2021-12-26,Closed,642,149537.97,0.272
LOAN-1129,CUST-00423,Personal,14406.56,12.32,12,1282.16,0.0,2021-12-17,Closed,728,93693.44,0.26
LOAN-1130,CUST-01381,Student,7188.67,6.49,36,220.29,0.0,2021-12-01,Closed,700,247058.36,0.382
LOAN-1131,CUST-01353,Auto,28208.66,4.05,360,135.49,25622.87,2022-03-23,Active,617,76159.38,0.379
LOAN-1132,CUST-00310,Business,57495.46,8.8,48,1425.32,15571.69,2022-01-04,Active,660,111198.62,0.246
LOAN-1133,CUST-00235,Auto,63009.26,13.49,12,5642.31,0.0,2022-10-27,Closed,675,117572.83,0.256
LOAN-1134,CUST-00314,Business,20173.78,16.62,36,715.44,0.0,2021-05-10,Closed,430,55896.85,0.38
LOAN-1135,CUST-00253,Business,49835.49,15.1,120,807.08,32393.07,2021-06-02,Active,801,42860.16,0.264
LOAN-1136,CUST-01218,Mortgage,92776.46,14.5,120,1468.53,72674.89,2022-10-03,Active,767,32637.33,0.68
LOAN-1137,CUST-01371,Business,24713.93,4.68,36,737.15,1373.0,2022-02-07,Active,678,32184.85,0.284
LOAN-1138,CUST-01092,Mortgage,53343.86,9.15,36,1700.05,16299.51,2022-11-15,Active,675,76694.52,0.736
LOAN-1139,CUST-00380,Mortgage,40518.16,17.06,60,1008.29,14181.36,2021-09-04,Active,739,75436.91,0.722
LOAN-1140,CUST-00148,Student,67524.5,17.69,48,1972.61,7033.8,2021-05-20,Active,718,32810.51,0.507
LOAN-1141,CUST-00270,Auto,93063.2,9.39,60,1949.5,34123.17,2021-10-23,Active,753,26170.91,0.513
LOAN-1142,CUST-00219,Auto,61793.43,4.67,36,1842.86,0.0,2021-02-19,Closed,637,41846.09,0.351
LOAN-1143,CUST-00979,Auto,3164.6,13.72,48,86.03,263.72,2021-04-08,Active,752,51207.46,0.048
LOAN-1144,CUST-00649,Business,219485.98,11.54,60,4831.48,117059.19,2022-08-07,Active,623,48522.12,0.271
LOAN-1145,CUST-00919,Business,7981.95,5.42,360,44.92,7405.48,2022-10-30,Active,569,39185.01,0.145
LOAN-1146,CUST-00787,Mortgage,34804.54,7.63,12,3021.64,0.0,2022-01-14,Closed,518,43251.77,0.219
LOAN-1147,CUST-00871,Mortgage,29448.73,11.35,120,411.51,23068.17,2022-10-06,Active,810,30387.73,0.272
LOAN-1148,CUST-01188,Mortgage,32878.49,11.4,360,323.09,21371.02,2022-09-30,Defaulted,533,200081.78,0.143
LOAN-1149,CUST-00640,Mortgage,38510.33,17.55,48,1122.21,1604.6,2021-02-05,Late,653,131833.9,0.531
LOAN-1150,CUST-00421,Mortgage,23917.0,14.07,120,372.36,15944.67,2021-08-29,Active,716,263331.38,0.246
LOAN-1151,CUST-00117,Student,37944.78,12.72,120,560.31,29091.0,2022-08-13,Active,732,78814.77,0.117
LOAN-1152,CUST-00568,Personal,114035.47,17.08,60,2838.98,43713.6,2021-11-19,Active,682,69741.24,0.366
LOAN-1153,CUST-00167,Business,30945.13,11.94,24,1455.83,0.0,2021-05-16,Closed,742,35733.46,0.434
LOAN-1154,CUST-01475,Personal,27412.94,8.51,24,1246.2,0.0,2022-04-10,Closed,601,75663.24,0.266
LOAN-1155,CUST-01060,Auto,18479.93,12.4,360,195.8,16888.6,2022-05-22,Active,720,52621.45,0.22
LOAN-1156,CUST-00978,Auto,49452.24,17.65,12,4525.55,0.0,2021-03-30,Closed,850,103397.28,0.266
LOAN-1157,CUST-01436,Auto,24453.39,17.35,12,2234.33,0.0,2021-05-27,Closed,648,49845.16,0.259
LOAN-1158,CUST-00077,Mortgage,30512.27,18.23,12,2800.71,0.0,2022-05-05,Closed,684,37023.73,0.522
LOAN-1159,CUST-00454,Personal,26828.77,17.88,48,786.41,3912.53,2021-07-28,Active,796,37486.88,0.211
LOAN-1160,CUST-00256,Student,89810.55,8.05,36,2816.41,0.0,2021-07-04,Closed,791,31304.84,0.233
LOAN-1161,CUST-00799,Business,22483.46,12.03,360,231.79,20422.48,2022-03-01,Active,552,92119.99,0.111
LOAN-1162,CUST-00018,Auto,59166.74,12.89,24,2809.84,0.0,2021-11-21,Closed,588,23850.79,0.174
LOAN-1163,CUST-01322,Auto,52048.35,5.18,360,285.16,33831.43,2022-03-14,Defaulted,735,110111.26,0.395
LOAN-1164,CUST-00217,Personal,15973.85,15.62,12,1446.45,0.0,2021-09-09,Closed,669,43447.45,0.25
LOAN-1165,CUST-00390,Student,45019.07,9.07,24,2058.13,0.0,2022-03-16,Closed,658,41572.02,0.063
LOAN-1166,CUST-00640,Mortgage,37131.21,12.89,24,1763.37,0.0,2022-02-19,Closed,653,131833.9,0.531
LOAN-1167,CUST-01247,Personal,16272.59,16.13,24,797.77,0.0,2022-05-22,Closed,707,28951.76,0.73
LOAN-1168,CUST-00677,Business,26182.18,5.21,360,143.93,17018.42,2022-05-10,Defaulted,608,70065.92,0.312
LOAN-1169,CUST-00762,Auto,59652.98,14.6,12,5372.92,0.0,2021-11-04,Closed,623,199147.73,0.5
LOAN-1170,CUST-00737,Auto,29866.15,5.48,120,323.83,22648.5,2022-07-05,Active,623,75941.55,0.408
LOAN-1171,CUST-00433,Business,13856.24,10.69,120,188.45,9122.02,2021-07-21,Active,630,20000.0,0.564
LOAN-1172,CUST-01383,Personal,31510.73,17.81,360,470.01,27746.95,2021-05-03,Active,794,103458.72,0.604
LOAN-1173,CUST-00919,Business,18931.89,15.34,360,244.54,16512.82,2021-02-17,Active,569,39185.01,0.145
LOAN-1174,CUST-01107,Mortgage,43142.97,14.83,120,691.56,32357.23,2022-06-02,Late,628,42068.31,0.303
LOAN-1175,CUST-00701,Business,34254.54,12.42,12,3050.21,0.0,2021-10-10,Closed,623,94918.16,0.01
LOAN-1176,CUST-00696,Personal,47875.55,17.22,36,1712.14,0.0,2021-02-07,Closed,803,147161.59,0.182
LOAN-1177,CUST-00819,Personal,35079.38,17.2,12,3202.74,0.0,2022-01-10,Closed,666,112718.3,0.413
LOAN-1178,CUST-00714,Business,31302.12,7.63,24,1410.43,0.0,2022-05-12,Closed,702,51512.23,0.39
LOAN-1179,CUST-00835,Personal,11125.43,16.79,36,395.49,3399.44,2022-11-03,Active,647,76335.68,0.143
LOAN-1180,CUST-01199,Business,32102.95,9.21,48,802.09,1337.62,2021-02-25,Active,496,61209.98,0.286
LOAN-1181,CUST-00202,Personal,67073.69,7.52,12,5819.76,0.0,2021-05-09,Closed,657,42728.8,0.246
LOAN-1182,CUST-00924,Mortgage,41113.1,5.29,360,228.05,26723.51,2022-07-14,Defaulted,607,216599.49,0.483
LOAN-1183,CUST-00082,Personal,7003.9,15.14,12,632.62,0.0,2021-08-31,Closed,710,34505.51,0.022
LOAN-1184,CUST-00740,Personal,68594.89,12.47,12,6109.67,0.0,2021-12-02,Closed,684,33345.53,0.162
LOAN-1185,CUST-01149,Student,28564.83,4.76,120,299.63,17853.02,2021-03-24,Active,817,61597.0,0.442
LOAN-1186,CUST-00909,Auto,48277.81,10.25,24,2233.35,0.0,2021-12-24,Closed,787,25031.89,0.134
LOAN-1187,CUST-01210,Business,173375.27,18.19,24,8671.53,0.0,2021-07-23,Closed,602,40010.79,0.292
LOAN-1188,CUST-00943,Mortgage,56434.84,8.77,12,4929.29,0.0,2022-07-16,Closed,628,102043.36,0.254
LOAN-1189,CUST-00205,Student,38702.57,4.45,24,1688.42,0.0,2022-03-05,Closed,635,20000.0,0.497
LOAN-1190,CUST-00265,Personal,35487.12,15.13,12,3205.18,0.0,2021-12-15,Closed,772,68261.62,0.325
LOAN-1191,CUST-00021,Business,67317.83,14.27,360,812.04,59838.07,2021-08-07,Active,691,36888.22,0.179
LOAN-1192,CUST-01461,Mortgage,23339.99,8.26,12,2033.12,0.0,2022-10-12,Closed,607,224329.45,0.667
LOAN-1193,CUST-01316,Business,55670.22,10.48,12,4906.73,0.0,2021-03-05,Closed,799,96328.03,0.813
LOAN-1194,CUST-01350,Mortgage,218525.6,10.14,48,5557.08,95604.95,2022-09-02,Active,793,34969.09,0.482
LOAN-1195,CUST-00616,Mortgage,11286.55,17.76,60,285.13,7336.26,2022-06-22,Defaulted,676,28904.49,0.32
LOAN-1196,CUST-00747,Business,27020.25,3.76,24,1170.47,0.0,2022-03-30,Closed,773,117770.69,0.058
LOAN-1197,CUST-00586,Mortgage,80888.17,9.5,24,3713.94,0.0,2022-09-26,Closed,552,32743.1,0.139
LOAN-1198,CUST-01392,Student,42265.49,7.04,60,837.71,14088.5,2021-08-13,Active,829,57007.5,0.377
LOAN-1199,CUST-01400,Student,43422.03,6.54,12,3747.97,0.0,2021-11-01,Closed,575,37756.05,0.438
LOAN-1200,CUST-00015,Personal,17601.72,17.71,12,1611.3,0.0,2022-08-24,Closed,700,127328.31,0.217
LOAN-1201,CUST-00075,Business,53120.33,14.86,12,4791.04,0.0,2021-12-26,Closed,463,138424.88,0.284
LOAN-1202,CUST-01490,Mortgage,29523.31,9.36,36,943.79,0.0,2021-05-07,Closed,579,93077.36,0.602
LOAN-1203,CUST-01383,Personal,94970.33,14.47,12,8548.13,0.0,2022-04-16,Closed,794,103458.72,0.604
LOAN-1204,CUST-00499,Personal,55585.9,13.42,12,4975.74,0.0,2022-07-26,Closed,652,34265.09,0.183
LOAN-1205,CUST-00701,Personal,18689.15,5.01,360,100.44,16560.66,2021-07-23,Active,623,94918.16,0.01
LOAN-1206,CUST-00548,Auto,56208.84,13.88,120,868.68,40283.0,2022-02-10,Active,599,170037.09,0.151
LOAN-1207,CUST-01374,Student,93618.66,15.63,360,1231.05,60852.13,2021-03-17,Defaulted,750,136001.42,0.513
LOAN-1208,CUST-00205,Mortgage,39625.54,12.46,60,890.69,15189.79,2021-11-17,Active,635,20000.0,0.497
LOAN-1209,CUST-00587,Personal,165456.91,4.88,48,3801.37,72387.4,2022-09-04,Active,547,68435.88,0.302
LOAN-1210,CUST-00164,Business,21418.09,8.78,120,268.77,13207.82,2021-02-15,Late,657,122309.03,0.381
LOAN-1211,CUST-00473,Business,53037.18,10.9,24,2469.49,0.0,2021-11-26,Closed,769,34175.75,0.218
LOAN-1212,CUST-00453,Student,51213.8,11.55,360,509.12,47230.5,2022-08-17,Active,655,20000.0,0.545
LOAN-1213,CUST-00532,Business,23154.6,4.61,60,432.83,9261.84,2021-12-10,Active,831,35202.92,0.356
LOAN-1214,CUST-00893,Personal,59060.57,7.73,60,1189.92,32483.31,2022-09-10,Active,604,107267.3,0.615
LOAN-1215,CUST-00785,Auto,74652.47,10.97,36,2442.97,0.0,2021-03-04,Closed,704,60393.32,0.332
LOAN-1216,CUST-00305,Business,17258.27,5.53,36,521.36,3835.17,2022-08-13,Active,661,53819.74,0.068
LOAN-1217,CUST-01201,Mortgage,27998.46,13.61,60,645.83,8399.54,2021-06-23,Late,639,48466.16,0.493
LOAN-1218,CUST-01308,Student,72820.31,8.41,36,2295.72,47333.2,2022-01-27,Defaulted,652,44419.01,0.369
LOAN-1219,CUST-00229,Auto,51314.52,12.27,12,4565.72,0.0,2021-03-20,Closed,821,55996.19,0.389
LOAN-1220,CUST-01360,Mortgage,46248.25,7.63,36,1441.37,30061.36,2022-03-21,Defaulted,680,70889.07,0.434
LOAN-1221,CUST-01177,Business,26981.81,4.33,12,2301.57,0.0,2021-05-19,Closed,803,29320.52,0.424
LOAN-1222,CUST-00418,Auto,13668.27,12.77,360,148.75,12301.44,2021-12-07,Late,591,30891.6,0.279
LOAN-1223,CUST-01312,Student,50081.96,8.05,12,4357.71,0.0,2021-12-13,Closed,645,98145.1,0.109
LOAN-1224,CUST-01484,Student,23788.4,17.62,120,422.83,16453.64,2021-11-04,Active,718,58201.71,0.44
LOAN-1225,CUST-00849,Personal,28794.2,15.85,24,1407.79,0.0,2021-04-26,Closed,647,66243.3,0.424
LOAN-1226,CUST-01060,Business,128203.2,16.75,360,1801.76,115026.76,2021-11-27,Active,720,52621.45,0.22
LOAN-1227,CUST-01462,Student,152558.16,18.38,36,5544.47,0.0,2021-05-22,Closed,558,57669.78,0.191
LOAN-1228,CUST-00459,Student,61277.99,5.8,48,1433.5,11489.62,2021-09-05,Active,809,25368.31,0.276
LOAN-1229,CUST-00532,Mortgage,78853.7,13.54,36,2677.45,24094.19,2022-11-19,Active,831,35202.92,0.356
LOAN-1230,CUST-01327,Personal,4261.15,18.12,120,77.11,2769.75,2022-03-04,Defaulted,509,51542.67,0.226
LOAN-1231,CUST-01007,Mortgage,60981.91,6.42,60,1190.9,28458.22,2022-04-04,Late,635,72097.26,0.524
LOAN-1232,CUST-00025,Student,78250.65,17.09,12,7140.17,0.0,2022-08-01,Closed,792,27118.66,0.608
LOAN-1233,CUST-00923,Auto,45683.65,8.64,360,355.81,40353.89,2021-06-02,Active,632,40338.61,0.301
LOAN-1234,CUST-00040,Business,55704.26,6.56,120,634.21,37136.17,2021-08-20,Active,770,24668.32,0.297
LOAN-1235,CUST-00841,Auto,4390.53,16.77,12,399.96,0.0,2022-09-21,Closed,618,133011.39,0.473
LOAN-1236,CUST-00441,Auto,26583.71,9.94,12,2336.39,0.0,2022-01-03,Closed,569,32906.46,0.39
LOAN-1237,CUST-01283,Business,68084.6,6.27,36,2079.6,0.0,2021-11-03,Closed,738,76106.13,0.066
LOAN-1238,CUST-00304,Mortgage,32450.32,13.12,24,1544.58,0.0,2021-09-27,Closed,616,24731.72,0.295
LOAN-1239,CUST-01277,Personal,13519.95,4.21,360,66.19,12055.29,2021-09-21,Active,714,76600.73,0.128
LOAN-1240,CUST-00111,Mortgage,70274.73,12.58,60,1583.9,25767.4,2021-10-24,Active,734,24433.83,0.51
LOAN-1241,CUST-00074,Mortgage,47729.47,4.29,12,4070.49,0.0,2021-12-06,Closed,761,20000.0,0.063
LOAN-1242,CUST-01463,Mortgage,13057.2,13.11,48,351.01,4080.38,2022-03-21,Active,708,73550.99,0.341
LOAN-1243,CUST-00873,Business,35776.28,13.51,48,968.87,3726.7,2021-05-06,Active,741,50243.4,0.501
LOAN-1244,CUST-00454,Personal,8322.39,12.48,24,393.63,0.0,2022-02-28,Closed,796,37486.88,0.211
LOAN-1245,CUST-00345,Personal,32581.15,18.38,48,963.55,21177.75,2022-08-03,Defaulted,631,52138.22,0.589
LOAN-1246,CUST-01372,Mortgage,30029.33,13.81,36,1023.56,0.0,2021-10-10,Closed,674,54125.07,0.077
LOAN-1247,CUST-01196,Personal,36537.35,12.92,24,1735.68,0.0,2021-11-14,Closed,666,84651.72,0.368
LOAN-1248,CUST-00140,Mortgage,104609.12,9.98,36,3374.46,0.0,2021-06-19,Closed,850,44118.76,0.328
LOAN-1249,CUST-00681,Business,59189.53,9.29,36,1890.21,0.0,2021-12-13,Closed,744,69292.32,0.413
LOAN-1250,CUST-00363,Personal,128178.23,5.83,60,2467.92,40589.77,2021-07-03,Active,758,94499.78,0.303
LOAN-1251,CUST-01273,Personal,50543.32,12.05,36,1679.97,0.0,2021-10-09,Closed,759,93548.16,0.601
LOAN-1252,CUST-00397,Student,110751.07,16.0,24,5422.72,0.0,2021-06-28,Closed,651,38885.66,0.231
LOAN-1253,CUST-00946,Business,147895.39,6.25,360,910.62,128997.65,2021-02-11,Active,712,255463.54,0.551
LOAN-1254,CUST-00440,Mortgage,20647.21,17.97,48,606.19,8172.85,2022-07-18,Active,714,112508.44,0.309
LOAN-1255,CUST-01037,Student,59721.61,17.18,24,2957.94,0.0,2021-03-07,Closed,850,43880.12,0.195
LOAN-1256,CUST-00052,Student,35020.8,4.4,360,175.37,30935.04,2021-06-24,Late,622,86411.92,0.233
LOAN-1257,CUST-01479,Auto,51074.44,5.47,12,4383.36,0.0,2021-08-03,Closed,567,24251.64,0.416
LOAN-1258,CUST-01301,Mortgage,29831.68,16.14,60,727.67,9943.89,2021-08-08,Active,847,119676.76,0.416
LOAN-1259,CUST-01254,Student,101986.16,16.57,48,2920.18,16997.69,2021-08-17,Active,569,41927.64,0.278
LOAN-1260,CUST-01188,Auto,29481.82,9.18,24,1349.31,0.0,2021-07-12,Closed,533,200081.78,0.143
LOAN-1261,CUST-01109,Mortgage,32572.16,18.07,48,958.0,11535.97,2022-05-13,Active,776,20000.0,0.524
LOAN-1262,CUST-00376,Mortgage,15242.34,7.52,120,181.09,12066.85,2022-11-26,Active,715,92476.01,0.306
LOAN-1263,CUST-00987,Mortgage,21630.62,13.08,60,493.05,11896.84,2022-09-30,Active,703,46769.7,0.481
LOAN-1264,CUST-01190,Personal,23476.03,5.06,60,443.67,9390.41,2021-12-25,Active,755,34878.7,0.494
LOAN-1265,CUST-00413,Mortgage,79095.5,14.6,36,2726.4,0.0,2021-07-14,Closed,719,31791.12,0.507
LOAN-1266,CUST-01458,Auto,42814.4,8.24,24,1941.07,0.0,2022-09-10,Closed,724,20000.0,0.103
LOAN-1267,CUST-00592,Mortgage,103915.73,17.69,36,3740.66,20205.84,2022-07-16,Active,674,35887.15,0.558
LOAN-1268,CUST-01274,Personal,60008.66,13.08,120,898.83,47506.86,2022-11-19,Active,714,66181.64,0.302
LOAN-1269,CUST-01300,Auto,123671.35,12.51,36,4137.85,80386.38,2022-05-03,Defaulted,617,64289.54,0.574
LOAN-1270,CUST-00065,Business,30005.69,5.06,24,1317.2,0.0,2021-12-21,Closed,850,62139.38,0.679
LOAN-1271,CUST-00879,Auto,4852.47,17.51,48,141.3,2122.96,2022-09-26,Late,477,64550.99,0.412
LOAN-1272,CUST-01434,Personal,46933.78,14.22,12,4218.91,0.0,2021-11-27,Closed,784,54636.35,0.103
LOAN-1273,CUST-01474,Personal,14496.61,12.65,360,156.41,9422.8,2021-03-30,Defaulted,674,30464.89,0.369
LOAN-1274,CUST-01370,Student,23099.29,9.71,60,487.5,9624.7,2022-01-19,Active,551,50724.31,0.506
LOAN-1275,CUST-00741,Student,53668.78,6.0,24,2378.63,0.0,2022-06-08,Closed,592,34208.51,0.358
LOAN-1276,CUST-01429,Business,48722.72,17.91,24,2430.32,0.0,2022-06-11,Closed,764,77005.58,0.263
LOAN-1277,CUST-00458,Student,35729.94,6.19,36,1090.05,1985.0,2022-02-19,Active,665,78282.37,0.152
LOAN-1278,CUST-00240,Business,37701.15,8.14,36,1183.85,1047.25,2022-01-12,Active,788,66857.12,0.171
LOAN-1279,CUST-00978,Business,67995.44,4.78,120,713.91,47596.81,2021-12-13,Active,850,103397.28,0.266
LOAN-1280,CUST-00952,Auto,54914.71,14.18,36,1881.66,0.0,2021-02-07,Closed,724,79067.47,0.118
LOAN-1281,CUST-01351,Auto,54233.78,5.96,48,1272.69,35251.96,2022-09-09,Defaulted,509,39904.11,0.268
LOAN-1282,CUST-00745,Personal,40144.75,13.55,24,1918.94,0.0,2022-07-04,Closed,568,68268.6,0.301
LOAN-1283,CUST-00450,Personal,26104.53,17.19,36,933.17,5075.88,2022-07-03,Active,723,41204.7,0.568
LOAN-1284,CUST-01352,Student,30660.59,13.01,60,697.78,16863.32,2022-09-16,Active,719,51481.72,0.331
LOAN-1285,CUST-00653,Business,15083.47,3.81,36,444.05,1256.96,2022-03-26,Active,753,106475.6,0.524
LOAN-1286,CUST-00512,Student,32845.01,6.05,12,2827.61,0.0,2022-08-19,Closed,560,177175.88,0.257
LOAN-1287,CUST-00537,Mortgage,54101.57,13.76,24,2591.44,0.0,2022-03-23,Closed,742,58820.5,0.44
LOAN-1288,CUST-01158,Auto,7006.88,8.2,48,171.72,437.93,2021-03-22,Active,707,31911.43,0.389
LOAN-1289,CUST-01198,Student,30088.54,14.69,12,2711.34,0.0,2021-03-09,Closed,797,224890.14,0.381
LOAN-1290,CUST-00773,Business,16379.93,5.13,48,378.18,6824.97,2022-08-24,Active,592,66896.98,0.3
LOAN-1291,CUST-01262,Student,81063.86,7.9,360,589.18,70930.88,2021-03-24,Active,648,56355.08,0.692
LOAN-1292,CUST-00741,Mortgage,38397.21,12.22,36,1279.38,9599.3,2022-09-19,Active,592,34208.51,0.358
LOAN-1293,CUST-01087,Student,71406.29,5.66,60,1369.22,33322.94,2022-04-09,Active,789,39040.58,0.389
LOAN-1294,CUST-01385,Auto,66585.96,7.58,36,2073.68,0.0,2021-10-19,Closed,707,54315.1,0.348
LOAN-1295,CUST-00127,Mortgage,53806.7,13.25,24,2564.39,0.0,2022-03-08,Closed,711,78499.55,0.692
LOAN-1296,CUST-00497,Personal,27474.48,5.21,12,2354.67,0.0,2021-04-24,Closed,715,111918.14,0.1
LOAN-1297,CUST-00866,Mortgage,84268.74,5.44,120,912.03,54774.68,2022-09-15,Defaulted,661,76708.87,0.653
LOAN-1298,CUST-01476,Mortgage,34419.76,5.94,360,205.04,22372.84,2021-11-26,Defaulted,735,73170.27,0.229
LOAN-1299,CUST-01038,Mortgage,27472.26,15.67,24,1340.8,0.0,2021-02-10,Closed,727,62983.64,0.276
LOAN-1300,CUST-00275,Personal,36048.08,12.38,360,381.37,23431.25,2021-11-30,Defaulted,660,98052.82,0.269
LOAN-1301,CUST-00810,Business,23626.71,6.75,24,1055.15,0.0,2022-05-10,Closed,765,44499.13,0.154
LOAN-1302,CUST-00902,Student,60128.74,12.87,360,659.04,53614.79,2021-09-28,Active,850,38295.97,0.493
LOAN-1303,CUST-00545,Student,26936.01,5.66,36,815.3,0.0,2021-08-22,Closed,755,59896.63,0.277
LOAN-1304,CUST-00431,Auto,23800.48,5.92,36,723.19,0.0,2021-08-23,Closed,733,36765.88,0.509
LOAN-1305,CUST-01193,Personal,41800.6,4.53,48,953.76,12191.84,2022-02-21,Active,850,42950.68,0.095
LOAN-1306,CUST-00963,Business,46934.46,7.97,48,1145.15,20533.83,2022-09-14,Active,661,47346.95,0.254
LOAN-1307,CUST-00243,Business,22909.48,6.6,120,261.3,14891.16,2022-02-14,Defaulted,668,40118.72,0.587
LOAN-1308,CUST-00537,Student,37661.63,11.04,60,819.61,13809.26,2021-10-11,Active,742,58820.5,0.44
LOAN-1309,CUST-00023,Auto,113465.19,4.19,12,9671.4,0.0,2022-10-19,Closed,670,84229.59,0.354
LOAN-1310,CUST-00127,Mortgage,41124.45,12.11,12,3655.97,0.0,2022-04-28,Closed,711,78499.55,0.692
LOAN-1311,CUST-00188,Business,15861.92,9.47,60,332.9,10310.25,2021-07-03,Defaulted,544,68089.77,0.286
LOAN-1312,CUST-00806,Student,47244.28,10.43,48,1208.02,17716.6,2022-06-02,Late,662,44519.45,0.249
LOAN-1313,CUST-01218,Student,160450.3,16.34,360,2201.71,147079.44,2022-06-02,Active,767,32637.33,0.68
LOAN-1314,CUST-01009,Business,100863.34,5.34,120,1086.65,69763.81,2021-11-02,Active,620,20000.0,0.179
LOAN-1315,CUST-00763,Auto,33887.75,8.48,36,1069.44,22027.04,2022-09-07,Defaulted,759,38290.11,0.473
LOAN-1316,CUST-00618,Personal,63030.02,8.59,360,488.67,56902.1,2022-01-08,Active,692,62065.33,0.13
LOAN-1317,CUST-00273,Mortgage,19672.6,5.15,48,454.38,12787.19,2021-05-25,Defaulted,621,57909.49,0.084
LOAN-1318,CUST-00516,Business,114134.97,4.77,36,3408.95,0.0,2021-11-08,Closed,637,29409.0,0.236
LOAN-1319,CUST-00809,Student,76455.27,6.14,12,6585.15,0.0,2021-10-03,Closed,505,20000.0,0.283
LOAN-1320,CUST-00302,Mortgage,12193.97,10.36,120,163.58,9653.56,2022-11-11,Active,617,54737.98,0.232
LOAN-1321,CUST-01229,Auto,21698.04,11.16,36,712.01,0.0,2021-12-14,Closed,603,20000.0,0.375
LOAN-1322,CUST-00212,Auto,53421.42,17.45,24,2652.84,0.0,2021-10-08,Closed,749,114936.75,0.554
LOAN-1323,CUST-00731,Personal,19284.16,10.2,360,172.09,17516.45,2022-03-21,Active,806,39445.65,0.24
LOAN-1324,CUST-00458,Personal,40302.81,10.18,24,1863.12,0.0,2022-10-30,Closed,665,78282.37,0.152
LOAN-1325,CUST-00052,Auto,89826.92,11.76,12,7970.93,0.0,2022-11-26,Closed,622,86411.92,0.233
LOAN-1326,CUST-01335,Auto,18593.22,15.98,48,526.75,8134.53,2022-09-28,Active,721,84906.42,0.072
LOAN-1327,CUST-01087,Student,49168.84,15.3,36,1711.69,0.0,2021-03-01,Closed,789,39040.58,0.389
LOAN-1328,CUST-01493,Student,15120.96,18.15,48,445.36,2520.16,2021-08-23,Late,707,140907.29,0.33
LOAN-1329,CUST-00867,Mortgage,59286.31,16.89,60,1469.91,18774.0,2021-07-08,Active,615,154382.0,0.258
LOAN-1330,CUST-00560,Personal,34422.35,16.32,12,3128.38,0.0,2021-12-29,Closed,566,27180.36,0.649
LOAN-1331,CUST-00833,Student,47659.27,13.41,60,1094.42,19063.71,2021-12-14,Active,711,70442.94,0.43
LOAN-1332,CUST-01433,Mortgage,62615.89,11.64,120,885.37,43831.12,2021-12-13,Active,741,25032.77,0.466
LOAN-1333,CUST-01473,Student,53378.92,8.5,360,410.44,48634.13,2022-04-11,Active,719,28962.08,0.343
LOAN-1334,CUST-00106,Mortgage,57699.9,10.99,12,5099.34,0.0,2021-07-21,Closed,758,52782.3,0.212
LOAN-1335,CUST-01022,Auto,26727.65,11.38,24,1250.44,0.0,2021-08-08,Closed,550,25275.9,0.254
LOAN-1336,CUST-00290,Auto,23051.2,9.08,12,2016.72,0.0,2022-06-23,Closed,629,38821.09,0.341
LOAN-1337,CUST-00136,Business,102855.5,11.91,36,3411.85,22856.78,2022-08-07,Active,689,66509.79,0.1
LOAN-1338,CUST-01097,Business,52067.38,8.08,48,1273.07,5423.69,2021-05-02,Active,707,151471.3,0.38
LOAN-1339,CUST-01298,Student,12472.0,4.37,120,128.48,8106.8,2021-06-11,Active,709,48242.09,0.777
LOAN-1340,CUST-00412,Personal,17439.02,16.34,60,427.24,10172.76,2022-11-07,Active,726,75220.27,0.272
LOAN-1341,CUST-00075,Auto,46522.94,9.37,36,1487.44,0.0,2021-06-11,Closed,463,138424.88,0.284
LOAN-1342,CUST-00015,Business,42783.85,15.53,12,3872.31,0.0,2022-05-12,Closed,700,127328.31,0.217
LOAN-1343,CUST-00105,Personal,96827.8,15.41,60,2324.42,46800.1,2022-05-11,Active,619,40641.36,0.345
LOAN-1344,CUST-00112,Auto,26501.43,16.56,120,453.23,20538.61,2022-09-05,Active,594,142026.94,0.637
LOAN-1345,CUST-01086,Mortgage,8719.03,12.43,360,92.58,8089.32,2022-10-04,Active,755,88066.38,0.498
LOAN-1346,CUST-00337,Business,15162.18,4.52,120,157.28,9855.42,2021-02-05,Defaulted,686,89493.41,0.169
LOAN-1347,CUST-00291,Personal,27565.46,12.94,48,738.69,6891.36,2021-12-13,Active,588,90341.36,0.375
LOAN-1348,CUST-00518,Auto,27816.97,6.88,120,321.26,18312.84,2021-07-14,Active,676,79796.73,0.523
LOAN-1349,CUST-01095,Personal,55062.25,3.85,120,553.56,41755.54,2022-07-25,Active,584,140837.1,0.044
LOAN-1350,CUST-00112,Auto,74433.78,11.48,12,6595.26,0.0,2021-12-09,Closed,594,142026.94,0.637
LOAN-1351,CUST-00195,Student,19992.35,4.78,24,875.12,0.0,2021-06-19,Closed,692,94956.1,0.252
LOAN-1352,CUST-01144,Mortgage,33371.64,15.37,24,1623.95,0.0,2022-06-08,Closed,682,48521.45,0.184
LOAN-1353,CUST-00667,Student,101778.2,14.61,360,1255.25,92165.81,2022-02-21,Active,808,20000.0,0.247
LOAN-1354,CUST-00028,Mortgage,6898.94,4.22,48,156.45,2587.1,2022-06-07,Active,754,32153.11,0.409
LOAN-1355,CUST-01228,Student,24739.21,16.19,48,703.53,9792.6,2022-07-20,Active,788,43754.98,0.794
LOAN-1356,CUST-00321,Personal,17475.23,9.58,36,560.44,0.0,2021-08-26,Closed,702,52536.72,0.55
LOAN-1357,CUST-00574,Auto,49375.21,14.86,24,2390.76,0.0,2021-04-15,Closed,655,60134.21,0.273
LOAN-1358,CUST-00328,Student,24927.1,11.32,24,1165.51,0.0,2022-10-27,Closed,760,67747.59,0.508
LOAN-1359,CUST-00452,Student,9729.24,14.19,120,152.18,6486.16,2021-08-11,Active,557,52646.06,0.306
LOAN-1360,CUST-00687,Student,29446.93,11.68,120,417.05,19631.29,2021-08-11,Active,675,82567.61,0.287
LOAN-1361,CUST-01408,Business,86165.45,8.28,36,2711.26,0.0,2021-04-30,Closed,850,61042.66,0.531
LOAN-1362,CUST-00108,Personal,4676.86,11.44,360,46.1,4170.2,2021-09-23,Active,803,38216.86,0.165
LOAN-1363,CUST-01465,Auto,158550.26,11.03,48,4100.12,75972.0,2022-11-09,Active,739,122728.45,0.048
LOAN-1364,CUST-00313,Auto,90433.38,10.57,36,2942.29,0.0,2021-08-03,Closed,780,33507.92,0.378
LOAN-1365,CUST-01061,Personal,89529.4,15.44,48,2511.68,58194.11,2021-08-09,Defaulted,560,75047.06,0.25
LOAN-1366,CUST-00910,Personal,42414.12,9.29,120,543.96,32517.49,2022-08-08,Active,607,77921.07,0.586
LOAN-1367,CUST-00640,Business,42233.27,14.64,24,2040.53,0.0,2022-08-20,Closed,653,131833.9,0.531
LOAN-1368,CUST-00993,Mortgage,51389.8,4.32,120,528.15,32118.62,2021-03-01,Active,586,20000.0,0.349
LOAN-1369,CUST-00254,Business,53409.03,7.25,120,627.03,37831.4,2022-01-19,Active,651,52500.99,0.358
LOAN-1370,CUST-00638,Auto,10519.7,12.83,48,281.33,3725.73,2022-05-24,Active,791,59691.32,0.108
LOAN-1371,CUST-01368,Business,104178.99,6.42,36,3189.19,0.0,2021-11-25,Closed,663,59479.49,0.538
LOAN-1372,CUST-01464,Personal,45112.66,13.77,24,2161.09,0.0,2021-06-29,Closed,704,71199.03,0.405
LOAN-1373,CUST-00868,Personal,11809.84,14.79,36,408.18,0.0,2021-11-21,Closed,680,64519.49,0.292
LOAN-1374,CUST-00251,Student,9050.92,6.34,24,402.53,0.0,2021-12-25,Closed,737,248764.02,0.461
LOAN-1375,CUST-01031,Personal,59442.74,15.1,360,756.38,52507.75,2021-06-10,Active,473,36359.23,0.52
LOAN-1376,CUST-00981,Student,7503.22,7.31,36,232.74,0.0,2021-10-16,Closed,795,80553.04,0.481
LOAN-1377,CUST-00448,Mortgage,37422.04,6.2,24,1661.94,0.0,2022-03-30,Closed,850,119169.37,0.651
LOAN-1378,CUST-00615,Auto,33538.48,16.77,24,1654.51,0.0,2022-09-08,Closed,786,91129.22,0.234
LOAN-1379,CUST-01008,Business,27372.85,16.56,12,2490.82,0.0,2021-05-18,Closed,711,56318.29,0.515
LOAN-1380,CUST-00152,Business,74971.72,17.67,48,2189.39,24990.57,2022-04-05,Active,720,72901.11,0.313
LOAN-1381,CUST-00593,Business,21350.25,12.52,12,1902.14,0.0,2021-08-17,Closed,770,61875.05,0.128
LOAN-1382,CUST-00980,Personal,42848.43,5.29,120,460.57,27494.41,2021-05-02,Late,811,64005.87,0.274
LOAN-1383,CUST-01190,Student,16362.83,4.21,60,302.9,6272.42,2021-11-08,Active,755,34878.7,0.494
LOAN-1384,CUST-01288,Auto,40059.61,6.84,36,1234.0,11127.67,2022-10-27,Active,661,159965.83,0.027
LOAN-1385,CUST-00297,Personal,292769.46,6.22,120,3282.78,180541.17,2021-02-12,Active,667,62897.98,0.203
LOAN-1386,CUST-01131,Business,64528.64,11.41,360,634.59,41943.62,2021-11-25,Defaulted,589,77764.03,0.356
LOAN-1387,CUST-00334,Business,25781.63,11.97,24,1213.27,0.0,2021-11-25,Closed,727,32981.26,0.473
LOAN-1388,CUST-01062,Mortgage,9064.32,9.19,120,115.76,5891.81,2022-12-01,Defaulted,588,100361.85,0.396
LOAN-1389,CUST-00424,Auto,12223.78,6.78,48,291.47,509.32,2021-02-02,Active,761,51359.96,0.483
LOAN-1390,CUST-00948,Student,73625.26,6.92,60,1455.09,47856.42,2022-05-16,Defaulted,772,62338.54,0.403
LOAN-1391,CUST-00622,Personal,48863.51,7.51,48,1181.69,17305.83,2022-05-01,Active,632,32797.23,0.353
LOAN-1392,CUST-00980,Business,44910.12,4.55,48,1025.12,20583.81,2022-10-06,Active,811,64005.87,0.274
LOAN-1393,CUST-00035,Personal,19297.84,11.54,48,503.84,9246.88,2022-11-12,Active,773,124490.51,0.333
LOAN-1394,CUST-00043,Personal,16486.19,6.09,48,387.86,686.92,2021-02-14,Active,850,61832.22,0.289
LOAN-1395,CUST-00894,Auto,28541.63,11.26,36,937.93,6342.58,2022-08-31,Active,677,79075.19,0.451
LOAN-1396,CUST-01026,Auto,10465.76,11.37,36,344.47,0.0,2021-07-31,Closed,628,148422.04,0.309
LOAN-1397,CUST-01291,Student,81583.44,3.96,120,824.44,61187.58,2022-06-29,Active,638,105714.36,0.312
LOAN-1398,CUST-00070,Student,7739.01,10.18,24,357.76,0.0,2022-06-06,Closed,752,78293.53,0.383
LOAN-1399,CUST-01013,Business,17263.95,16.55,360,239.83,15105.96,2021-03-29,Active,727,40850.24,0.164
LOAN-1400,CUST-00012,Personal,81740.12,16.12,360,1107.12,75382.56,2022-08-01,Active,825,58705.91,0.021
LOAN-1401,CUST-00768,Personal,20874.72,17.21,120,365.58,13568.57,2021-06-02,Active,694,66867.26,0.234
LOAN-1402,CUST-01241,Student,73328.57,10.94,12,6478.85,0.0,2021-08-17,Closed,684,63241.06,0.138
LOAN-1403,CUST-01171,Personal,124535.99,13.01,48,3341.61,57079.0,2022-10-25,Active,652,126644.06,0.137
LOAN-1404,CUST-00838,Auto,39840.81,13.43,360,454.15,36078.07,2022-02-15,Active,633,122457.32,0.44
LOAN-1405,CUST-01158,Personal,18167.45,3.6,48,406.96,6434.31,2022-05-22,Active,707,31911.43,0.389
LOAN-1406,CUST-00644,Student,6599.39,12.2,60,147.47,2749.75,2022-01-31,Active,850,43129.84,0.371
LOAN-1407,CUST-01164,Student,86046.05,15.78,24,4204.04,0.0,2021-02-14,Closed,565,41139.7,0.451
LOAN-1408,CUST-01397,Personal,14619.47,4.33,60,271.42,7066.08,2022-05-22,Active,710,47696.02,0.365
LOAN-1409,CUST-01185,Mortgage,96246.15,10.74,24,4474.22,0.0,2022-05-30,Closed,713,89019.95,0.203
LOAN-1410,CUST-00444,Business,81370.8,4.72,360,423.0,74589.9,2022-06-02,Active,742,87944.17,0.114
LOAN-1411,CUST-00536,Business,38796.74,5.24,60,736.42,25217.88,2021-04-14,Defaulted,543,44698.71,0.179
LOAN-1412,CUST-01000,Auto,41497.08,10.14,12,3650.96,0.0,2022-03-06,Closed,767,38770.17,0.573
LOAN-1413,CUST-00577,Student,23017.59,6.92,48,550.33,1918.13,2021-04-04,Active,650,22332.35,0.25
LOAN-1414,CUST-00950,Auto,79233.35,14.55,60,1866.29,51501.68,2021-04-09,Defaulted,690,30789.86,0.315
LOAN-1415,CUST-01009,Student,85336.58,9.32,12,7475.48,0.0,2021-02-16,Closed,620,20000.0,0.179
LOAN-1416,CUST-00530,Mortgage,72910.26,16.28,36,2573.4,47391.67,2022-06-15,Defaulted,527,153525.53,0.332
LOAN-1417,CUST-01088,Auto,180094.23,17.56,120,3194.19,124565.18,2021-11-17,Active,683,178769.23,0.14
LOAN-1418,CUST-00592,Personal,52600.53,12.35,60,1179.39,22793.56,2022-02-22,Active,674,35887.15,0.558
LOAN-1419,CUST-00289,Student,33207.34,11.95,36,1102.17,3689.7,2022-04-24,Active,840,64771.35,0.637
LOAN-1420,CUST-01103,Student,23383.84,6.22,120,262.2,14809.77,2021-04-25,Active,763,41725.04,0.251
LOAN-1421,CUST-00257,Auto,31849.63,14.46,36,1095.67,0.0,2021-07-22,Closed,763,46110.82,0.311
LOAN-1422,CUST-00446,Auto,7852.05,16.02,120,131.63,5365.57,2021-10-22,Late,705,21234.18,0.78
LOAN-1423,CUST-00296,Personal,18707.2,3.5,24,808.2,0.0,2021-11-03,Closed,705,107026.45,0.282
LOAN-1424,CUST-00518,Student,28675.25,10.21,24,1326.0,0.0,2022-09-08,Closed,676,79796.73,0.523
LOAN-1425,CUST-01428,Student,8026.44,16.23,360,109.43,7424.46,2022-09-04,Active,718,103527.06,0.092
LOAN-1426,CUST-00106,Business,30807.29,10.37,60,660.19,16944.01,2022-09-14,Active,758,52782.3,0.212
LOAN-1427,CUST-01440,Mortgage,32287.08,14.04,36,1104.12,7174.91,2022-08-13,Active,640,38099.02,0.134
LOAN-1428,CUST-00890,Mortgage,34771.64,14.59,120,552.29,22022.04,2021-04-11,Active,549,86661.19,0.064
LOAN-1429,CUST-01112,Personal,10884.71,14.36,24,524.46,0.0,2021-11-21,Closed,707,46606.4,0.316
LOAN-1430,CUST-00619,Student,136114.29,16.46,36,4816.34,34028.57,2022-09-27,Active,722,65635.39,0.419
LOAN-1431,CUST-01482,Auto,24414.59,9.5,360,205.29,21701.86,2021-08-30,Active,714,32520.87,0.104
LOAN-1432,CUST-00768,Student,75731.62,15.44,360,984.28,67106.63,2021-07-01,Active,694,66867.26,0.234
LOAN-1433,CUST-01040,Mortgage,25019.94,7.78,36,781.5,1390.0,2022-02-08,Active,770,30113.96,0.158
LOAN-1434,CUST-01109,Personal,113589.15,11.44,36,3742.48,37863.05,2022-12-02,Active,776,20000.0,0.524
LOAN-1435,CUST-00302,Student,86110.18,8.02,36,2699.17,0.0,2021-07-19,Closed,617,54737.98,0.232
LOAN-1436,CUST-00686,Personal,58138.72,14.52,48,1603.93,20590.8,2022-05-09,Active,850,33789.1,0.112
LOAN-1437,CUST-00170,Business,38214.37,10.5,60,821.38,17833.37,2022-04-28,Active,775,70484.32,0.166
LOAN-1438,CUST-00120,Business,31167.46,5.65,12,2677.46,0.0,2022-03-01,Closed,779,33038.17,0.251
LOAN-1439,CUST-01278,Business,39754.0,17.88,60,1006.9,25840.1,2021-12-31,Defaulted,648,149228.62,0.112
LOAN-1440,CUST-00158,Mortgage,24946.85,6.2,36,761.19,0.0,2021-10-28,Closed,757,43694.49,0.22
LOAN-1441,CUST-00435,Mortgage,29217.23,12.4,60,655.84,18991.2,2022-05-10,Defaulted,685,41858.16,0.382
LOAN-1442,CUST-00581,Student,18367.1,11.06,60,399.9,10101.91,2022-09-12,Active,773,40522.64,0.2
LOAN-1443,CUST-00532,Business,35481.41,4.24,360,174.34,31341.91,2021-06-28,Active,831,35202.92,0.356
LOAN-1444,CUST-00696,Personal,23488.33,15.89,48,664.34,3914.72,2021-08-31,Active,803,147161.59,0.182
LOAN-1445,CUST-00365,Auto,18567.72,5.38,48,430.81,8897.03,2022-11-23,Active,664,113922.59,0.345
LOAN-1446,CUST-00258,Mortgage,77974.61,12.98,120,1163.33,51983.07,2021-08-13,Active,701,79431.42,0.319
LOAN-1447,CUST-00356,Mortgage,62035.53,17.1,360,889.46,55315.01,2021-09-17,Active,563,33990.82,0.075
LOAN-1448,CUST-00923,Auto,9523.26,5.99,360,57.04,8359.31,2021-04-24,Active,632,40338.61,0.301
LOAN-1449,CUST-00994,Student,102669.38,4.84,48,2356.97,42778.91,2022-08-29,Active,750,58743.39,0.223
LOAN-1450,CUST-00009,Student,61990.96,9.03,120,786.28,40810.72,2021-07-26,Active,777,83819.58,0.476
LOAN-1451,CUST-00298,Mortgage,18092.85,7.28,360,123.79,16585.11,2022-06-18,Active,420,82988.41,0.392
LOAN-1452,CUST-01139,Student,44244.62,16.71,48,1270.05,21200.55,2022-11-23,Active,743,54084.23,0.199
LOAN-1453,CUST-01093,Student,23681.29,12.87,48,633.78,7893.76,2022-04-02,Active,528,37642.17,0.188
LOAN-1454,CUST-01379,Auto,54144.6,12.49,24,2561.18,0.0,2021-03-13,Closed,595,127768.9,0.23
LOAN-1455,CUST-01385,Student,10902.41,9.59,36,349.7,2725.6,2022-09-19,Active,707,54315.1,0.348
LOAN-1456,CUST-01331,Mortgage,17138.78,10.86,36,559.97,0.0,2021-10-01,Closed,654,28070.86,0.435
LOAN-1457,CUST-00365,Mortgage,186407.43,8.36,12,16246.33,0.0,2021-12-06,Closed,664,113922.59,0.345
LOAN-1458,CUST-00110,Auto,37917.12,12.98,120,565.7,23382.22,2021-02-10,Active,628,86659.46,0.255
LOAN-1459,CUST-00492,Personal,32156.41,9.14,120,409.78,24921.22,2022-09-22,Active,650,36935.27,0.289
LOAN-1460,CUST-00162,Student,53790.29,13.72,48,1462.36,7844.42,2021-07-18,Late,496,51543.54,0.556
LOAN-1461,CUST-01307,Personal,21428.04,16.68,360,299.93,19939.98,2022-11-01,Active,643,80849.14,0.762
LOAN-1462,CUST-00143,Auto,8487.0,12.25,120,122.99,6365.25,2022-06-19,Active,664,62368.36,0.495
LOAN-1463,CUST-00051,Business,47330.56,9.01,12,4139.35,0.0,2021-02-25,Closed,780,171403.33,0.108
LOAN-1464,CUST-00937,Personal,12417.96,4.57,60,231.9,4346.29,2021-09-18,Active,658,46068.99,0.439
LOAN-1465,CUST-01499,Mortgage,47057.81,5.2,120,503.73,34116.91,2022-03-01,Active,809,109477.22,0.217
LOAN-1466,CUST-00031,Student,15292.98,8.28,60,312.14,3823.24,2021-03-17,Active,751,55922.79,0.193
LOAN-1467,CUST-00922,Auto,128479.08,8.2,360,960.71,112062.31,2021-02-23,Late,606,54748.92,0.261
LOAN-1468,CUST-00517,Student,10604.92,11.52,36,349.81,589.16,2022-02-09,Active,707,107491.55,0.383
LOAN-1469,CUST-00038,Student,24643.6,12.18,24,1162.13,0.0,2022-04-03,Closed,807,165029.18,0.705
LOAN-1470,CUST-00056,Mortgage,54665.87,16.49,36,1935.14,9110.98,2022-06-30,Active,729,91489.06,0.267
LOAN-1471,CUST-01476,Business,122716.61,11.63,12,10881.99,0.0,2021-09-24,Closed,735,73170.27,0.229
LOAN-1472,CUST-00971,Auto,17074.5,10.68,60,368.52,11098.43,2022-04-17,Defaulted,536,67864.74,0.506
LOAN-1473,CUST-00143,Mortgage,25702.24,7.77,36,802.69,0.0,2021-11-23,Closed,664,62368.36,0.495
LOAN-1474,CUST-01271,Mortgage,119785.34,10.86,48,3087.78,57397.14,2022-11-25,Active,549,94363.19,0.411
LOAN-1475,CUST-01421,Auto,9071.45,7.22,48,218.15,2834.83,2022-03-01,Active,789,58873.08,0.28
LOAN-1476,CUST-01406,Business,27044.14,15.05,120,437.14,17578.69,2021-06-02,Active,777,34525.2,0.261
LOAN-1477,CUST-00981,Auto,68704.72,13.66,60,1586.55,21756.49,2021-07-30,Active,795,80553.04,0.481
LOAN-1478,CUST-00401,Business,132252.83,5.83,36,4013.21,40410.59,2022-11-12,Active,708,82463.79,0.282
LOAN-1479,CUST-00507,Personal,42579.34,7.06,36,1315.89,27676.57,2022-03-17,Defaulted,523,23669.93,0.065
LOAN-1480,CUST-00016,Student,39894.2,10.4,36,1294.78,4432.69,2022-04-03,Active,446,50992.1,0.407
LOAN-1481,CUST-00567,Business,113801.98,14.21,36,3901.1,15805.83,2022-05-29,Active,622,46792.42,0.046
LOAN-1482,CUST-00258,Student,103168.27,10.82,36,3368.81,0.0,2021-03-23,Closed,701,79431.42,0.319
LOAN-1483,CUST-01107,Personal,71536.27,6.61,360,457.35,64581.35,2022-01-03,Active,628,42068.31,0.303
LOAN-1484,CUST-01362,Personal,27583.07,4.5,36,820.51,6129.57,2022-08-19,Active,644,138480.45,0.444
LOAN-1485,CUST-00758,Auto,20429.8,14.58,36,704.01,6242.44,2022-11-22,Active,751,144217.38,0.343
LOAN-1486,CUST-00620,Student,66800.92,8.69,24,3042.29,0.0,2022-09-07,Closed,743,91458.24,0.629
LOAN-1487,CUST-01385,Student,116040.93,8.64,60,2388.59,32878.26,2021-05-26,Active,707,54315.1,0.348
LOAN-1488,CUST-00057,Personal,61771.39,12.96,36,2080.13,0.0,2021-02-16,Closed,773,62212.36,0.381
LOAN-1489,CUST-00690,Personal,20504.59,17.56,24,1019.32,0.0,2021-06-10,Closed,574,95688.92,0.52
LOAN-1490,CUST-00407,Personal,69920.36,9.91,12,6144.18,0.0,2022-07-30,Closed,653,60666.48,0.7
LOAN-1491,CUST-00886,Business,29495.35,14.69,36,1017.99,0.0,2021-05-02,Closed,523,28004.61,0.068
LOAN-1492,CUST-01234,Personal,33165.41,14.08,36,1134.8,3685.05,2022-04-19,Active,705,34939.54,0.175
LOAN-1493,CUST-00978,Mortgage,19980.6,15.35,48,559.63,1665.05,2021-04-27,Active,850,103397.28,0.266
LOAN-1494,CUST-00177,Student,20085.34,8.86,360,159.59,18411.56,2022-06-11,Active,734,53965.86,0.422
LOAN-1495,CUST-00449,Mortgage,56531.21,18.25,24,2829.1,0.0,2022-02-28,Closed,730,77396.27,0.452
LOAN-1496,CUST-01459,Student,52273.67,18.21,48,1541.28,4356.14,2021-04-06,Active,644,21369.46,0.523
LOAN-1497,CUST-01448,Student,38248.65,14.65,48,1057.71,12749.55,2022-04-07,Active,598,59307.79,0.312
LOAN-1498,CUST-00018,Mortgage,50985.54,17.86,48,1493.97,5310.99,2021-05-03,Active,588,23850.79,0.174
LOAN-1499,CUST-01247,Auto,25411.78,11.7,12,2254.24,0.0,2022-08-19,Closed,707,28951.76,0.73
LOAN-1500,CUST-00637,Mortgage,13774.04,6.92,24,616.2,0.0,2022-01-22,Closed,537,49683.08,0.267
LOAN-1501,CUST-01382,Mortgage,27476.78,5.65,60,526.74,14196.34,2022-07-07,Active,714,33363.85,0.399
LOAN-1502,CUST-00017,Personal,40152.29,6.57,12,3466.29,0.0,2021-11-21,Closed,502,67387.6,0.111
LOAN-1503,CUST-00640,Student,99309.91,9.97,24,4581.27,0.0,2021-05-12,Closed,653,131833.9,0.531
LOAN-1504,CUST-00696,Student,23860.71,4.81,48,547.44,10439.06,2022-09-30,Active,803,147161.59,0.182
LOAN-1505,CUST-00120,Business,12503.52,8.54,12,1090.79,0.0,2021-10-24,Closed,779,33038.17,0.251
LOAN-1506,CUST-00052,Student,17544.97,12.4,24,829.18,0.0,2021-03-13,Closed,622,86411.92,0.233
LOAN-1507,CUST-01464,Student,33364.79,10.5,360,305.2,30028.31,2021-12-12,Active,704,71199.03,0.405
LOAN-1508,CUST-01195,Student,36231.52,14.15,120,565.83,25362.06,2021-12-24,Active,802,27483.08,0.075
LOAN-1509,CUST-01038,Student,25666.79,14.29,60,601.09,11550.06,2022-03-03,Active,727,62983.64,0.276
LOAN-1510,CUST-00888,Student,36370.67,12.48,120,531.96,25459.47,2021-12-02,Active,650,41797.65,0.209
LOAN-1511,CUST-00055,Student,32726.31,7.03,48,784.13,6817.98,2021-10-26,Active,684,50702.05,0.223
LOAN-1512,CUST-01035,Student,98798.18,15.14,36,3431.65,0.0,2021-12-02,Closed,669,59470.51,0.229
LOAN-1513,CUST-01403,Mortgage,46783.48,12.54,48,1244.43,30409.26,2022-05-22,Defaulted,609,46098.43,0.166
LOAN-1514,CUST-00871,Student,36278.77,7.19,120,424.79,26604.43,2022-04-22,Active,810,30387.73,0.272
LOAN-1515,CUST-01189,Auto,25924.19,16.01,12,2352.25,0.0,2022-03-31,Closed,606,56124.11,0.317
LOAN-1516,CUST-01435,Personal,113334.46,5.02,12,9703.32,0.0,2021-08-20,Closed,751,55935.56,0.209
LOAN-1517,CUST-00405,Auto,22052.57,17.95,60,559.39,11026.28,2022-06-08,Active,782,131564.4,0.084
LOAN-1518,CUST-00104,Student,64147.52,11.22,36,2106.8,7127.5,2022-04-12,Active,759,80039.11,0.096
LOAN-1519,CUST-01413,Business,150380.62,15.54,120,2476.13,110279.12,2022-04-21,Active,553,28454.31,0.434
LOAN-1520,CUST-00300,Personal,43690.96,6.75,36,1344.06,12136.38,2022-10-09,Active,731,101135.73,0.368
LOAN-1521,CUST-01398,Personal,59607.24,18.24,12,5471.6,0.0,2021-12-04,Closed,701,26321.86,0.307
LOAN-1522,CUST-00921,Auto,61738.87,10.0,60,1311.77,34985.36,2022-10-18,Active,708,25558.09,0.274
LOAN-1523,CUST-00833,Auto,10718.87,18.14,120,194.11,7860.5,2022-04-08,Late,711,70442.94,0.43
LOAN-1524,CUST-01346,Student,149201.19,6.41,24,6640.29,0.0,2021-03-13,Closed,671,50586.37,0.428
LOAN-1525,CUST-00559,Mortgage,31377.5,13.81,24,1503.71,0.0,2021-10-23,Closed,637,70911.43,0.506
LOAN-1526,CUST-00225,Business,25262.36,7.27,24,1134.16,0.0,2022-11-14,Closed,547,22732.6,0.476
LOAN-1527,CUST-00412,Auto,75025.76,4.1,48,1697.37,35949.84,2022-11-12,Active,726,75220.27,0.272
LOAN-1528,CUST-00835,Business,154703.3,15.02,48,4307.08,19337.91,2021-06-27,Active,647,76335.68,0.143
LOAN-1529,CUST-00847,Mortgage,10984.35,9.22,36,350.43,1830.72,2022-06-22,Active,713,113344.99,0.095
LOAN-1530,CUST-01250,Mortgage,28318.44,13.23,36,957.3,0.0,2021-07-31,Closed,617,75872.69,0.508
LOAN-1531,CUST-00816,Auto,35677.08,3.86,120,358.84,22000.87,2021-02-03,Active,699,40754.52,0.317
LOAN-1532,CUST-00162,Personal,109869.43,7.85,360,794.72,71415.13,2021-09-24,Defaulted,496,51543.54,0.556
LOAN-1533,CUST-01184,Personal,56858.14,5.74,120,623.84,36957.79,2022-05-08,Defaulted,495,38090.32,0.463
LOAN-1534,CUST-00468,Business,33246.34,6.72,48,791.81,11774.75,2022-05-15,Active,620,31776.18,0.275
LOAN-1535,CUST-01063,Personal,13439.73,6.06,60,260.2,4927.9,2021-10-31,Active,684,51346.69,0.344
LOAN-1536,CUST-01128,Business,85863.31,16.35,360,1178.92,78469.52,2022-05-22,Active,556,61196.34,0.498
LOAN-1537,CUST-00962,Personal,10670.85,6.47,24,475.2,0.0,2022-10-23,Closed,746,45164.93,0.337
LOAN-1538,CUST-01182,Student,8016.13,12.72,60,181.24,3740.86,2022-04-29,Active,739,61122.65,0.627
LOAN-1539,CUST-00353,Auto,12311.11,6.39,36,376.71,0.0,2021-06-23,Closed,729,75473.37,0.344
LOAN-1540,CUST-01095,Personal,20311.55,4.18,36,601.31,2821.05,2022-05-02,Active,584,140837.1,0.044
LOAN-1541,CUST-00281,Auto,76310.41,18.37,120,1393.23,51509.53,2021-09-15,Active,810,41405.08,0.512
LOAN-1542,CUST-00251,Student,119506.82,13.91,120,1849.08,83654.77,2021-12-15,Active,737,248764.02,0.461
LOAN-1543,CUST-00807,Mortgage,39995.31,12.59,24,1893.76,0.0,2021-09-14,Closed,638,45529.74,0.173
LOAN-1544,CUST-01302,Auto,29648.2,6.38,120,334.84,22730.29,2022-08-28,Active,668,63313.85,0.273
LOAN-1545,CUST-01091,Auto,11720.43,5.73,12,1007.28,0.0,2021-08-09,Closed,645,20137.04,0.117
LOAN-1546,CUST-01449,Student,59031.58,13.7,24,2825.92,0.0,2022-06-02,Closed,796,40376.72,0.178
LOAN-1547,CUST-01369,Student,226466.43,13.47,24,10816.69,0.0,2022-02-12,Closed,754,125595.0,0.393
LOAN-1548,CUST-00364,Business,45248.94,8.54,120,561.99,32428.41,2022-02-19,Late,709,104790.02,0.362
LOAN-1549,CUST-01286,Auto,79290.71,6.96,120,919.0,51538.96,2021-07-03,Defaulted,597,189352.88,0.322
LOAN-1550,CUST-00603,Mortgage,199369.86,3.68,360,915.41,176663.85,2021-07-04,Active,730,44934.06,0.39
LOAN-1551,CUST-01312,Auto,14262.83,5.14,360,77.79,13153.5,2022-08-19,Active,645,98145.1,0.109
LOAN-1552,CUST-00989,Auto,57372.47,9.91,12,5041.55,0.0,2021-05-12,Closed,640,44761.01,0.382
LOAN-1553,CUST-00116,Student,11853.56,6.74,24,529.32,0.0,2021-05-21,Closed,701,68417.66,0.332
LOAN-1554,CUST-01376,Mortgage,35535.75,13.47,48,961.65,8883.94,2021-12-07,Active,712,55386.19,0.56
LOAN-1555,CUST-01380,Student,39384.73,11.67,120,557.57,30523.17,2022-09-24,Active,722,139080.64,0.294
LOAN-1556,CUST-01208,Auto,21767.22,14.5,12,1959.54,0.0,2021-12-03,Closed,600,22739.43,0.425
LOAN-1557,CUST-01490,Mortgage,24799.05,11.46,360,244.83,22250.26,2021-11-07,Active,579,93077.36,0.602
LOAN-1558,CUST-00642,Student,14968.82,5.41,36,451.39,0.0,2021-08-25,Closed,831,66791.9,0.418
LOAN-1559,CUST-01042,Business,11662.17,15.19,60,278.61,4859.24,2022-01-31,Active,630,140922.51,0.124
LOAN-1560,CUST-00797,Student,15981.31,5.06,60,302.03,7990.65,2022-06-22,Active,792,75327.9,0.23
LOAN-1561,CUST-00512,Personal,39185.57,17.2,36,1400.98,6530.93,2022-06-13,Active,560,177175.88,0.257
LOAN-1562,CUST-00765,Business,21408.11,12.05,60,476.75,11774.46,2022-09-10,Active,748,32310.85,0.239
LOAN-1563,CUST-00792,Mortgage,79521.11,7.15,120,929.47,60966.18,2022-08-06,Active,771,83292.78,0.509
LOAN-1564,CUST-01018,Mortgage,44975.78,11.14,48,1165.48,12180.94,2022-01-07,Active,762,156298.22,0.295
LOAN-1565,CUST-01002,Business,62515.01,15.14,36,2171.39,0.0,2021-06-14,Closed,602,24529.8,0.473
LOAN-1566,CUST-00435,Mortgage,37947.04,12.93,36,1277.31,0.0,2021-07-08,Closed,685,41858.16,0.382
LOAN-1567,CUST-00641,Mortgage,36846.79,18.35,48,1089.13,8444.06,2021-11-01,Active,687,87928.46,0.09
LOAN-1568,CUST-01382,Auto,24466.65,17.09,36,873.4,679.63,2022-01-01,Active,714,33363.85,0.399
LOAN-1569,CUST-00027,Personal,33399.97,10.92,48,861.94,7654.16,2021-11-03,Active,575,65917.43,0.335
LOAN-1570,CUST-01490,Mortgage,46940.93,9.3,48,1174.83,30511.6,2022-04-09,Defaulted,579,93077.36,0.602
LOAN-1571,CUST-00576,Student,39826.65,17.21,60,994.3,23232.21,2022-11-01,Active,757,85839.67,0.152
LOAN-1572,CUST-00713,Student,16201.34,9.57,360,137.06,15121.25,2022-12-01,Late,579,64185.14,0.468
LOAN-1573,CUST-00883,Mortgage,32706.15,10.14,36,1057.49,21259.0,2022-08-20,Defaulted,585,56061.76,0.365
LOAN-1574,CUST-01070,Auto,22484.32,8.71,12,1963.26,0.0,2022-05-26,Closed,716,76082.48,0.337
LOAN-1575,CUST-00019,Student,34539.72,3.84,120,347.08,21299.49,2021-02-03,Active,661,77867.56,0.272
LOAN-1576,CUST-00717,Mortgage,64976.46,12.56,60,1463.82,16244.11,2021-03-25,Active,628,91361.89,0.184
LOAN-1577,CUST-01030,Auto,48450.91,5.86,120,534.5,32300.61,2021-08-02,Active,810,53631.36,0.372
LOAN-1578,CUST-01162,Business,33419.83,6.68,36,1027.02,7426.63,2022-08-12,Late,663,31273.93,0.4
LOAN-1579,CUST-00405,Personal,42126.07,3.54,12,3578.18,0.0,2022-04-14,Closed,782,131564.4,0.084
LOAN-1580,CUST-00471,Mortgage,17950.42,7.29,24,806.05,0.0,2021-11-02,Closed,638,62687.33,0.272
LOAN-1581,CUST-00279,Mortgage,106277.53,5.5,36,3209.15,0.0,2021-06-11,Closed,635,21268.51,0.593
LOAN-1582,CUST-00214,Student,35355.42,11.46,120,496.27,22097.14,2021-03-01,Active,768,42026.89,0.299
LOAN-1583,CUST-00498,Auto,41622.78,10.15,120,553.51,31910.8,2022-08-25,Late,717,80226.04,0.56
LOAN-1584,CUST-01490,Mortgage,71640.27,12.33,120,1041.54,51342.19,2022-02-28,Late,579,93077.36,0.602
LOAN-1585,CUST-00170,Mortgage,86400.72,15.91,12,7835.53,0.0,2022-10-15,Closed,775,70484.32,0.166
LOAN-1586,CUST-00655,Mortgage,28481.5,8.16,60,579.69,18512.98,2022-02-17,Defaulted,525,53623.3,0.678
LOAN-1587,CUST-00861,Student,9928.91,5.06,24,435.86,0.0,2022-11-30,Closed,797,26325.13,0.296
LOAN-1588,CUST-00929,Mortgage,28121.51,7.05,48,674.06,2929.32,2021-05-17,Active,683,58380.61,0.29
LOAN-1589,CUST-00030,Business,211213.1,16.7,120,3630.78,137288.52,2021-06-29,Active,558,63042.92,0.438
LOAN-1590,CUST-00941,Student,32795.01,4.58,360,167.73,29333.31,2021-10-01,Active,677,58820.62,0.552
LOAN-1591,CUST-00456,Auto,47984.28,4.73,24,2099.34,0.0,2021-03-25,Closed,682,175684.67,0.207
LOAN-1592,CUST-00777,Mortgage,11655.53,13.03,120,174.24,9033.04,2022-09-27,Active,724,63183.91,0.384
LOAN-1593,CUST-01471,Business,49448.49,9.17,36,1576.36,0.0,2021-03-31,Closed,524,61217.09,0.289
LOAN-1594,CUST-00557,Auto,32831.69,13.24,36,1110.03,0.0,2021-08-12,Closed,794,95007.17,0.429
LOAN-1595,CUST-01284,Auto,100618.03,9.26,120,1288.79,70432.62,2021-12-03,Active,643,57418.97,0.242
LOAN-1596,CUST-00388,Personal,175908.85,14.04,48,4810.5,114340.75,2022-11-10,Defaulted,663,54026.06,0.615
LOAN-1597,CUST-00038,Personal,24844.28,8.26,48,609.56,9834.19,2022-07-29,Active,807,165029.18,0.705
LOAN-1598,CUST-00307,Auto,27294.38,15.39,12,2468.57,0.0,2021-09-09,Closed,735,95211.4,0.234
LOAN-1599,CUST-01038,Business,32439.32,7.39,36,1007.43,1802.18,2022-02-05,Active,727,62983.64,0.276
LOAN-1600,CUST-01461,Student,63829.93,11.13,360,614.15,57269.63,2021-11-03,Active,607,224329.45,0.667
LOAN-1601,CUST-00539,Personal,26779.48,5.34,12,2296.7,0.0,2022-10-26,Closed,705,108106.8,0.298
LOAN-1602,CUST-00498,Personal,13949.17,18.0,120,251.34,9066.96,2022-02-17,Defaulted,717,80226.04,0.56
LOAN-1603,CUST-01457,Student,25219.62,7.32,12,2185.89,0.0,2021-10-07,Closed,487,50096.31,0.392
LOAN-1604,CUST-01285,Personal,98370.45,6.04,360,592.31,86074.14,2021-03-20,Active,703,103669.59,0.209
LOAN-1605,CUST-01349,Student,96636.79,11.45,24,4524.25,0.0,2021-07-05,Closed,748,70986.33,0.259
LOAN-1606,CUST-00366,Business,115766.47,8.32,120,1424.22,83930.69,2022-03-21,Late,654,111123.15,0.527
LOAN-1607,CUST-00262,Business,47267.17,14.29,24,2275.91,0.0,2021-05-19,Closed,850,73277.44,0.319
LOAN-1608,CUST-00737,Personal,16543.47,4.21,360,81.0,14567.44,2021-05-28,Active,623,75941.55,0.408
LOAN-1609,CUST-00772,Mortgage,203136.12,12.03,360,2094.18,183951.04,2022-02-07,Active,691,39270.34,0.41
LOAN-1610,CUST-00116,Mortgage,13522.68,8.34,360,102.45,11832.35,2021-03-24,Active,701,68417.66,0.332
LOAN-1611,CUST-01247,Business,58670.25,13.59,36,1993.55,0.0,2021-11-21,Closed,707,28951.76,0.73
LOAN-1612,CUST-01126,Mortgage,73337.59,11.0,48,1895.45,47669.43,2022-04-02,Defaulted,602,92052.57,0.34
LOAN-1613,CUST-01265,Auto,60406.78,4.69,12,5162.69,0.0,2022-05-21,Closed,661,89140.61,0.179
LOAN-1614,CUST-01222,Student,29242.61,15.93,36,1027.07,5686.06,2022-07-03,Active,614,61922.53,0.257
LOAN-1615,CUST-00076,Personal,51089.38,4.42,360,256.44,45412.78,2021-08-03,Active,615,41776.73,0.153
LOAN-1616,CUST-00162,Business,25254.42,11.24,60,552.12,12206.3,2022-05-10,Active,496,51543.54,0.556
LOAN-1617,CUST-01445,Business,27481.49,8.68,24,1251.45,0.0,2021-02-22,Closed,791,179656.93,0.083
LOAN-1618,CUST-01379,Auto,10329.77,5.09,12,884.73,0.0,2022-10-17,Closed,595,127768.9,0.23
LOAN-1619,CUST-00873,Student,70062.25,14.84,24,3391.76,0.0,2021-10-19,Closed,741,50243.4,0.501
LOAN-1620,CUST-01371,Student,175080.88,13.35,36,5928.73,53496.94,2022-11-01,Active,678,32184.85,0.284
LOAN-1621,CUST-00634,Auto,11534.02,16.92,360,163.69,10124.31,2021-04-27,Active,586,68460.45,0.171
LOAN-1622,CUST-01252,Personal,12108.09,11.74,12,1074.32,0.0,2022-04-10,Closed,586,60677.74,0.076
LOAN-1623,CUST-00410,Mortgage,43592.44,7.41,36,1354.19,0.0,2021-05-03,Closed,805,104433.38,0.252
LOAN-1624,CUST-00795,Personal,47889.83,7.01,36,1478.92,31128.39,2022-06-20,Defaulted,598,75594.53,0.413
LOAN-1625,CUST-00607,Auto,80217.93,7.25,60,1597.89,29413.24,2021-10-31,Active,630,40405.26,0.534
LOAN-1626,CUST-00530,Mortgage,68850.48,4.39,36,2044.71,0.0,2021-07-26,Closed,527,153525.53,0.332
LOAN-1627,CUST-00421,Mortgage,130538.69,6.76,36,4016.35,0.0,2021-12-11,Closed,716,263331.38,0.246
LOAN-1628,CUST-01480,Mortgage,45565.98,14.47,36,1567.76,0.0,2021-10-15,Closed,658,162521.83,0.379
LOAN-1629,CUST-00398,Business,47676.77,5.83,60,917.96,26222.22,2022-09-01,Active,821,36342.17,0.293
LOAN-1630,CUST-00615,Student,18077.93,9.93,24,833.62,0.0,2021-10-28,Closed,786,91129.22,0.234
LOAN-1631,CUST-01479,Personal,26997.11,8.89,24,1231.99,0.0,2021-04-29,Closed,567,24251.64,0.416
LOAN-1632,CUST-00849,Mortgage,33051.24,14.05,360,392.92,30388.78,2022-07-27,Active,647,66243.3,0.424
LOAN-1633,CUST-00156,Auto,33988.55,16.96,12,3099.27,0.0,2021-09-20,Closed,768,56336.43,0.599
LOAN-1634,CUST-00070,Business,100043.86,4.49,36,2975.55,22231.97,2022-08-19,Active,752,78293.53,0.383
LOAN-1635,CUST-00024,Mortgage,29076.36,14.2,60,679.57,15992.0,2022-09-07,Active,778,81297.21,0.605
LOAN-1636,CUST-00037,Personal,107933.5,7.61,120,1287.39,68357.88,2021-04-19,Active,654,36635.9,0.52
LOAN-1637,CUST-00528,Personal,260547.11,7.73,24,11751.78,0.0,2021-07-31,Closed,652,54136.68,0.562
LOAN-1638,CUST-01149,Mortgage,10644.08,12.28,120,154.44,6741.25,2021-04-17,Active,817,61597.0,0.442
LOAN-1639,CUST-01023,Mortgage,32183.22,6.8,120,370.37,24942.0,2022-09-29,Active,639,79619.99,0.254
LOAN-1640,CUST-00113,Business,71963.77,10.74,48,1850.87,19490.19,2022-01-08,Active,702,49443.84,0.099
LOAN-1641,CUST-01343,Business,88363.9,17.85,360,1320.9,79772.97,2022-01-19,Active,756,54663.72,0.63
LOAN-1642,CUST-00808,Mortgage,38831.42,16.47,360,536.93,33977.49,2021-03-12,Active,723,33536.53,0.124
LOAN-1643,CUST-01277,Mortgage,21441.34,9.0,24,979.54,0.0,2022-01-22,Closed,714,76600.73,0.128
LOAN-1644,CUST-01062,Business,38804.72,8.95,48,964.74,18593.93,2022-11-19,Active,588,100361.85,0.396
LOAN-1645,CUST-00547,Student,39123.54,8.78,24,1783.4,0.0,2022-04-18,Closed,792,51211.26,0.444
LOAN-1646,CUST-01052,Student,54689.73,14.67,360,677.11,35548.32,2022-02-20,Defaulted,659,23558.0,0.533
LOAN-1647,CUST-00871,Student,56012.52,17.81,24,2791.24,0.0,2021-04-23,Closed,810,30387.73,0.272
LOAN-1648,CUST-00146,Business,172305.68,8.58,24,7838.58,0.0,2021-09-30,Closed,618,50319.41,0.242
LOAN-1649,CUST-00135,Auto,51570.58,15.02,60,1227.4,24066.27,2022-04-28,Active,793,64905.82,0.172
LOAN-1650,CUST-00865,Student,11821.25,15.5,36,412.69,656.74,2022-02-24,Active,762,33864.45,0.338
LOAN-1651,CUST-01153,Auto,9189.28,5.46,12,788.61,0.0,2021-07-17,Closed,814,41329.97,0.674
LOAN-1652,CUST-01233,Business,16598.33,16.65,360,231.93,15307.35,2022-08-12,Active,668,69816.36,0.355
LOAN-1653,CUST-00356,Student,54020.92,4.65,24,2361.51,0.0,2021-11-10,Closed,563,33990.82,0.075
LOAN-1654,CUST-01310,Business,36907.45,15.79,36,1293.73,0.0,2021-02-28,Closed,659,88332.17,0.351
LOAN-1655,CUST-01375,Business,17107.27,11.48,36,563.97,3801.62,2022-08-18,Active,654,139880.49,0.093
LOAN-1656,CUST-01494,Business,68200.81,13.29,36,2307.49,0.0,2021-10-09,Closed,648,136571.3,0.43
LOAN-1657,CUST-00289,Personal,100313.06,13.72,48,2727.13,39707.25,2022-07-28,Active,840,64771.35,0.637
LOAN-1658,CUST-01242,Student,89149.69,14.17,24,4287.5,0.0,2022-11-03,Closed,593,85811.27,0.45
LOAN-1659,CUST-00020,Student,52649.67,7.66,48,1276.95,4387.47,2021-04-13,Late,615,31812.48,0.295
LOAN-1660,CUST-01087,Business,27292.0,13.9,36,931.45,0.0,2021-04-07,Closed,789,39040.58,0.389
LOAN-1661,CUST-01338,Business,56289.18,8.31,60,1149.71,17824.91,2021-07-29,Active,796,100903.66,0.485
LOAN-1662,CUST-00979,Student,13590.51,10.8,360,127.38,12420.22,2022-05-03,Active,752,51207.46,0.048
LOAN-1663,CUST-00835,Auto,12873.41,15.63,60,310.53,5793.03,2022-03-22,Active,647,76335.68,0.143
LOAN-1664,CUST-00317,Student,17581.3,12.1,360,182.2,11427.84,2022-02-14,Defaulted,561,108157.82,0.625
LOAN-1665,CUST-01330,Business,109138.33,11.06,12,9648.88,0.0,2021-12-29,Closed,755,61626.77,0.157
LOAN-1666,CUST-01247,Personal,25837.08,9.37,48,647.51,10227.18,2022-07-16,Late,707,28951.76,0.73
LOAN-1667,CUST-00133,Student,38966.49,12.02,360,401.41,36044.0,2022-09-09,Active,746,106328.48,0.543
LOAN-1668,CUST-00433,Student,2826.23,7.67,120,33.8,1837.05,2021-12-24,Defaulted,630,20000.0,0.564
LOAN-1669,CUST-01354,Personal,21604.62,4.68,12,1846.35,0.0,2021-05-26,Closed,671,77810.88,0.335
LOAN-1670,CUST-00606,Business,49692.13,14.31,12,4468.96,0.0,2021-12-04,Closed,850,152902.85,0.75
LOAN-1671,CUST-01107,Student,30202.01,11.73,120,428.61,23658.24,2022-10-18,Active,628,42068.31,0.303
LOAN-1672,CUST-00759,Mortgage,58520.41,11.45,36,1928.38,0.0,2021-12-20,Closed,698,184093.28,0.584
LOAN-1673,CUST-01481,Student,35115.31,11.31,360,342.66,32384.12,2022-08-01,Active,720,143353.71,0.328
LOAN-1674,CUST-01293,Business,24157.65,16.6,60,595.2,8857.81,2021-10-26,Active,787,153737.95,0.222
LOAN-1675,CUST-00293,Business,18937.68,16.76,120,326.26,11836.05,2021-03-11,Active,707,26196.11,0.427
LOAN-1676,CUST-00005,Mortgage,4317.0,11.01,360,41.14,3849.32,2021-09-13,Active,630,50999.36,0.632
LOAN-1677,CUST-01446,Student,23180.08,5.67,60,444.59,6181.35,2021-04-18,Active,643,106693.95,0.191
LOAN-1678,CUST-01416,Auto,32285.79,17.35,48,937.46,14797.65,2022-10-19,Active,740,43676.58,0.532
LOAN-1679,CUST-00201,Auto,15013.19,4.76,120,157.48,11009.67,2022-04-20,Active,698,135930.55,0.325
LOAN-1680,CUST-01043,Business,51870.59,17.37,24,2573.83,0.0,2021-07-23,Closed,605,20000.0,0.29
LOAN-1681,CUST-00543,Mortgage,60769.49,16.49,48,1737.51,5064.12,2021-04-10,Active,798,26537.28,0.411
LOAN-1682,CUST-00259,Business,75584.9,13.31,60,1731.81,42831.44,2022-10-14,Active,745,52433.88,0.772
LOAN-1683,CUST-01183,Personal,69136.45,17.6,12,6325.28,0.0,2022-01-09,Closed,609,44263.89,0.091
LOAN-1684,CUST-00277,Student,63072.57,15.55,48,1772.99,19710.18,2022-03-05,Active,676,130094.03,0.3
LOAN-1685,CUST-00624,Business,26346.53,15.66,120,435.77,17125.24,2021-08-01,Defaulted,836,42214.43,0.551
LOAN-1686,CUST-00496,Personal,24027.77,14.08,36,822.15,0.0,2021-02-09,Closed,715,120853.09,0.235
LOAN-1687,CUST-00766,Business,20764.35,8.36,12,1809.72,0.0,2021-02-04,Closed,564,49792.31,0.449
LOAN-1688,CUST-01007,Auto,18021.16,17.25,360,260.58,16319.16,2022-02-16,Active,635,72097.26,0.524
LOAN-1689,CUST-00515,Auto,59753.07,15.08,48,1665.4,22407.4,2022-06-08,Active,850,47968.9,0.189
LOAN-1690,CUST-01216,Personal,17057.12,15.93,36,599.09,2369.04,2022-05-13,Active,752,216893.79,0.52
LOAN-1691,CUST-00858,Personal,82115.2,13.67,48,2230.35,53374.88,2021-06-14,Defaulted,619,46814.33,0.65
LOAN-1692,CUST-00653,Mortgage,6731.14,5.14,120,71.86,5272.73,2022-10-12,Active,753,106475.6,0.524
LOAN-1693,CUST-01498,Business,106647.6,10.23,360,954.09,93316.65,2021-03-24,Active,741,96333.38,0.348
LOAN-1694,CUST-01025,Student,100330.19,14.87,12,9049.48,0.0,2022-10-18,Closed,711,53771.03,0.516
LOAN-1695,CUST-01033,Student,15631.28,4.62,120,162.91,11723.46,2022-06-08,Active,508,66051.57,0.042
LOAN-1696,CUST-00212,Student,40658.84,3.73,36,1195.53,0.0,2021-02-27,Closed,749,114936.75,0.554
LOAN-1697,CUST-00551,Auto,9738.28,7.45,120,115.34,6329.88,2021-06-03,Active,721,47234.55,0.363
LOAN-1698,CUST-01081,Auto,16431.82,17.69,360,243.49,14971.21,2022-04-08,Active,713,43811.23,0.317
LOAN-1699,CUST-00509,Auto,14603.31,6.4,48,345.64,4563.53,2022-03-27,Active,659,34090.85,0.252
LOAN-1700,CUST-00054,Student,17689.13,12.21,60,395.36,9729.02,2022-09-28,Active,625,46048.02,0.474
LOAN-1701,CUST-00780,Mortgage,40334.79,18.28,48,1190.74,19327.09,2022-11-20,Late,696,98654.51,0.32
LOAN-1702,CUST-00147,Auto,72065.64,12.94,360,793.81,66660.72,2022-09-02,Active,682,51416.05,0.366
LOAN-1703,CUST-00261,Business,10124.32,5.37,60,192.78,5399.64,2022-08-31,Active,731,47121.4,0.208
LOAN-1704,CUST-00276,Mortgage,16232.9,12.46,48,431.15,2029.11,2021-06-13,Active,691,55704.08,0.353
LOAN-1705,CUST-01330,Student,96315.05,7.61,12,8360.94,0.0,2021-03-26,Closed,755,61626.77,0.157
LOAN-1706,CUST-00085,Personal,19285.5,13.25,36,652.13,3214.25,2022-06-01,Active,693,65732.65,0.248
LOAN-1707,CUST-00576,Personal,21908.71,8.13,12,1907.12,0.0,2021-03-11,Closed,757,85839.67,0.152
LOAN-1708,CUST-00483,Personal,15806.71,4.41,12,1348.9,0.0,2021-03-28,Closed,649,82659.34,0.185
LOAN-1709,CUST-00818,Business,94638.88,13.89,48,2580.93,61515.27,2021-08-22,Defaulted,649,31154.97,0.385
LOAN-1710,CUST-00498,Student,27564.35,5.81,12,2369.96,0.0,2021-12-08,Closed,717,80226.04,0.56
LOAN-1711,CUST-01238,Business,25025.13,12.12,360,259.73,22592.13,2022-01-29,Active,850,92357.94,0.332
LOAN-1712,CUST-01493,Auto,266415.93,5.45,12,22862.17,0.0,2022-11-21,Closed,707,140907.29,0.33
LOAN-1713,CUST-00430,Personal,22654.42,9.09,60,471.26,5286.03,2021-02-24,Active,728,44704.62,0.127
LOAN-1714,CUST-00800,Student,50676.52,15.83,60,1227.78,14358.35,2021-05-20,Active,722,145849.89,0.091
LOAN-1715,CUST-00361,Personal,97902.16,6.6,48,2326.26,36713.31,2022-06-27,Active,677,41876.78,0.085
LOAN-1716,CUST-00170,Auto,10631.87,7.18,36,329.16,2067.31,2022-07-28,Active,775,70484.32,0.166
LOAN-1717,CUST-00138,Personal,27812.55,16.77,120,479.33,18078.16,2022-03-27,Defaulted,702,46838.53,0.599
LOAN-1718,CUST-00459,Business,45884.69,7.12,60,911.17,26766.07,2022-11-27,Active,809,25368.31,0.276
LOAN-1719,CUST-01321,Auto,51876.37,15.86,48,1466.47,6484.55,2021-06-09,Active,703,86247.71,0.558
LOAN-1720,CUST-01471,Business,87109.47,11.51,360,863.3,56621.16,2022-04-23,Defaulted,524,61217.09,0.289
LOAN-1721,CUST-00336,Mortgage,66225.91,9.73,36,2128.54,20235.69,2022-11-19,Active,775,21448.35,0.165
LOAN-1722,CUST-00182,Mortgage,34127.84,16.45,48,975.08,14930.93,2022-09-14,Active,660,50741.67,0.514
LOAN-1723,CUST-00225,Student,13289.12,10.78,60,287.48,8637.93,2022-09-18,Defaulted,547,22732.6,0.476
LOAN-1724,CUST-01266,Personal,40460.38,7.28,24,1816.66,0.0,2022-05-26,Closed,637,241189.08,0.323
LOAN-1725,CUST-00558,Student,34668.91,13.96,360,409.68,31105.72,2021-11-14,Late,664,100029.5,0.326
LOAN-1726,CUST-00999,Auto,40636.98,9.02,36,1292.62,5644.02,2022-05-11,Active,743,46808.57,0.384
LOAN-1727,CUST-01232,Mortgage,20400.09,14.12,12,1832.82,0.0,2022-04-12,Closed,646,182349.04,0.224
LOAN-1728,CUST-01098,Business,38414.32,17.02,120,668.12,26890.02,2021-12-10,Active,709,51980.36,0.273
LOAN-1729,CUST-00392,Student,50707.17,15.35,24,2467.06,0.0,2021-10-07,Closed,582,85676.78,0.288
LOAN-1730,CUST-01265,Student,11240.58,14.82,24,544.06,0.0,2022-01-06,Closed,661,89140.61,0.179
LOAN-1731,CUST-01295,Mortgage,47106.4,15.85,120,784.7,34544.69,2022-04-27,Active,618,74209.92,0.25
LOAN-1732,CUST-00911,Business,29078.3,10.66,360,269.48,25685.83,2021-06-01,Active,850,74576.11,0.287
LOAN-1733,CUST-00578,Business,52383.16,3.81,48,1178.31,10913.16,2021-10-13,Active,709,48052.79,0.293
LOAN-1734,CUST-00880,Auto,154071.21,10.18,36,4984.48,0.0,2021-04-30,Closed,814,109838.86,0.449
LOAN-1735,CUST-00419,Student,180283.01,8.43,60,3692.7,81127.35,2022-03-08,Active,738,66156.91,0.174
LOAN-1736,CUST-00782,Student,37757.49,9.06,36,1201.73,11537.01,2022-11-21,Active,850,64572.5,0.421
LOAN-1737,CUST-00054,Auto,45249.88,14.32,24,2179.42,0.0,2022-04-13,Closed,625,46048.02,0.474
LOAN-1738,CUST-00314,Auto,9758.98,18.29,120,177.67,7563.21,2022-09-02,Active,430,55896.85,0.38
LOAN-1739,CUST-01251,Student,326485.71,18.41,60,8363.58,212215.71,2022-01-31,Defaulted,660,24352.18,0.299
LOAN-1740,CUST-01239,Personal,75164.47,7.11,12,6507.55,0.0,2021-10-12,Closed,662,38387.85,0.41
LOAN-1741,CUST-00972,Student,47468.72,16.53,12,4318.79,0.0,2022-05-13,Closed,475,34231.84,0.253
LOAN-1742,CUST-00761,Personal,152307.16,17.86,360,2278.0,98999.65,2022-08-23,Defaulted,750,119358.41,0.371
LOAN-1743,CUST-00989,Business,18917.83,4.79,48,433.87,5123.58,2022-01-18,Active,640,44761.01,0.382
LOAN-1744,CUST-00790,Mortgage,9921.34,8.05,12,863.27,0.0,2021-09-13,Closed,730,73000.12,0.418
LOAN-1745,CUST-00795,Student,36798.53,11.75,12,3265.2,0.0,2021-07-23,Closed,598,75594.53,0.413
LOAN-1746,CUST-01432,Mortgage,84823.19,4.2,12,7230.44,0.0,2022-06-02,Closed,622,95166.4,0.356
LOAN-1747,CUST-00969,Mortgage,28384.21,12.44,120,414.48,18449.74,2021-04-26,Defaulted,627,55063.16,0.274
LOAN-1748,CUST-00646,Personal,369931.89,14.19,12,33248.2,0.0,2022-03-11,Closed,711,20000.0,0.226
LOAN-1749,CUST-00124,Mortgage,38088.51,13.31,60,872.69,19044.26,2022-06-03,Active,652,212011.11,0.155
LOAN-1750,CUST-01167,Student,17915.44,14.78,24,866.79,0.0,2022-05-01,Closed,833,53575.34,0.337
LOAN-1751,CUST-01172,Auto,49352.65,10.43,120,664.01,38659.58,2022-10-02,Active,699,73493.81,0.505
LOAN-1752,CUST-01190,Auto,33087.65,15.62,36,1157.07,0.0,2021-10-07,Closed,755,34878.7,0.494
LOAN-1753,CUST-00925,Auto,23370.95,8.63,48,577.49,6816.53,2022-02-07,Late,666,37043.79,0.241
LOAN-1754,CUST-00085,Personal,13549.56,5.17,12,1161.0,0.0,2022-10-20,Closed,693,65732.65,0.248
LOAN-1755,CUST-00277,Personal,80154.52,5.2,60,1519.97,29389.99,2021-10-13,Active,676,130094.03,0.3
LOAN-1756,CUST-00439,Mortgage,35481.87,10.21,48,903.49,23063.22,2022-03-25,Defaulted,576,40680.31,0.37
LOAN-1757,CUST-01240,Student,58422.99,6.63,12,5045.19,0.0,2022-09-17,Closed,798,47093.42,0.075
LOAN-1758,CUST-01479,Mortgage,572858.19,10.5,48,14667.11,274494.55,2022-11-05,Active,567,24251.64,0.416
LOAN-1759,CUST-00312,Personal,20666.39,5.38,24,910.18,0.0,2022-01-20,Closed,826,178069.73,0.095
LOAN-1760,CUST-00414,Auto,18045.31,5.98,24,799.62,0.0,2022-09-18,Closed,644,57487.85,0.434
LOAN-1761,CUST-01496,Personal,42290.08,16.45,36,1496.21,0.0,2021-03-09,Closed,664,103431.03,0.454
LOAN-1762,CUST-00286,Business,130800.37,9.03,360,1055.27,115176.99,2021-05-14,Active,685,80858.53,0.263
LOAN-1763,CUST-01147,Business,41679.88,10.29,48,1062.92,19103.28,2022-10-16,Active,637,55428.23,0.61
LOAN-1764,CUST-00150,Mortgage,45549.73,14.09,12,4091.71,0.0,2022-08-27,Closed,660,61127.26,0.42
LOAN-1765,CUST-01234,Mortgage,17682.89,15.94,48,500.59,5157.51,2022-02-18,Active,705,34939.54,0.175
LOAN-1766,CUST-00339,Mortgage,61693.76,18.16,36,2235.33,11996.01,2022-07-01,Active,667,28805.67,0.493
LOAN-1767,CUST-00689,Personal,34245.29,11.57,60,754.35,22259.44,2022-01-26,Defaulted,588,85859.89,0.583
LOAN-1768,CUST-01141,Auto,21211.01,10.14,48,539.39,6628.44,2022-03-25,Active,845,68265.23,0.159
LOAN-1769,CUST-00360,Personal,11275.01,16.45,24,554.49,0.0,2022-04-16,Closed,601,52747.92,0.341
LOAN-1770,CUST-00383,Personal,24146.77,11.09,360,231.6,22201.61,2022-07-19,Active,776,43887.04,0.458
LOAN-1771,CUST-01453,Personal,25023.79,18.24,36,907.69,5560.84,2022-08-30,Active,640,43976.07,0.017
LOAN-1772,CUST-00139,Mortgage,117193.26,3.8,24,5078.68,0.0,2021-08-20,Closed,634,25906.45,0.387
LOAN-1773,CUST-01418,Mortgage,13500.45,16.86,36,480.39,375.01,2022-01-02,Late,719,101864.04,0.794
LOAN-1774,CUST-00554,Student,39842.81,8.36,120,491.02,28221.99,2022-01-05,Active,763,105472.09,0.117
LOAN-1775,CUST-01058,Business,19938.97,7.4,120,235.64,12960.33,2022-07-19,Defaulted,668,58886.14,0.391
LOAN-1776,CUST-00557,Student,12829.64,12.45,36,428.89,0.0,2021-11-23,Closed,794,95007.17,0.429
LOAN-1777,CUST-01193,Business,21144.56,8.05,36,663.08,0.0,2021-09-25,Closed,850,42950.68,0.095
LOAN-1778,CUST-01223,Personal,50967.05,17.22,48,1476.46,7432.69,2021-07-18,Late,512,76055.25,0.428
LOAN-1779,CUST-01264,Student,12658.0,16.81,24,624.69,0.0,2021-02-23,Closed,752,77168.76,0.216
LOAN-1780,CUST-00389,Business,12343.79,10.85,60,267.46,5348.98,2022-02-20,Active,769,51449.9,0.385
LOAN-1781,CUST-00887,Mortgage,50650.95,15.38,24,2465.05,0.0,2021-04-18,Closed,654,117643.79,0.095
LOAN-1782,CUST-00411,Auto,25688.87,15.38,12,2323.24,0.0,2021-11-25,Closed,850,36904.99,0.2
LOAN-1783,CUST-00135,Student,20005.56,5.76,36,606.43,4445.68,2022-08-18,Active,793,64905.82,0.172
LOAN-1784,CUST-00109,Personal,24876.55,9.78,12,2184.5,0.0,2022-05-23,Closed,635,22824.55,0.461
LOAN-1785,CUST-00708,Auto,99212.13,17.43,12,9068.88,0.0,2021-05-26,Closed,765,38802.13,0.577
LOAN-1786,CUST-00370,Business,73421.0,4.6,60,1372.13,20802.62,2021-05-09,Active,706,43519.78,0.342
LOAN-1787,CUST-00815,Student,50900.79,16.0,120,852.66,36903.07,2022-03-19,Active,806,60642.9,0.135
LOAN-1788,CUST-00282,Auto,175601.63,5.16,360,959.91,114141.06,2021-10-25,Defaulted,535,122686.44,0.35
LOAN-1789,CUST-00628,Student,57617.26,10.84,48,1484.68,4801.44,2021-04-09,Active,728,60298.09,0.511
LOAN-1790,CUST-00308,Mortgage,78190.25,11.42,120,1095.74,48868.91,2021-03-28,Active,519,97680.18,0.37
LOAN-1791,CUST-01373,Mortgage,11673.69,12.87,360,127.95,10668.46,2022-05-13,Active,726,38814.85,0.149
LOAN-1792,CUST-00132,Mortgage,38246.09,12.97,360,422.18,34102.76,2021-09-21,Active,705,45040.34,0.217
LOAN-1793,CUST-00111,Student,38935.42,5.2,36,1170.43,10815.39,2022-10-16,Active,734,24433.83,0.51
LOAN-1794,CUST-01356,Personal,159573.79,11.11,60,3478.28,69148.64,2022-02-11,Active,635,35733.47,0.195
LOAN-1795,CUST-01355,Business,20434.86,4.95,48,470.14,1277.18,2021-03-28,Late,596,72480.19,0.378
LOAN-1796,CUST-00761,Student,22697.4,6.91,120,262.48,15888.18,2021-12-12,Active,750,119358.41,0.371
LOAN-1797,CUST-00145,Personal,9309.71,11.67,120,131.8,6206.47,2021-08-25,Active,729,119021.68,0.176
LOAN-1798,CUST-00507,Auto,36818.98,6.89,48,879.8,15341.24,2022-08-12,Active,523,23669.93,0.065
LOAN-1799,CUST-01153,Business,53118.45,16.73,60,1312.43,29215.15,2022-09-01,Active,814,41329.97,0.674
LOAN-1800,CUST-01072,Personal,26645.98,13.19,24,1269.18,0.0,2022-04-04,Closed,434,86725.22,0.291
LOAN-1801,CUST-00583,Auto,54483.39,16.93,360,773.66,35414.2,2022-01-13,Defaulted,652,32567.29,0.359
LOAN-1802,CUST-01224,Student,45009.48,18.11,12,4128.83,0.0,2021-07-11,Closed,631,74577.8,0.679
LOAN-1803,CUST-00352,Student,49004.39,13.55,360,563.23,45601.31,2022-11-25,Active,736,97705.27,0.385
LOAN-1804,CUST-01435,Auto,8173.84,4.28,360,40.35,7424.57,2022-03-13,Active,751,55935.56,0.209
LOAN-1805,CUST-00764,Student,51448.63,7.36,60,1027.51,28296.75,2022-09-25,Active,668,110970.96,0.385
LOAN-1806,CUST-00473,Student,105174.34,16.86,120,1818.59,78004.3,2022-05-22,Active,769,34175.75,0.218
LOAN-1807,CUST-01448,Student,46029.09,18.13,36,1667.07,8950.1,2022-07-30,Active,598,59307.79,0.312
LOAN-1808,CUST-01483,Mortgage,19272.98,4.68,120,201.42,13651.69,2022-01-23,Active,759,43023.94,0.241
LOAN-1809,CUST-00674,Student,6300.22,4.54,24,275.1,0.0,2021-05-15,Closed,789,95197.4,0.354
LOAN-1810,CUST-01481,Personal,119014.1,13.92,360,1402.63,109757.45,2022-08-27,Active,720,143353.71,0.328
LOAN-1811,CUST-00741,Auto,59143.04,12.48,24,2797.34,0.0,2021-10-18,Closed,592,34208.51,0.358
LOAN-1812,CUST-00898,Business,9033.19,10.37,24,418.38,0.0,2022-10-16,Closed,724,150300.67,0.691
LOAN-1813,CUST-01277,Student,51329.0,10.56,12,4526.01,0.0,2021-09-20,Closed,714,76600.73,0.128
LOAN-1814,CUST-00233,Mortgage,14122.41,6.04,48,331.92,2647.95,2021-09-10,Active,579,44668.08,0.018
LOAN-1815,CUST-00449,Business,33072.4,11.32,60,724.36,17638.61,2022-08-29,Active,730,77396.27,0.452
LOAN-1816,CUST-00423,Student,22736.89,11.21,48,589.97,5210.54,2021-11-05,Active,728,93693.44,0.26
LOAN-1817,CUST-01070,Personal,42883.0,5.18,24,1884.8,0.0,2022-04-24,Closed,716,76082.48,0.337
LOAN-1818,CUST-00033,Mortgage,13217.46,5.37,120,142.59,9031.93,2021-10-28,Active,689,107106.93,0.336
LOAN-1819,CUST-00170,Business,56725.0,6.36,60,1106.17,33089.58,2022-11-29,Active,775,70484.32,0.166
LOAN-1820,CUST-01310,Business,16632.8,12.71,36,558.1,3696.18,2022-08-26,Active,659,88332.17,0.351
LOAN-1821,CUST-01200,Student,51495.84,17.7,120,917.96,38621.88,2022-06-16,Active,711,91324.52,0.463
LOAN-1822,CUST-01425,Mortgage,78523.19,10.53,36,2553.31,13087.2,2022-06-06,Active,725,29500.45,0.33
LOAN-1823,CUST-00426,Student,32512.47,17.42,12,2971.78,0.0,2022-04-18,Closed,658,52372.6,0.41
LOAN-1824,CUST-01197,Student,24973.96,16.65,24,1230.57,0.0,2021-11-27,Closed,736,55682.0,0.371
LOAN-1825,CUST-01357,Mortgage,7804.68,16.78,24,385.06,0.0,2021-07-29,Closed,726,50770.33,0.324
LOAN-1826,CUST-01269,Student,9905.73,15.47,12,896.27,0.0,2022-06-02,Closed,580,82789.79,0.316
LOAN-1827,CUST-01349,Business,16425.07,18.29,48,484.98,4790.65,2022-02-12,Active,748,70986.33,0.259
LOAN-1828,CUST-01263,Mortgage,37819.92,9.99,36,1220.16,0.0,2021-08-24,Closed,730,138009.47,0.179
LOAN-1829,CUST-01067,Business,26456.7,12.38,12,2355.35,0.0,2021-03-23,Closed,713,49878.9,0.377
LOAN-1830,CUST-00891,Personal,13114.3,6.88,360,86.2,11730.01,2021-10-23,Active,664,49368.7,0.313
LOAN-1831,CUST-01060,Auto,109194.5,4.94,360,582.18,101004.91,2022-09-29,Active,720,52621.45,0.22
LOAN-1832,CUST-00964,Student,47912.49,6.07,120,533.61,36732.91,2022-08-16,Active,783,54479.49,0.363
LOAN-1833,CUST-00914,Student,73955.48,16.03,12,6711.09,0.0,2022-04-19,Closed,794,101189.15,0.649
LOAN-1834,CUST-00456,Personal,3816.11,5.29,60,72.52,1653.65,2022-02-25,Active,682,175684.67,0.207
LOAN-1835,CUST-00957,Auto,82502.72,14.35,12,7421.27,0.0,2021-10-20,Closed,638,27529.15,0.472
LOAN-1836,CUST-01126,Auto,114353.77,7.64,60,2299.03,45741.51,2021-12-26,Active,602,92052.57,0.34
LOAN-1837,CUST-00025,Business,33271.44,5.43,36,1003.61,0.0,2021-12-30,Closed,792,27118.66,0.608
LOAN-1838,CUST-00422,Student,31599.5,8.19,36,992.99,2633.29,2022-03-15,Active,635,99058.38,0.369
LOAN-1839,CUST-00069,Student,26187.27,6.24,360,161.07,23350.32,2021-09-29,Late,555,111020.79,0.306
LOAN-1840,CUST-00722,Student,29167.46,8.28,360,219.74,26736.84,2022-06-13,Active,755,20000.0,0.215
LOAN-1841,CUST-00239,Student,26311.6,17.51,12,2406.12,0.0,2021-07-15,Closed,539,58711.87,0.535
LOAN-1842,CUST-00344,Auto,36257.09,12.39,60,813.68,18732.83,2022-07-27,Active,624,23174.46,0.609
LOAN-1843,CUST-00114,Personal,15537.86,7.4,120,183.63,11005.98,2022-01-30,Active,736,36824.63,0.075
LOAN-1844,CUST-01301,Student,128651.76,9.12,12,11257.95,0.0,2021-06-17,Closed,847,119676.76,0.416
LOAN-1845,CUST-00826,Personal,27900.88,16.71,120,479.8,18135.57,2021-06-30,Active,660,42371.88,0.186
LOAN-1846,CUST-00015,Personal,71913.51,5.06,36,2157.25,15980.78,2022-08-14,Late,700,127328.31,0.217
LOAN-1847,CUST-01464,Business,15618.58,10.26,36,505.88,0.0,2021-07-31,Closed,704,71199.03,0.405
LOAN-1848,CUST-01181,Auto,8612.48,11.5,24,403.41,0.0,2022-10-25,Closed,681,38065.46,0.059
LOAN-1849,CUST-01498,Student,50525.68,18.19,48,1489.21,11578.8,2021-11-22,Active,741,96333.38,0.348
LOAN-1850,CUST-00990,Personal,22999.08,10.63,120,312.01,14757.74,2021-05-13,Active,751,141715.96,0.259
LOAN-1851,CUST-01338,Auto,25059.49,13.63,120,383.53,16915.16,2021-09-21,Active,796,100903.66,0.485
LOAN-1852,CUST-00320,Personal,56340.86,5.24,360,310.77,50706.77,2021-12-22,Active,779,67438.7,0.182
LOAN-1853,CUST-01133,Student,20680.12,12.96,36,696.4,1148.9,2022-02-08,Active,850,31779.46,0.172
LOAN-1854,CUST-01039,Personal,20164.13,12.88,12,1799.87,0.0,2021-05-04,Closed,687,151953.39,0.208
LOAN-1855,CUST-01333,Mortgage,207077.62,6.52,60,4053.65,134600.45,2022-04-21,Defaulted,494,40514.89,0.444
LOAN-1856,CUST-01274,Business,27049.54,8.64,60,556.79,6311.56,2021-02-16,Active,714,66181.64,0.302
LOAN-1857,CUST-01378,Auto,3037.53,15.14,120,49.27,2404.71,2022-11-08,Active,574,29894.34,0.388
LOAN-1858,CUST-01379,Auto,78798.56,13.29,24,3756.97,0.0,2021-11-28,Closed,595,127768.9,0.23
LOAN-1859,CUST-01172,Student,46178.19,12.26,12,4108.5,0.0,2022-05-12,Closed,699,73493.81,0.505
LOAN-1860,CUST-00123,Student,4199.31,5.92,24,185.96,0.0,2021-09-17,Closed,692,97664.84,0.346
LOAN-1861,CUST-00966,Personal,42238.2,14.46,120,667.55,31326.67,2022-05-29,Active,752,95166.44,0.519
LOAN-1862,CUST-01163,Auto,92840.46,3.85,60,1703.52,40230.87,2022-02-21,Active,741,81966.61,0.534
LOAN-1863,CUST-00330,Business,51617.74,11.71,36,1707.31,0.0,2021-10-09,Closed,646,71862.81,0.098
LOAN-1864,CUST-01067,Mortgage,28271.01,9.39,36,904.15,0.0,2021-09-02,Closed,713,49878.9,0.377
LOAN-1865,CUST-00273,Student,8076.4,7.24,36,250.26,1794.76,2022-08-09,Active,621,57909.49,0.084
LOAN-1866,CUST-00492,Business,67570.77,17.1,48,1953.26,5630.9,2021-04-17,Active,650,36935.27,0.289
LOAN-1867,CUST-00094,Mortgage,56875.69,15.52,360,742.87,36969.2,2021-11-16,Defaulted,701,20000.0,0.643
LOAN-1868,CUST-00122,Personal,55474.26,10.84,60,1201.72,16642.28,2021-06-20,Active,645,54025.99,0.498
LOAN-1869,CUST-00972,Personal,16059.75,9.75,120,210.01,10974.16,2021-10-26,Active,475,34231.84,0.253
LOAN-1870,CUST-00113,Personal,94519.39,17.99,12,8665.09,0.0,2021-05-08,Closed,702,49443.84,0.099
LOAN-1871,CUST-00657,Personal,37977.49,15.0,36,1316.5,0.0,2021-09-13,Closed,675,32702.08,0.206
LOAN-1872,CUST-01206,Mortgage,65600.26,12.61,60,1479.54,17493.4,2021-04-05,Active,638,89027.71,0.386
LOAN-1873,CUST-00704,Business,47139.35,4.53,120,489.23,36925.82,2022-10-15,Active,613,64119.3,0.174
LOAN-1874,CUST-00659,Auto,51859.76,16.52,60,1275.5,12100.61,2021-02-11,Active,655,63143.92,0.388
LOAN-1875,CUST-01418,Personal,41616.15,17.14,120,726.97,27050.5,2021-09-20,Defaulted,719,101864.04,0.794
LOAN-1876,CUST-00396,Mortgage,74831.64,9.48,360,628.13,69011.4,2022-08-06,Active,720,33931.93,0.59
LOAN-1877,CUST-00684,Student,61835.57,10.47,120,833.34,40193.12,2022-07-16,Defaulted,635,58150.59,0.257
LOAN-1878,CUST-00408,Business,22286.32,14.87,48,618.78,14486.11,2021-04-10,Defaulted,495,73292.03,0.32
LOAN-1879,CUST-00804,Business,31410.14,9.04,48,782.24,6543.78,2021-10-15,Active,661,41723.54,0.128
LOAN-1880,CUST-01224,Personal,56508.77,7.25,120,663.42,39085.23,2021-11-20,Active,631,74577.8,0.679
LOAN-1881,CUST-01068,Mortgage,68368.46,4.64,24,2988.41,0.0,2022-05-16,Closed,629,68813.46,0.142
LOAN-1882,CUST-00602,Business,110213.61,6.3,120,1240.27,71638.85,2022-10-22,Defaulted,662,137231.72,0.615
LOAN-1883,CUST-00191,Business,37752.1,9.62,12,3312.34,0.0,2022-04-12,Closed,783,118166.66,0.47
LOAN-1884,CUST-00038,Mortgage,15422.01,6.5,120,175.11,12209.09,2022-11-09,Active,807,165029.18,0.705
LOAN-1885,CUST-00641,Student,23656.39,8.63,12,2064.73,0.0,2022-08-21,Closed,687,87928.46,0.09
LOAN-1886,CUST-00809,Auto,52355.46,10.15,120,696.24,37521.41,2022-02-14,Active,505,20000.0,0.283
LOAN-1887,CUST-01049,Personal,59639.98,10.12,48,1516.06,11182.5,2021-09-21,Active,757,47246.93,0.261
LOAN-1888,CUST-00804,Mortgage,16682.95,15.93,48,472.2,695.12,2021-02-09,Active,661,41723.54,0.128
LOAN-1889,CUST-01213,Auto,30197.14,7.93,120,365.26,22899.5,2022-07-13,Active,689,45877.0,0.44
LOAN-1890,CUST-00156,Business,272178.92,8.77,36,8626.11,0.0,2021-05-19,Closed,768,56336.43,0.599
LOAN-1891,CUST-00373,Personal,39479.61,12.65,360,425.95,34763.99,2021-05-26,Late,564,133158.23,0.63
LOAN-1892,CUST-00929,Mortgage,145471.26,18.07,48,4278.54,30306.51,2021-10-31,Late,683,58380.61,0.29
LOAN-1893,CUST-00680,Mortgage,17604.23,12.12,60,392.66,7335.1,2022-01-03,Active,563,35336.51,0.092
LOAN-1894,CUST-00987,Auto,13362.86,17.24,360,193.12,8685.86,2021-02-22,Defaulted,703,46769.7,0.481
LOAN-1895,CUST-01487,Business,155273.55,14.96,120,2501.3,100927.81,2021-08-26,Defaulted,665,59989.67,0.467
LOAN-1896,CUST-00486,Auto,19308.34,8.34,24,876.26,0.0,2021-12-30,Closed,659,71610.02,0.515
LOAN-1897,CUST-00100,Auto,43583.4,14.61,12,3925.75,0.0,2022-03-02,Closed,593,21705.09,0.424
LOAN-1898,CUST-01059,Auto,12224.18,16.95,12,1114.61,0.0,2022-07-02,Closed,708,70603.33,0.119
LOAN-1899,CUST-00704,Auto,77359.26,8.25,48,1897.66,19339.81,2021-12-07,Active,613,64119.3,0.174
LOAN-1900,CUST-00723,Auto,20609.85,6.49,48,488.67,858.74,2021-02-14,Active,532,70288.26,0.326
LOAN-1901,CUST-01352,Personal,92626.07,6.65,36,2845.22,28302.41,2022-11-07,Active,719,51481.72,0.331
LOAN-1902,CUST-00065,Personal,28223.42,17.07,120,491.77,19991.59,2022-01-24,Active,850,62139.38,0.679
LOAN-1903,CUST-00914,Student,75007.62,14.65,24,3624.41,0.0,2021-05-04,Closed,794,101189.15,0.649
LOAN-1904,CUST-00736,Auto,27080.54,7.82,36,846.36,0.0,2021-05-27,Closed,807,325225.22,0.134
LOAN-1905,CUST-01178,Business,25247.61,4.43,360,126.88,16410.95,2022-05-12,Defaulted,529,250034.1,0.304
LOAN-1906,CUST-00942,Auto,73893.54,11.83,36,2448.33,0.0,2021-10-29,Closed,628,94478.55,0.401
LOAN-1907,CUST-00317,Student,127237.19,18.06,36,4603.76,0.0,2021-11-26,Closed,561,108157.82,0.625
LOAN-1908,CUST-00776,Mortgage,58248.72,13.55,360,669.48,51776.64,2021-08-19,Active,623,87469.06,0.278
LOAN-1909,CUST-01383,Auto,14341.33,6.6,24,639.5,0.0,2021-02-04,Closed,794,103458.72,0.604
LOAN-1910,CUST-00364,Business,24187.33,13.64,360,279.71,21499.85,2021-08-24,Active,709,104790.02,0.362
LOAN-1911,CUST-00225,Auto,36925.34,6.14,24,1638.88,0.0,2022-01-10,Closed,547,22732.6,0.476
LOAN-1912,CUST-01441,Mortgage,80384.22,15.96,12,7291.81,0.0,2021-04-01,Closed,688,127727.09,0.185
LOAN-1913,CUST-00388,Mortgage,33684.95,13.73,360,391.94,29567.9,2021-04-26,Active,663,54026.06,0.615
LOAN-1914,CUST-00135,Auto,21207.83,6.21,24,941.95,0.0,2022-04-19,Closed,793,64905.82,0.172
LOAN-1915,CUST-00860,Personal,27342.12,13.24,12,2445.2,0.0,2022-01-18,Closed,654,35484.41,0.173
LOAN-1916,CUST-01439,Auto,16531.37,6.12,12,1423.71,0.0,2021-12-10,Closed,573,79792.93,0.511
LOAN-1917,CUST-01464,Business,44200.43,10.15,36,1429.34,12277.9,2022-10-22,Active,704,71199.03,0.405
LOAN-1918,CUST-00990,Business,59442.47,12.03,24,2799.0,0.0,2021-10-13,Closed,751,141715.96,0.259
LOAN-1919,CUST-00361,Auto,38794.1,10.46,48,992.51,25216.17,2021-11-27,Defaulted,677,41876.78,0.085
LOAN-1920,CUST-01311,Personal,81861.71,11.41,48,2132.09,8527.26,2021-05-27,Active,850,22409.8,0.467
LOAN-1921,CUST-00920,Auto,147808.44,11.63,36,4883.28,0.0,2021-12-17,Closed,713,140329.94,0.476
LOAN-1922,CUST-00617,Business,21249.57,11.91,36,704.88,5312.39,2022-09-25,Active,817,47855.45,0.26
LOAN-1923,CUST-00361,Personal,65716.27,8.65,120,820.07,50930.11,2022-09-09,Active,677,41876.78,0.085
LOAN-1924,CUST-01398,Personal,96800.19,12.76,36,3250.4,21511.15,2022-08-18,Active,701,26321.86,0.307
LOAN-1925,CUST-00788,Student,50763.01,7.06,120,590.97,34688.06,2021-10-10,Active,639,49914.85,0.268
LOAN-1926,CUST-00316,Student,63083.58,9.86,360,547.09,58177.08,2022-08-31,Active,772,73190.36,0.498
LOAN-1927,CUST-00171,Student,33743.81,3.55,36,989.51,9373.28,2022-10-27,Active,600,23703.26,0.406
LOAN-1928,CUST-00826,Personal,41711.19,16.94,60,1035.29,11122.98,2021-04-19,Active,660,42371.88,0.186
LOAN-1929,CUST-00681,Personal,38149.09,17.04,60,948.92,22253.64,2022-11-20,Active,744,69292.32,0.413
LOAN-1930,CUST-00016,Mortgage,21071.83,17.42,120,371.85,15101.48,2022-02-23,Active,446,50992.1,0.407
LOAN-1931,CUST-00773,Business,57328.46,16.15,24,2811.09,0.0,2021-05-04,Closed,592,66896.98,0.3
LOAN-1932,CUST-00606,Mortgage,11888.37,7.8,12,1033.05,0.0,2021-10-12,Closed,850,152902.85,0.75
LOAN-1933,CUST-01054,Business,55669.45,7.22,60,1108.11,22267.78,2021-12-12,Active,775,52413.88,0.254
LOAN-1934,CUST-01168,Student,44425.72,9.66,48,1119.51,2776.61,2021-03-23,Active,776,97544.14,0.505
LOAN-1935,CUST-00901,Student,227721.18,14.2,48,6245.69,75907.06,2022-04-24,Active,732,93458.89,0.28
LOAN-1936,CUST-00062,Personal,32513.1,9.18,24,1488.04,0.0,2022-11-09,Closed,631,24911.0,0.313
LOAN-1937,CUST-01142,Business,74284.92,18.27,48,2192.61,10833.22,2021-07-25,Active,772,67579.68,0.219
LOAN-1938,CUST-00080,Business,31606.11,4.46,120,326.95,23177.81,2022-04-21,Active,720,87251.78,0.367
LOAN-1939,CUST-01091,Auto,32619.52,9.63,60,687.14,13047.81,2021-12-11,Active,645,20137.04,0.117
LOAN-1940,CUST-01226,Mortgage,7466.89,7.72,36,233.02,622.24,2022-03-27,Active,673,23169.01,0.1
LOAN-1941,CUST-01439,Personal,7252.98,10.47,360,66.18,6588.12,2022-03-01,Active,573,79792.93,0.511
LOAN-1942,CUST-00825,Student,59760.03,10.43,24,2769.5,0.0,2022-09-11,Closed,645,27616.84,0.222
LOAN-1943,CUST-01174,Business,36716.9,13.15,12,3282.04,0.0,2021-08-01,Closed,740,67205.11,0.437
LOAN-1944,CUST-01152,Mortgage,9286.92,5.0,60,175.26,4179.11,2022-03-15,Active,695,93365.33,0.439
LOAN-1945,CUST-01144,Auto,29775.61,16.0,24,1457.91,0.0,2021-04-16,Closed,682,48521.45,0.184
LOAN-1946,CUST-00405,Mortgage,60549.09,15.86,120,1009.0,42888.94,2022-01-09,Active,782,131564.4,0.084
LOAN-1947,CUST-01451,Auto,24365.43,6.94,360,161.12,15837.53,2022-04-21,Defaulted,736,38488.36,0.479
LOAN-1948,CUST-00017,Student,66669.17,12.13,48,1759.91,43334.96,2021-02-05,Defaulted,502,67387.6,0.111
LOAN-1949,CUST-00578,Auto,26870.71,5.47,12,2306.13,0.0,2021-10-31,Closed,709,48052.79,0.293
LOAN-1950,CUST-00197,Auto,30386.07,15.66,24,1482.86,0.0,2022-01-04,Closed,682,77736.8,0.515
LOAN-1951,CUST-00578,Student,14107.1,7.67,24,635.9,0.0,2021-10-02,Closed,709,48052.79,0.293
LOAN-1952,CUST-01304,Business,20178.49,10.81,24,938.7,0.0,2021-12-19,Closed,648,25122.72,0.12
LOAN-1953,CUST-00962,Mortgage,52409.14,5.72,36,1587.75,34065.94,2022-10-30,Defaulted,746,45164.93,0.337
LOAN-1954,CUST-00924,Business,16595.79,11.04,360,158.55,10787.26,2022-10-30,Defaulted,607,216599.49,0.483
LOAN-1955,CUST-00549,Business,77181.05,13.13,360,861.63,50167.68,2021-11-08,Defaulted,663,42240.84,0.621
LOAN-1956,CUST-00126,Student,71884.54,10.07,60,1529.81,46724.95,2021-07-18,Defaulted,665,102886.05,0.25
LOAN-1957,CUST-00129,Student,11508.21,5.01,36,344.96,0.0,2021-06-07,Closed,703,84805.23,0.166
LOAN-1958,CUST-01065,Business,25729.45,12.17,60,574.55,15008.85,2022-11-28,Active,850,96639.91,0.347
LOAN-1959,CUST-00640,Mortgage,5365.14,11.43,60,117.8,2593.15,2022-05-06,Active,653,131833.9,0.531
LOAN-1960,CUST-01068,Student,24564.44,6.43,120,278.05,19037.44,2022-09-17,Active,629,68813.46,0.142
LOAN-1961,CUST-01200,Student,36097.73,11.62,120,510.0,23463.52,2021-08-09,Defaulted,711,91324.52,0.463
LOAN-1962,CUST-01188,Auto,98579.74,6.98,36,3042.95,0.0,2021-05-12,Closed,533,200081.78,0.143
LOAN-1963,CUST-00667,Business,15735.95,18.47,36,572.61,3496.88,2022-08-29,Active,808,20000.0,0.247
LOAN-1964,CUST-00993,Mortgage,28747.04,5.97,360,171.8,26591.01,2022-09-15,Late,586,20000.0,0.349
LOAN-1965,CUST-01090,Auto,56017.11,18.5,60,1437.75,29875.79,2022-08-17,Active,633,46861.25,0.405
LOAN-1966,CUST-01058,Auto,77353.9,11.51,360,766.62,71982.1,2022-11-24,Active,668,58886.14,0.391
LOAN-1967,CUST-00454,Mortgage,21989.14,10.76,360,205.43,19606.98,2021-09-09,Active,796,37486.88,0.211
LOAN-1968,CUST-01156,Auto,39537.71,4.46,60,736.38,21745.74,2022-09-12,Active,783,35420.59,0.583
LOAN-1969,CUST-00727,Mortgage,72478.5,8.85,120,912.25,50130.96,2021-11-10,Active,753,47539.25,0.091
LOAN-1970,CUST-00963,Auto,33480.7,8.95,120,423.21,22878.48,2021-10-18,Active,661,47346.95,0.254
LOAN-1971,CUST-00250,Student,46569.23,11.21,120,647.04,28717.69,2021-02-03,Active,725,57308.1,0.144
LOAN-1972,CUST-01450,Auto,61706.9,13.46,36,2092.85,1714.08,2022-01-09,Active,850,47252.69,0.091
LOAN-1973,CUST-01459,Mortgage,21183.43,4.67,36,631.75,0.0,2021-10-29,Closed,644,21369.46,0.523
LOAN-1974,CUST-01323,Business,11666.92,5.63,12,1002.15,0.0,2021-09-07,Closed,709,66542.91,0.352
LOAN-1975,CUST-00882,Business,142245.36,4.72,360,739.45,128415.95,2022-01-05,Active,534,43118.52,0.298
LOAN-1976,CUST-00058,Personal,16255.54,14.08,360,193.64,14223.6,2021-03-05,Active,793,166538.51,0.353
LOAN-1977,CUST-01252,Personal,28208.41,11.31,12,2497.19,0.0,2022-11-04,Closed,586,60677.74,0.076
LOAN-1978,CUST-01256,Auto,59521.78,6.9,120,688.03,43649.31,2022-04-16,Active,694,34458.82,0.206
LOAN-1979,CUST-00601,Student,31685.15,18.01,360,477.78,20595.35,2022-05-04,Defaulted,550,133507.63,0.316
LOAN-1980,CUST-00031,Student,37876.07,13.67,24,1812.64,0.0,2021-12-07,Closed,751,55922.79,0.193
LOAN-1981,CUST-00489,Business,54835.74,17.85,36,1978.32,0.0,2021-11-25,Closed,669,107183.83,0.554
LOAN-1982,CUST-00808,Student,16953.81,8.31,60,346.28,4521.02,2021-04-17,Active,723,33536.53,0.124
LOAN-1983,CUST-00778,Business,32282.66,17.64,120,574.22,24211.99,2022-06-09,Active,689,25078.78,0.315
LOAN-1984,CUST-01496,Mortgage,12591.48,7.87,60,254.53,8184.46,2022-09-08,Defaulted,664,103431.03,0.454
LOAN-1985,CUST-00814,Student,46015.2,10.86,120,630.22,32594.1,2022-01-30,Late,634,83684.13,0.29
LOAN-1986,CUST-00790,Auto,28325.59,16.21,60,691.99,16523.26,2022-11-06,Active,730,73000.12,0.418
LOAN-1987,CUST-01319,Auto,16086.87,9.46,120,207.81,11931.1,2022-05-07,Active,699,62228.52,0.099
LOAN-1988,CUST-01379,Personal,48804.16,15.15,36,1695.4,10845.37,2022-08-10,Active,595,127768.9,0.23
LOAN-1989,CUST-01405,Auto,28326.15,9.53,360,238.8,25572.22,2022-01-17,Late,662,86717.42,0.054
LOAN-1990,CUST-01334,Mortgage,41807.44,8.56,24,1901.53,0.0,2022-07-20,Closed,765,45127.68,0.373
LOAN-1991,CUST-00438,Student,32931.72,4.78,48,755.12,21405.62,2021-08-18,Defaulted,627,63743.86,0.283
LOAN-1992,CUST-00610,Auto,72210.39,4.67,60,1351.81,37308.7,2022-07-17,Late,589,104699.69,0.606
LOAN-1993,CUST-00003,Business,37346.21,15.91,12,3386.86,0.0,2021-08-28,Closed,593,43947.1,0.446
LOAN-1994,CUST-01106,Mortgage,31881.23,6.1,360,193.2,20722.8,2022-02-14,Defaulted,589,119054.99,0.363
LOAN-1995,CUST-00580,Mortgage,32909.67,12.03,360,339.27,21391.29,2021-12-19,Defaulted,649,35116.69,0.451
LOAN-1996,CUST-00681,Business,20224.02,14.5,12,1820.62,0.0,2022-07-17,Closed,744,69292.32,0.413
LOAN-1997,CUST-00772,Mortgage,11878.87,4.97,24,520.98,0.0,2021-03-20,Closed,691,39270.34,0.41
LOAN-1998,CUST-01048,Personal,77317.92,12.93,12,6903.29,0.0,2022-05-11,Closed,738,24144.1,0.375
LOAN-1999,CUST-00351,Mortgage,10940.9,5.6,12,939.63,0.0,2021-10-26,Closed,747,48392.26,0.447
LOAN-2000,CUST-00302,Personal,47148.58,12.37,36,1574.35,3929.05,2022-03-17,Late,617,54737.98,0.232
